ISO-10303-21;
HEADER;
FILE_DESCRIPTION(('STEP AP214'),'1');
FILE_NAME('UFQFPN-48_7X7X0P5MM','2026-08-07T01:27:31',(''),(''),'','','');
FILE_SCHEMA(('AUTOMOTIVE_DESIGN'));
ENDSEC;
DATA;
#1=SHAPE_DEFINITION_REPRESENTATION(#2,#3);
#2=PRODUCT_DEFINITION_SHAPE('',$,#4);
#3=SHAPE_REPRESENTATION('',(#188,#244,#540,#837,#1699,#2561,#3423,#4285,#5147,#6009,#6871,#7733,#8595,#9457,#10319,#11181,#12043,#12905,#13767,#14629,#15491,#16353,#17215,#18077,#18939,#19801,#20663,#21525,#22387,#23249,#24111,#24973,#25835,#26697,#27559,#28421,#29283,#30145,#31007,#31869,#32731,#33593,#34455,#35317,#36179,#37041,#37903,#38765,#39627,#40489,#41351,#19),#11);
#4=PRODUCT_DEFINITION('design','example product_definition',#6,#5);
#5=PRODUCT_DEFINITION_CONTEXT('3D Mechanical Parts',#10,'design');
#6=PRODUCT_DEFINITION_FORMATION('1.0','first version',#8);
#7=APPLICATION_PROTOCOL_DEFINITION('international standard','automotive_design',2003,#10);
#8=PRODUCT('product','part','',(#9));
#9=PRODUCT_CONTEXT('3D Mechanical Parts',#10,'mechanical');
#10=APPLICATION_CONTEXT('Core Data for Automotive Mechanical Design Process');
#11=(GEOMETRIC_REPRESENTATION_CONTEXT(3) GLOBAL_UNCERTAINTY_ASSIGNED_CONTEXT((#12)) GLOBAL_UNIT_ASSIGNED_CONTEXT((#13,#14,#18)) REPRESENTATION_CONTEXT('ID1','3D'));
#12=UNCERTAINTY_MEASURE_WITH_UNIT(LENGTH_MEASURE(1.E-005),#13,'DISTANCE_ACCURACY_VALUE','Maximum model space distance between geometric entities at asserted connectivities');
#13=(LENGTH_UNIT() NAMED_UNIT(*) SI_UNIT(.MILLI.,.METRE.));
#14=(CONVERSION_BASED_UNIT('degree',#16) NAMED_UNIT(#15) PLANE_ANGLE_UNIT());
#15=DIMENSIONAL_EXPONENTS(0.,0.,0.,0.,0.,0.,0.);
#16=MEASURE_WITH_UNIT(PLANE_ANGLE_MEASURE(0.01745329252),#17);
#17=(NAMED_UNIT(*) PLANE_ANGLE_UNIT() SI_UNIT($,.RADIAN.));
#18=(NAMED_UNIT(*) SI_UNIT($,.STERADIAN.) SOLID_ANGLE_UNIT());
#19=AXIS2_PLACEMENT_3D('',#20,#21,#22);
#20=CARTESIAN_POINT('',(0.0,0.0,0.0));
#21=DIRECTION('',(0.0,0.0,1.0));
#22=DIRECTION('',(1.0,0.0,0.0));
#25=MECHANICAL_DESIGN_GEOMETRIC_PRESENTATION_REPRESENTATION($,(#240,#241,#242,#246,#295,#344,#393,#442,#491,#542,#591,#640,#689,#738,#787,#839,#888,#937,#1006,#1075,#1127,#1179,#1232,#1701,#1750,#1799,#1868,#1937,#1989,#2041,#2094,#2563,#2612,#2661,#2730,#2799,#2851,#2903,#2956,#3425,#3474,#3523,#3592,#3661,#3713,#3765,#3818,#4287,#4336,#4385,#4454,#4523,#4575,#4627,#4680,#5149,#5198,#5247,#5316,#5385,#5437,#5489,#5542,#6011,#6060,#6109,#6178,#6247,#6299,#6351,#6404,#6873,#6922,#6971,#7040,#7109,#7161,#7213,#7266,#7735,#7784,#7833,#7902,#7971,#8023,#8075,#8128,#8597,#8646,#8695,#8764,#8833,#8885,#8937,#8990,#9459,#9508,#9557,#9626,#9695,#9747,#9799,#9852,#10321,#10370,#10419,#10488,#10557,#10609,#10661,#10714,#11183,#11232,#11281,#11350,#11419,#11471,#11523,#11576,#12045,#12094,#12143,#12212,#12281,#12333,#12385,#12438,#12907,#12956,#13005,#13074,#13143,#13195,#13247,#13300,#13769,#13818,#13867,#13936,#14005,#14057,#14109,#14162,#14631,#14680,#14729,#14798,#14867,#14919,#14971,#15024,#15493,#15542,#15591,#15660,#15729,#15781,#15833,#15886,#16355,#16404,#16453,#16522,#16591,#16643,#16695,#16748,#17217,#17266,#17315,#17384,#17453,#17505,#17557,#17610,#18079,#18128,#18177,#18246,#18315,#18367,#18419,#18472,#18941,#18990,#19039,#19108,#19177,#19229,#19281,#19334,#19803,#19852,#19901,#19970,#20039,#20091,#20143,#20196,#20665,#20714,#20763,#20832,#20901,#20953,#21005,#21058,#21527,#21576,#21625,#21694,#21763,#21815,#21867,#21920,#22389,#22438,#22487,#22556,#22625,#22677,#22729,#22782,#23251,#23300,#23349,#23418,#23487,#23539,#23591,#23644,#24113,#24162,#24211,#24280,#24349,#24401,#24453,#24506,#24975,#25024,#25073,#25142,#25211,#25263,#25315,#25368,#25837,#25886,#25935,#26004,#26073,#26125,#26177,#26230,#26699,#26748,#26797,#26866,#26935,#26987,#27039,#27092,#27561,#27610,#27659,#27728,#27797,#27849,#27901,#27954,#28423,#28472,#28521,#28590,#28659,#28711,#28763,#28816,#29285,#29334,#29383,#29452,#29521,#29573,#29625,#29678,#30147,#30196,#30245,#30314,#30383,#30435,#30487,#30540,#31009,#31058,#31107,#31176,#31245,#31297,#31349,#31402,#31871,#31920,#31969,#32038,#32107,#32159,#32211,#32264,#32733,#32782,#32831,#32900,#32969,#33021,#33073,#33126,#33595,#33644,#33693,#33762,#33831,#33883,#33935,#33988,#34457,#34506,#34555,#34624,#34693,#34745,#34797,#34850,#35319,#35368,#35417,#35486,#35555,#35607,#35659,#35712,#36181,#36230,#36279,#36348,#36417,#36469,#36521,#36574,#37043,#37092,#37141,#37210,#37279,#37331,#37383,#37436,#37905,#37954,#38003,#38072,#38141,#38193,#38245,#38298,#38767,#38816,#38865,#38934,#39003,#39055,#39107,#39160,#39629,#39678,#39727,#39796,#39865,#39917,#39969,#40022,#40491,#40540,#40589,#40658,#40727,#40779,#40831,#40884,#41353,#41402,#41451,#41520,#41589,#41641,#41693,#41746),#11);
#26=PRODUCT_CATEGORY_RELATIONSHIP('','',#27,#28);
#27=PRODUCT_CATEGORY('part','');
#28=PRODUCT_RELATED_PRODUCT_CATEGORY('','',(#8));
#34=PRESENTATION_STYLE_ASSIGNMENT((#35,#40));
#35=SURFACE_STYLE_USAGE(.BOTH.,#36);
#36=SURFACE_SIDE_STYLE('',(#37));
#37=SURFACE_STYLE_FILL_AREA(#38);
#38=FILL_AREA_STYLE('',(#39));
#39=FILL_AREA_STYLE_COLOUR('',#41);
#40=CURVE_STYLE('',#42,POSITIVE_LENGTH_MEASURE(0.1),#41);
#41=COLOUR_RGB('Aluminum',0.725,0.725,0.725);
#42=DRAUGHTING_PRE_DEFINED_CURVE_FONT('continuous');
#43=PRESENTATION_STYLE_ASSIGNMENT((#44,#49));
#44=SURFACE_STYLE_USAGE(.BOTH.,#45);
#45=SURFACE_SIDE_STYLE('',(#46));
#46=SURFACE_STYLE_FILL_AREA(#47);
#47=FILL_AREA_STYLE('',(#48));
#48=FILL_AREA_STYLE_COLOUR('',#50);
#49=CURVE_STYLE('',#51,POSITIVE_LENGTH_MEASURE(0.1),#50);
#50=COLOUR_RGB('Black',0.196,0.196,0.196);
#51=DRAUGHTING_PRE_DEFINED_CURVE_FONT('continuous');
#52=PRESENTATION_STYLE_ASSIGNMENT((#53,#58));
#53=SURFACE_STYLE_USAGE(.BOTH.,#54);
#54=SURFACE_SIDE_STYLE('',(#55));
#55=SURFACE_STYLE_FILL_AREA(#56);
#56=FILL_AREA_STYLE('',(#57));
#57=FILL_AREA_STYLE_COLOUR('',#59);
#58=CURVE_STYLE('',#60,POSITIVE_LENGTH_MEASURE(0.1),#59);
#59=COLOUR_RGB('Pin1',0.588,0.588,0.588);
#60=DRAUGHTING_PRE_DEFINED_CURVE_FONT('continuous');
#61=PRESENTATION_STYLE_ASSIGNMENT((#62,#67));
#62=SURFACE_STYLE_USAGE(.BOTH.,#63);
#63=SURFACE_SIDE_STYLE('',(#64));
#64=SURFACE_STYLE_FILL_AREA(#65);
#65=FILL_AREA_STYLE('',(#66));
#66=FILL_AREA_STYLE_COLOUR('',#68);
#67=CURVE_STYLE('',#69,POSITIVE_LENGTH_MEASURE(0.1),#68);
#68=COLOUR_RGB('HeatTab',0.588,0.588,0.588);
#69=DRAUGHTING_PRE_DEFINED_CURVE_FONT('continuous');
#70=PRESENTATION_STYLE_ASSIGNMENT((#71,#76));
#71=SURFACE_STYLE_USAGE(.BOTH.,#72);
#72=SURFACE_SIDE_STYLE('',(#73));
#73=SURFACE_STYLE_FILL_AREA(#74);
#74=FILL_AREA_STYLE('',(#75));
#75=FILL_AREA_STYLE_COLOUR('',#77);
#76=CURVE_STYLE('',#78,POSITIVE_LENGTH_MEASURE(0.1),#77);
#77=COLOUR_RGB('Gold',0.843,0.686,0.0);
#78=DRAUGHTING_PRE_DEFINED_CURVE_FONT('continuous');
#79=PRESENTATION_STYLE_ASSIGNMENT((#80,#85));
#80=SURFACE_STYLE_USAGE(.BOTH.,#81);
#81=SURFACE_SIDE_STYLE('',(#82));
#82=SURFACE_STYLE_FILL_AREA(#83);
#83=FILL_AREA_STYLE('',(#84));
#84=FILL_AREA_STYLE_COLOUR('',#86);
#85=CURVE_STYLE('',#87,POSITIVE_LENGTH_MEASURE(0.1),#86);
#86=COLOUR_RGB('Brown',0.459,0.345,0.176);
#87=DRAUGHTING_PRE_DEFINED_CURVE_FONT('continuous');
#88=PRESENTATION_STYLE_ASSIGNMENT((#89,#94));
#89=SURFACE_STYLE_USAGE(.BOTH.,#90);
#90=SURFACE_SIDE_STYLE('',(#91));
#91=SURFACE_STYLE_FILL_AREA(#92);
#92=FILL_AREA_STYLE('',(#93));
#93=FILL_AREA_STYLE_COLOUR('',#95);
#94=CURVE_STYLE('',#96,POSITIVE_LENGTH_MEASURE(0.1),#95);
#95=COLOUR_RGB('Tan',0.784,0.686,0.51);
#96=DRAUGHTING_PRE_DEFINED_CURVE_FONT('continuous');
#97=PRESENTATION_STYLE_ASSIGNMENT((#98,#103));
#98=SURFACE_STYLE_USAGE(.BOTH.,#99);
#99=SURFACE_SIDE_STYLE('',(#100));
#100=SURFACE_STYLE_FILL_AREA(#101);
#101=FILL_AREA_STYLE('',(#102));
#102=FILL_AREA_STYLE_COLOUR('',#104);
#103=CURVE_STYLE('',#105,POSITIVE_LENGTH_MEASURE(0.1),#104);
#104=COLOUR_RGB('Gray',0.431,0.431,0.431);
#105=DRAUGHTING_PRE_DEFINED_CURVE_FONT('continuous');
#106=PRESENTATION_STYLE_ASSIGNMENT((#107,#112));
#107=SURFACE_STYLE_USAGE(.BOTH.,#108);
#108=SURFACE_SIDE_STYLE('',(#109));
#109=SURFACE_STYLE_FILL_AREA(#110);
#110=FILL_AREA_STYLE('',(#111));
#111=FILL_AREA_STYLE_COLOUR('',#113);
#112=CURVE_STYLE('',#114,POSITIVE_LENGTH_MEASURE(0.1),#113);
#113=COLOUR_RGB('Red',0.6,0.0,0.0);
#114=DRAUGHTING_PRE_DEFINED_CURVE_FONT('continuous');
#115=PRESENTATION_STYLE_ASSIGNMENT((#116,#121));
#116=SURFACE_STYLE_USAGE(.BOTH.,#117);
#117=SURFACE_SIDE_STYLE('',(#118));
#118=SURFACE_STYLE_FILL_AREA(#119);
#119=FILL_AREA_STYLE('',(#120));
#120=FILL_AREA_STYLE_COLOUR('',#122);
#121=CURVE_STYLE('',#123,POSITIVE_LENGTH_MEASURE(0.1),#122);
#122=COLOUR_RGB('Blue',0.157,0.157,0.588);
#123=DRAUGHTING_PRE_DEFINED_CURVE_FONT('continuous');
#124=PRESENTATION_STYLE_ASSIGNMENT((#125,#130));
#125=SURFACE_STYLE_USAGE(.BOTH.,#126);
#126=SURFACE_SIDE_STYLE('',(#127));
#127=SURFACE_STYLE_FILL_AREA(#128);
#128=FILL_AREA_STYLE('',(#129));
#129=FILL_AREA_STYLE_COLOUR('',#131);
#130=CURVE_STYLE('',#132,POSITIVE_LENGTH_MEASURE(0.1),#131);
#131=COLOUR_RGB('Maroon',0.294,0.0,0.0);
#132=DRAUGHTING_PRE_DEFINED_CURVE_FONT('continuous');
#133=PRESENTATION_STYLE_ASSIGNMENT((#134,#139));
#134=SURFACE_STYLE_USAGE(.BOTH.,#135);
#135=SURFACE_SIDE_STYLE('',(#136));
#136=SURFACE_STYLE_FILL_AREA(#137);
#137=FILL_AREA_STYLE('',(#138));
#138=FILL_AREA_STYLE_COLOUR('',#140);
#139=CURVE_STYLE('',#141,POSITIVE_LENGTH_MEASURE(0.1),#140);
#140=COLOUR_RGB('Green',0.0,0.294,0.0);
#141=DRAUGHTING_PRE_DEFINED_CURVE_FONT('continuous');
#142=PRESENTATION_STYLE_ASSIGNMENT((#143,#148));
#143=SURFACE_STYLE_USAGE(.BOTH.,#144);
#144=SURFACE_SIDE_STYLE('',(#145));
#145=SURFACE_STYLE_FILL_AREA(#146);
#146=FILL_AREA_STYLE('',(#147));
#147=FILL_AREA_STYLE_COLOUR('',#149);
#148=CURVE_STYLE('',#150,POSITIVE_LENGTH_MEASURE(0.1),#149);
#149=COLOUR_RGB('Pin1Wrap',0.98,0.706,0.176);
#150=DRAUGHTING_PRE_DEFINED_CURVE_FONT('continuous');
#151=PRESENTATION_STYLE_ASSIGNMENT((#152,#157));
#152=SURFACE_STYLE_USAGE(.BOTH.,#153);
#153=SURFACE_SIDE_STYLE('',(#154));
#154=SURFACE_STYLE_FILL_AREA(#155);
#155=FILL_AREA_STYLE('',(#156));
#156=FILL_AREA_STYLE_COLOUR('',#158);
#157=CURVE_STYLE('',#159,POSITIVE_LENGTH_MEASURE(0.1),#158);
#158=COLOUR_RGB('Pin1Rad',0.588,0.588,0.588);
#159=DRAUGHTING_PRE_DEFINED_CURVE_FONT('continuous');
#160=PRESENTATION_STYLE_ASSIGNMENT((#161,#166));
#161=SURFACE_STYLE_USAGE(.BOTH.,#162);
#162=SURFACE_SIDE_STYLE('',(#163));
#163=SURFACE_STYLE_FILL_AREA(#164);
#164=FILL_AREA_STYLE('',(#165));
#165=FILL_AREA_STYLE_COLOUR('',#167);
#166=CURVE_STYLE('',#168,POSITIVE_LENGTH_MEASURE(0.1),#167);
#167=COLOUR_RGB('Pin1Axial',0.98,0.706,0.176);
#168=DRAUGHTING_PRE_DEFINED_CURVE_FONT('continuous');
#169=PRESENTATION_STYLE_ASSIGNMENT((#170,#175));
#170=SURFACE_STYLE_USAGE(.BOTH.,#171);
#171=SURFACE_SIDE_STYLE('',(#172));
#172=SURFACE_STYLE_FILL_AREA(#173);
#173=FILL_AREA_STYLE('',(#174));
#174=FILL_AREA_STYLE_COLOUR('',#176);
#175=CURVE_STYLE('',#177,POSITIVE_LENGTH_MEASURE(0.1),#176);
#176=COLOUR_RGB('Pin1Tant',0.459,0.345,0.176);
#177=DRAUGHTING_PRE_DEFINED_CURVE_FONT('continuous');
#178=PRESENTATION_STYLE_ASSIGNMENT((#179,#184));
#179=SURFACE_STYLE_USAGE(.BOTH.,#180);
#180=SURFACE_SIDE_STYLE('',(#181));
#181=SURFACE_STYLE_FILL_AREA(#182);
#182=FILL_AREA_STYLE('',(#183));
#183=FILL_AREA_STYLE_COLOUR('',#185);
#184=CURVE_STYLE('',#186,POSITIVE_LENGTH_MEASURE(0.1),#185);
#185=COLOUR_RGB('Shroud',0.235,0.235,0.235);
#186=DRAUGHTING_PRE_DEFINED_CURVE_FONT('continuous');
#188=MANIFOLD_SOLID_BREP($,#189);
#189=CLOSED_SHELL('',(#190,#191,#192));
#190=ADVANCED_FACE($,(#196,#195),#213,.T.);
#191=ADVANCED_FACE($,(#197),#193,.F.);
#192=ADVANCED_FACE($,(#198),#194,.T.);
#193=PLANE($,#218);
#194=PLANE($,#219);
#195=FACE_BOUND($,#200,.T.);
#196=FACE_OUTER_BOUND($,#199,.T.);
#197=FACE_OUTER_BOUND($,#201,.T.);
#198=FACE_OUTER_BOUND($,#202,.T.);
#199=EDGE_LOOP($,(#209));
#200=EDGE_LOOP($,(#210));
#201=EDGE_LOOP($,(#211));
#202=EDGE_LOOP($,(#212));
#203=CIRCLE($,#216,0.177500026);
#204=CIRCLE($,#217,0.177500026);
#205=VERTEX_POINT('',#234);
#206=VERTEX_POINT('',#236);
#207=EDGE_CURVE($,#205,#205,#203,.T.);
#208=EDGE_CURVE($,#206,#206,#204,.T.);
#209=ORIENTED_EDGE($,*,*,#207,.F.);
#210=ORIENTED_EDGE($,*,*,#208,.F.);
#211=ORIENTED_EDGE($,*,*,#208,.T.);
#212=ORIENTED_EDGE($,*,*,#207,.T.);
#213=CYLINDRICAL_SURFACE($,#215,0.177500026);
#214=AXIS2_PLACEMENT_3D('placement',#232,#220,#221);
#215=AXIS2_PLACEMENT_3D($,#233,#222,#223);
#216=AXIS2_PLACEMENT_3D($,#235,#224,#225);
#217=AXIS2_PLACEMENT_3D($,#237,#226,#227);
#218=AXIS2_PLACEMENT_3D($,#238,#228,#229);
#219=AXIS2_PLACEMENT_3D($,#239,#230,#231);
#220=DIRECTION('axis',(0.,1.,0.));
#221=DIRECTION('refdir',(1.,0.,0.));
#222=DIRECTION('',(0.,0.,1.));
#223=DIRECTION('',(1.,0.,0.));
#224=DIRECTION('',(0.,0.,1.));
#225=DIRECTION('',(1.,0.,0.));
#226=DIRECTION('',(0.,0.,-1.));
#227=DIRECTION('',(1.,0.,0.));
#228=DIRECTION('',(0.,0.,1.));
#229=DIRECTION('',(0.,1.,0.));
#230=DIRECTION('',(0.,0.,1.));
#231=DIRECTION('',(0.,1.,0.));
#232=CARTESIAN_POINT('',(0.,0.,0.));
#233=CARTESIAN_POINT('',(-2.84,2.75,1.397));
#234=CARTESIAN_POINT('',(-3.018,2.75,1.4));
#235=CARTESIAN_POINT('',(-2.84,2.75,1.4));
#236=CARTESIAN_POINT('',(-3.018,2.75,1.397));
#237=CARTESIAN_POINT('',(-2.84,2.75,1.397));
#238=CARTESIAN_POINT('',(-2.84,2.75,1.397));
#239=CARTESIAN_POINT('',(-2.84,2.75,1.4));
#240=STYLED_ITEM('color',(#52),#190);
#241=STYLED_ITEM('color',(#52),#191);
#242=STYLED_ITEM('color',(#52),#192);
#244=MANIFOLD_SOLID_BREP($,#245);
#245=CLOSED_SHELL('',(#247,#296,#345,#394,#443,#492));
#246=STYLED_ITEM('',(#43),#247);
#247=ADVANCED_FACE('',(#253),#248,.T.);
#248=PLANE('',#249);
#249=AXIS2_PLACEMENT_3D('',#250,#251,#252);
#250=CARTESIAN_POINT('',(-3.55,-3.55,0.051));
#251=DIRECTION('',(0.0,-1.0,0.0));
#252=DIRECTION('',(0.,0.,1.));
#253=FACE_OUTER_BOUND('',#254,.T.);
#254=EDGE_LOOP('',(#255,#265,#275,#285));
#258=CARTESIAN_POINT('',(3.55,-3.55,0.051));
#257=VERTEX_POINT('',#258);
#260=CARTESIAN_POINT('',(-3.55,-3.55,0.051));
#259=VERTEX_POINT('',#260);
#256=EDGE_CURVE('',#257,#259,#261,.T.);
#261=LINE('',#258,#263);
#263=VECTOR('',#264,7.10000104);
#264=DIRECTION('',(-1.0,0.0,0.0));
#255=ORIENTED_EDGE('',*,*,#256,.F.);
#268=CARTESIAN_POINT('',(3.55,-3.55,1.397));
#267=VERTEX_POINT('',#268);
#266=EDGE_CURVE('',#267,#257,#271,.T.);
#271=LINE('',#268,#273);
#273=VECTOR('',#274,1.3461746);
#274=DIRECTION('',(0.0,0.0,-1.0));
#265=ORIENTED_EDGE('',*,*,#266,.F.);
#278=CARTESIAN_POINT('',(-3.55,-3.55,1.397));
#277=VERTEX_POINT('',#278);
#276=EDGE_CURVE('',#277,#267,#281,.T.);
#281=LINE('',#278,#283);
#283=VECTOR('',#284,7.10000104);
#284=DIRECTION('',(1.0,0.0,0.0));
#275=ORIENTED_EDGE('',*,*,#276,.F.);
#286=EDGE_CURVE('',#259,#277,#291,.T.);
#291=LINE('',#260,#293);
#293=VECTOR('',#294,1.3461746);
#294=DIRECTION('',(0.0,0.0,1.0));
#285=ORIENTED_EDGE('',*,*,#286,.F.);
#295=STYLED_ITEM('',(#43),#296);
#296=ADVANCED_FACE('',(#302),#297,.T.);
#297=PLANE('',#298);
#298=AXIS2_PLACEMENT_3D('',#299,#300,#301);
#299=CARTESIAN_POINT('',(3.55,-3.55,0.051));
#300=DIRECTION('',(1.0,0.0,0.0));
#301=DIRECTION('',(0.,0.,1.));
#302=FACE_OUTER_BOUND('',#303,.T.);
#303=EDGE_LOOP('',(#304,#314,#324,#334));
#307=CARTESIAN_POINT('',(3.55,3.55,0.051));
#306=VERTEX_POINT('',#307);
#305=EDGE_CURVE('',#306,#257,#310,.T.);
#310=LINE('',#307,#312);
#312=VECTOR('',#313,7.10000104);
#313=DIRECTION('',(0.0,-1.0,0.0));
#304=ORIENTED_EDGE('',*,*,#305,.F.);
#317=CARTESIAN_POINT('',(3.55,3.55,1.397));
#316=VERTEX_POINT('',#317);
#315=EDGE_CURVE('',#316,#306,#320,.T.);
#320=LINE('',#317,#322);
#322=VECTOR('',#323,1.3461746);
#323=DIRECTION('',(0.0,0.0,-1.0));
#314=ORIENTED_EDGE('',*,*,#315,.F.);
#325=EDGE_CURVE('',#267,#316,#330,.T.);
#330=LINE('',#268,#332);
#332=VECTOR('',#333,7.10000104);
#333=DIRECTION('',(0.0,1.0,0.0));
#324=ORIENTED_EDGE('',*,*,#325,.F.);
#334=ORIENTED_EDGE('',*,*,#266,.T.);
#344=STYLED_ITEM('',(#43),#345);
#345=ADVANCED_FACE('',(#351),#346,.T.);
#346=PLANE('',#347);
#347=AXIS2_PLACEMENT_3D('',#348,#349,#350);
#348=CARTESIAN_POINT('',(3.55,3.55,0.051));
#349=DIRECTION('',(0.0,1.0,0.0));
#350=DIRECTION('',(0.,0.,1.));
#351=FACE_OUTER_BOUND('',#352,.T.);
#352=EDGE_LOOP('',(#353,#363,#373,#383));
#356=CARTESIAN_POINT('',(-3.55,3.55,0.051));
#355=VERTEX_POINT('',#356);
#354=EDGE_CURVE('',#355,#306,#359,.T.);
#359=LINE('',#356,#361);
#361=VECTOR('',#362,7.10000104);
#362=DIRECTION('',(1.0,0.0,0.0));
#353=ORIENTED_EDGE('',*,*,#354,.F.);
#366=CARTESIAN_POINT('',(-3.55,3.55,1.397));
#365=VERTEX_POINT('',#366);
#364=EDGE_CURVE('',#365,#355,#369,.T.);
#369=LINE('',#366,#371);
#371=VECTOR('',#372,1.3461746);
#372=DIRECTION('',(0.0,0.0,-1.0));
#363=ORIENTED_EDGE('',*,*,#364,.F.);
#374=EDGE_CURVE('',#316,#365,#379,.T.);
#379=LINE('',#317,#381);
#381=VECTOR('',#382,7.10000104);
#382=DIRECTION('',(-1.0,0.0,0.0));
#373=ORIENTED_EDGE('',*,*,#374,.F.);
#383=ORIENTED_EDGE('',*,*,#315,.T.);
#393=STYLED_ITEM('',(#43),#394);
#394=ADVANCED_FACE('',(#400),#395,.T.);
#395=PLANE('',#396);
#396=AXIS2_PLACEMENT_3D('',#397,#398,#399);
#397=CARTESIAN_POINT('',(-3.55,3.55,0.051));
#398=DIRECTION('',(-1.0,0.0,0.0));
#399=DIRECTION('',(0.,0.,1.));
#400=FACE_OUTER_BOUND('',#401,.T.);
#401=EDGE_LOOP('',(#402,#412,#422,#432));
#403=EDGE_CURVE('',#259,#355,#408,.T.);
#408=LINE('',#260,#410);
#410=VECTOR('',#411,7.10000104);
#411=DIRECTION('',(0.0,1.0,0.0));
#402=ORIENTED_EDGE('',*,*,#403,.F.);
#412=ORIENTED_EDGE('',*,*,#286,.T.);
#423=EDGE_CURVE('',#365,#277,#428,.T.);
#428=LINE('',#366,#430);
#430=VECTOR('',#431,7.10000104);
#431=DIRECTION('',(0.0,-1.0,0.0));
#422=ORIENTED_EDGE('',*,*,#423,.F.);
#432=ORIENTED_EDGE('',*,*,#364,.T.);
#442=STYLED_ITEM('',(#43),#443);
#443=ADVANCED_FACE('',(#449),#444,.T.);
#444=PLANE('',#445);
#445=AXIS2_PLACEMENT_3D('',#446,#447,#448);
#446=CARTESIAN_POINT('',(-3.55,3.55,0.051));
#447=DIRECTION('',(0.0,0.0,-1.0));
#448=DIRECTION('',(0.,1.,0.));
#449=FACE_OUTER_BOUND('',#450,.T.);
#450=EDGE_LOOP('',(#451,#461,#471,#481));
#451=ORIENTED_EDGE('',*,*,#354,.T.);
#461=ORIENTED_EDGE('',*,*,#305,.T.);
#471=ORIENTED_EDGE('',*,*,#256,.T.);
#481=ORIENTED_EDGE('',*,*,#403,.T.);
#491=STYLED_ITEM('',(#43),#492);
#492=ADVANCED_FACE('',(#498),#493,.T.);
#493=PLANE('',#494);
#494=AXIS2_PLACEMENT_3D('',#495,#496,#497);
#495=CARTESIAN_POINT('',(-3.55,-3.55,1.397));
#496=DIRECTION('',(0.0,0.0,1.0));
#497=DIRECTION('',(0.,1.,0.));
#498=FACE_OUTER_BOUND('',#499,.T.);
#499=EDGE_LOOP('',(#500,#510,#520,#530));
#500=ORIENTED_EDGE('',*,*,#276,.T.);
#510=ORIENTED_EDGE('',*,*,#325,.T.);
#520=ORIENTED_EDGE('',*,*,#374,.T.);
#530=ORIENTED_EDGE('',*,*,#423,.T.);
#540=MANIFOLD_SOLID_BREP($,#541);
#541=CLOSED_SHELL('',(#543,#592,#641,#690,#739,#788));
#542=STYLED_ITEM('',(#61),#543);
#543=ADVANCED_FACE('',(#549),#544,.T.);
#544=PLANE('',#545);
#545=AXIS2_PLACEMENT_3D('',#546,#547,#548);
#546=CARTESIAN_POINT('',(-2.8,-2.8,0.0));
#547=DIRECTION('',(0.0,-1.0,0.0));
#548=DIRECTION('',(0.,0.,1.));
#549=FACE_OUTER_BOUND('',#550,.T.);
#550=EDGE_LOOP('',(#551,#561,#571,#581));
#554=CARTESIAN_POINT('',(2.8,-2.8,0.0));
#553=VERTEX_POINT('',#554);
#556=CARTESIAN_POINT('',(-2.8,-2.8,0.0));
#555=VERTEX_POINT('',#556);
#552=EDGE_CURVE('',#553,#555,#557,.T.);
#557=LINE('',#554,#559);
#559=VECTOR('',#560,5.59999896);
#560=DIRECTION('',(-1.0,0.0,0.0));
#551=ORIENTED_EDGE('',*,*,#552,.F.);
#564=CARTESIAN_POINT('',(2.8,-2.8,0.051));
#563=VERTEX_POINT('',#564);
#562=EDGE_CURVE('',#563,#553,#567,.T.);
#567=LINE('',#564,#569);
#569=VECTOR('',#570,0.0508);
#570=DIRECTION('',(0.0,0.0,-1.0));
#561=ORIENTED_EDGE('',*,*,#562,.F.);
#574=CARTESIAN_POINT('',(-2.8,-2.8,0.051));
#573=VERTEX_POINT('',#574);
#572=EDGE_CURVE('',#573,#563,#577,.T.);
#577=LINE('',#574,#579);
#579=VECTOR('',#580,5.59999896);
#580=DIRECTION('',(1.0,0.0,0.0));
#571=ORIENTED_EDGE('',*,*,#572,.F.);
#582=EDGE_CURVE('',#555,#573,#587,.T.);
#587=LINE('',#556,#589);
#589=VECTOR('',#590,0.0508);
#590=DIRECTION('',(0.0,0.0,1.0));
#581=ORIENTED_EDGE('',*,*,#582,.F.);
#591=STYLED_ITEM('',(#61),#592);
#592=ADVANCED_FACE('',(#598),#593,.T.);
#593=PLANE('',#594);
#594=AXIS2_PLACEMENT_3D('',#595,#596,#597);
#595=CARTESIAN_POINT('',(2.8,-2.8,0.0));
#596=DIRECTION('',(1.0,0.0,0.0));
#597=DIRECTION('',(0.,0.,1.));
#598=FACE_OUTER_BOUND('',#599,.T.);
#599=EDGE_LOOP('',(#600,#610,#620,#630));
#603=CARTESIAN_POINT('',(2.8,2.8,0.0));
#602=VERTEX_POINT('',#603);
#601=EDGE_CURVE('',#602,#553,#606,.T.);
#606=LINE('',#603,#608);
#608=VECTOR('',#609,5.59999896);
#609=DIRECTION('',(0.0,-1.0,0.0));
#600=ORIENTED_EDGE('',*,*,#601,.F.);
#613=CARTESIAN_POINT('',(2.8,2.8,0.051));
#612=VERTEX_POINT('',#613);
#611=EDGE_CURVE('',#612,#602,#616,.T.);
#616=LINE('',#613,#618);
#618=VECTOR('',#619,0.0508);
#619=DIRECTION('',(0.0,0.0,-1.0));
#610=ORIENTED_EDGE('',*,*,#611,.F.);
#621=EDGE_CURVE('',#563,#612,#626,.T.);
#626=LINE('',#564,#628);
#628=VECTOR('',#629,5.59999896);
#629=DIRECTION('',(0.0,1.0,0.0));
#620=ORIENTED_EDGE('',*,*,#621,.F.);
#630=ORIENTED_EDGE('',*,*,#562,.T.);
#640=STYLED_ITEM('',(#61),#641);
#641=ADVANCED_FACE('',(#647),#642,.T.);
#642=PLANE('',#643);
#643=AXIS2_PLACEMENT_3D('',#644,#645,#646);
#644=CARTESIAN_POINT('',(2.8,2.8,0.0));
#645=DIRECTION('',(0.0,1.0,0.0));
#646=DIRECTION('',(0.,0.,1.));
#647=FACE_OUTER_BOUND('',#648,.T.);
#648=EDGE_LOOP('',(#649,#659,#669,#679));
#652=CARTESIAN_POINT('',(-2.8,2.8,0.0));
#651=VERTEX_POINT('',#652);
#650=EDGE_CURVE('',#651,#602,#655,.T.);
#655=LINE('',#652,#657);
#657=VECTOR('',#658,5.59999896);
#658=DIRECTION('',(1.0,0.0,0.0));
#649=ORIENTED_EDGE('',*,*,#650,.F.);
#662=CARTESIAN_POINT('',(-2.8,2.8,0.051));
#661=VERTEX_POINT('',#662);
#660=EDGE_CURVE('',#661,#651,#665,.T.);
#665=LINE('',#662,#667);
#667=VECTOR('',#668,0.0508);
#668=DIRECTION('',(0.0,0.0,-1.0));
#659=ORIENTED_EDGE('',*,*,#660,.F.);
#670=EDGE_CURVE('',#612,#661,#675,.T.);
#675=LINE('',#613,#677);
#677=VECTOR('',#678,5.59999896);
#678=DIRECTION('',(-1.0,0.0,0.0));
#669=ORIENTED_EDGE('',*,*,#670,.F.);
#679=ORIENTED_EDGE('',*,*,#611,.T.);
#689=STYLED_ITEM('',(#61),#690);
#690=ADVANCED_FACE('',(#696),#691,.T.);
#691=PLANE('',#692);
#692=AXIS2_PLACEMENT_3D('',#693,#694,#695);
#693=CARTESIAN_POINT('',(-2.8,2.8,0.0));
#694=DIRECTION('',(-1.0,0.0,0.0));
#695=DIRECTION('',(0.,0.,1.));
#696=FACE_OUTER_BOUND('',#697,.T.);
#697=EDGE_LOOP('',(#698,#708,#718,#728));
#699=EDGE_CURVE('',#555,#651,#704,.T.);
#704=LINE('',#556,#706);
#706=VECTOR('',#707,5.59999896);
#707=DIRECTION('',(0.0,1.0,0.0));
#698=ORIENTED_EDGE('',*,*,#699,.F.);
#708=ORIENTED_EDGE('',*,*,#582,.T.);
#719=EDGE_CURVE('',#661,#573,#724,.T.);
#724=LINE('',#662,#726);
#726=VECTOR('',#727,5.59999896);
#727=DIRECTION('',(0.0,-1.0,0.0));
#718=ORIENTED_EDGE('',*,*,#719,.F.);
#728=ORIENTED_EDGE('',*,*,#660,.T.);
#738=STYLED_ITEM('',(#61),#739);
#739=ADVANCED_FACE('',(#745),#740,.T.);
#740=PLANE('',#741);
#741=AXIS2_PLACEMENT_3D('',#742,#743,#744);
#742=CARTESIAN_POINT('',(-2.8,2.8,0.0));
#743=DIRECTION('',(0.0,0.0,-1.0));
#744=DIRECTION('',(0.,1.,0.));
#745=FACE_OUTER_BOUND('',#746,.T.);
#746=EDGE_LOOP('',(#747,#757,#767,#777));
#747=ORIENTED_EDGE('',*,*,#650,.T.);
#757=ORIENTED_EDGE('',*,*,#601,.T.);
#767=ORIENTED_EDGE('',*,*,#552,.T.);
#777=ORIENTED_EDGE('',*,*,#699,.T.);
#787=STYLED_ITEM('',(#61),#788);
#788=ADVANCED_FACE('',(#794),#789,.T.);
#789=PLANE('',#790);
#790=AXIS2_PLACEMENT_3D('',#791,#792,#793);
#791=CARTESIAN_POINT('',(-2.8,-2.8,0.051));
#792=DIRECTION('',(0.0,0.0,1.0));
#793=DIRECTION('',(0.,1.,0.));
#794=FACE_OUTER_BOUND('',#795,.T.);
#795=EDGE_LOOP('',(#796,#806,#816,#826));
#796=ORIENTED_EDGE('',*,*,#572,.T.);
#806=ORIENTED_EDGE('',*,*,#621,.T.);
#816=ORIENTED_EDGE('',*,*,#670,.T.);
#826=ORIENTED_EDGE('',*,*,#719,.T.);
#837=MANIFOLD_SOLID_BREP($,#838);
#838=CLOSED_SHELL('',(#840,#889,#938,#1007,#1076,#1128,#1180,#1233));
#839=STYLED_ITEM('',(#34),#840);
#840=ADVANCED_FACE('',(#846),#841,.T.);
#841=PLANE('',#842);
#842=AXIS2_PLACEMENT_3D('',#843,#844,#845);
#843=CARTESIAN_POINT('',(3.601,2.6,0.0));
#844=DIRECTION('',(0.0,0.0,1.0));
#845=DIRECTION('',(0.,1.,0.));
#846=FACE_OUTER_BOUND('',#847,.T.);
#847=EDGE_LOOP('',(#848,#858,#868,#878));
#851=CARTESIAN_POINT('',(3.601,2.9,0.0));
#850=VERTEX_POINT('',#851);
#853=CARTESIAN_POINT('',(3.601,2.6,0.0));
#852=VERTEX_POINT('',#853);
#849=EDGE_CURVE('',#850,#852,#854,.T.);
#854=LINE('',#851,#856);
#856=VECTOR('',#857,0.299999908);
#857=DIRECTION('',(0.0,-1.0,0.0));
#848=ORIENTED_EDGE('',*,*,#849,.F.);
#861=CARTESIAN_POINT('',(3.55,2.9,0.0));
#860=VERTEX_POINT('',#861);
#859=EDGE_CURVE('',#860,#850,#864,.T.);
#864=LINE('',#861,#866);
#866=VECTOR('',#867,0.0507999991615086);
#867=DIRECTION('',(1.0,0.0,0.0));
#858=ORIENTED_EDGE('',*,*,#859,.F.);
#871=CARTESIAN_POINT('',(3.55,2.6,0.0));
#870=VERTEX_POINT('',#871);
#869=EDGE_CURVE('',#870,#860,#874,.T.);
#874=LINE('',#871,#876);
#876=VECTOR('',#877,0.299999905845576);
#877=DIRECTION('',(0.0,1.0,0.0));
#868=ORIENTED_EDGE('',*,*,#869,.F.);
#879=EDGE_CURVE('',#852,#870,#884,.T.);
#884=LINE('',#853,#886);
#886=VECTOR('',#887,0.0507999991615094);
#887=DIRECTION('',(-1.0,0.0,0.0));
#878=ORIENTED_EDGE('',*,*,#879,.F.);
#888=STYLED_ITEM('',(#34),#889);
#889=ADVANCED_FACE('',(#895),#890,.T.);
#890=PLANE('',#891);
#891=AXIS2_PLACEMENT_3D('',#892,#893,#894);
#892=CARTESIAN_POINT('',(3.601,2.6,0.0));
#893=DIRECTION('',(1.0,0.0,0.0));
#894=DIRECTION('',(0.,0.,1.));
#895=FACE_OUTER_BOUND('',#896,.T.);
#896=EDGE_LOOP('',(#897,#907,#917,#927));
#897=ORIENTED_EDGE('',*,*,#849,.F.);
#907=ORIENTED_EDGE('',*,*,#849,.T.);
#917=ORIENTED_EDGE('',*,*,#849,.T.);
#927=ORIENTED_EDGE('',*,*,#849,.T.);
#937=STYLED_ITEM('',(#34),#938);
#938=ADVANCED_FACE('',(#944),#939,.T.);
#939=PLANE('',#940);
#940=AXIS2_PLACEMENT_3D('',#941,#942,#943);
#941=CARTESIAN_POINT('',(3.601,2.6,0.0));
#942=DIRECTION('',(0.0,1.0,0.0));
#943=DIRECTION('',(0.,0.,1.));
#944=FACE_OUTER_BOUND('',#945,.T.);
#945=EDGE_LOOP('',(#946,#956,#966,#976,#986,#996));
#946=ORIENTED_EDGE('',*,*,#849,.T.);
#956=ORIENTED_EDGE('',*,*,#879,.T.);
#969=CARTESIAN_POINT('',(3.55,2.6,0.051));
#968=VERTEX_POINT('',#969);
#967=EDGE_CURVE('',#968,#870,#972,.T.);
#972=LINE('',#969,#974);
#974=VECTOR('',#975,0.0508);
#975=DIRECTION('',(0.0,0.0,-1.0));
#966=ORIENTED_EDGE('',*,*,#967,.F.);
#979=CARTESIAN_POINT('',(3.25,2.6,0.051));
#978=VERTEX_POINT('',#979);
#977=EDGE_CURVE('',#978,#968,#982,.T.);
#982=LINE('',#979,#984);
#984=VECTOR('',#985,0.300000921852187);
#985=DIRECTION('',(1.0,0.0,0.0));
#976=ORIENTED_EDGE('',*,*,#977,.F.);
#989=CARTESIAN_POINT('',(3.25,2.6,0.0));
#988=VERTEX_POINT('',#989);
#987=EDGE_CURVE('',#988,#978,#992,.T.);
#992=LINE('',#989,#994);
#994=VECTOR('',#995,0.0508);
#995=DIRECTION('',(0.0,0.0,1.0));
#986=ORIENTED_EDGE('',*,*,#987,.F.);
#997=EDGE_CURVE('',#852,#988,#1002,.T.);
#1002=LINE('',#853,#1004);
#1004=VECTOR('',#1005,0.350800921013696);
#1005=DIRECTION('',(-1.0,0.0,0.0));
#996=ORIENTED_EDGE('',*,*,#997,.F.);
#1006=STYLED_ITEM('',(#34),#1007);
#1007=ADVANCED_FACE('',(#1013),#1008,.T.);
#1008=PLANE('',#1009);
#1009=AXIS2_PLACEMENT_3D('',#1010,#1011,#1012);
#1010=CARTESIAN_POINT('',(3.25,2.9,0.0));
#1011=DIRECTION('',(0.0,1.0,0.0));
#1012=DIRECTION('',(0.,0.,1.));
#1013=FACE_OUTER_BOUND('',#1014,.T.);
#1014=EDGE_LOOP('',(#1015,#1025,#1035,#1045,#1055,#1065));
#1018=CARTESIAN_POINT('',(3.25,2.9,0.051));
#1017=VERTEX_POINT('',#1018);
#1020=CARTESIAN_POINT('',(3.25,2.9,0.0));
#1019=VERTEX_POINT('',#1020);
#1016=EDGE_CURVE('',#1017,#1019,#1021,.T.);
#1021=LINE('',#1018,#1023);
#1023=VECTOR('',#1024,0.0508);
#1024=DIRECTION('',(0.0,0.0,-1.0));
#1015=ORIENTED_EDGE('',*,*,#1016,.F.);
#1028=CARTESIAN_POINT('',(3.55,2.9,0.051));
#1027=VERTEX_POINT('',#1028);
#1026=EDGE_CURVE('',#1027,#1017,#1031,.T.);
#1031=LINE('',#1028,#1033);
#1033=VECTOR('',#1034,0.300000921852187);
#1034=DIRECTION('',(-1.0,0.0,0.0));
#1025=ORIENTED_EDGE('',*,*,#1026,.F.);
#1036=EDGE_CURVE('',#860,#1027,#1041,.T.);
#1041=LINE('',#861,#1043);
#1043=VECTOR('',#1044,0.0508);
#1044=DIRECTION('',(0.0,0.0,1.0));
#1035=ORIENTED_EDGE('',*,*,#1036,.F.);
#1045=ORIENTED_EDGE('',*,*,#859,.T.);
#1055=ORIENTED_EDGE('',*,*,#849,.T.);
#1066=EDGE_CURVE('',#1019,#850,#1071,.T.);
#1071=LINE('',#1020,#1073);
#1073=VECTOR('',#1074,0.350800921013696);
#1074=DIRECTION('',(1.0,0.0,0.0));
#1065=ORIENTED_EDGE('',*,*,#1066,.F.);
#1075=STYLED_ITEM('color',(#34),#1076);
#1076=ADVANCED_FACE($,(#1082),#1077,.T.);
#1077=PLANE($,#1078);
#1078=AXIS2_PLACEMENT_3D($,#1079,#1080,#1081);
#1079=CARTESIAN_POINT('',(3.55,2.6,0.051));
#1080=DIRECTION('',(0.0,0.0,1.0));
#1081=DIRECTION('',(1.,0.,0.));
#1082=FACE_OUTER_BOUND($,#1083,.T.);
#1083=EDGE_LOOP($,(#1086, #1096, #1106, #1116));
#1086=ORIENTED_EDGE('',*,*,#977,.T.);
#1097=EDGE_CURVE('',#1027,#968,#1102,.T.);
#1102=LINE('',#1028,#1104);
#1104=VECTOR('',#1105,0.299999905845576);
#1105=DIRECTION('',(0.0,-1.0,0.0));
#1096=ORIENTED_EDGE('',*,*,#1097,.F.);
#1106=ORIENTED_EDGE('',*,*,#1026,.T.);
#1117=EDGE_CURVE($,#978,#1017,#1122,.T.);
#1122=CIRCLE($,#1123,0.149999954);
#1124=CARTESIAN_POINT('',(3.25,2.75,0.051));
#1123=AXIS2_PLACEMENT_3D($,#1124,#1125,#1126);
#1125=DIRECTION('',(0.0,0.0,-1.0));
#1126=DIRECTION('',(0.0,1.0,0.0));
#1116=ORIENTED_EDGE('',*,*,#1117,.F.);
#1127=STYLED_ITEM('color',(#34),#1128);
#1128=ADVANCED_FACE($,(#1134),#1129,.T.);
#1129=PLANE($,#1130);
#1130=AXIS2_PLACEMENT_3D($,#1131,#1132,#1133);
#1131=CARTESIAN_POINT('',(3.25,2.9,0.0));
#1132=DIRECTION('',(0.0,0.0,-1.0));
#1133=DIRECTION('',(1.,0.,0.));
#1134=FACE_OUTER_BOUND($,#1135,.T.);
#1135=EDGE_LOOP($,(#1138, #1148, #1158, #1168));
#1138=ORIENTED_EDGE('',*,*,#1066,.T.);
#1148=ORIENTED_EDGE('',*,*,#849,.T.);
#1158=ORIENTED_EDGE('',*,*,#997,.T.);
#1169=EDGE_CURVE($,#1019,#988,#1174,.T.);
#1174=CIRCLE($,#1175,0.149999954);
#1176=CARTESIAN_POINT('',(3.25,2.75,0.0));
#1175=AXIS2_PLACEMENT_3D($,#1176,#1177,#1178);
#1177=DIRECTION('',(0.0,0.0,1.0));
#1178=DIRECTION('',(0.0,-1.0,0.0));
#1168=ORIENTED_EDGE('',*,*,#1169,.F.);
#1179=STYLED_ITEM('color',(#34),#1180);
#1180=ADVANCED_FACE($,(#1186),#1181,.T.);
#1181=CYLINDRICAL_SURFACE($,#1182,0.149999954);
#1182=AXIS2_PLACEMENT_3D($,#1183,#1184,#1185);
#1183=CARTESIAN_POINT('',(3.25,2.75,0.0));
#1184=DIRECTION('',(0.,0.,1.));
#1185=DIRECTION('',(0.,1.,0.));
#1186=FACE_OUTER_BOUND($,#1187,.T.);
#1187=EDGE_LOOP($,(#1210, #1188, #1220, #1199));
#1210=ORIENTED_EDGE('',*,*,#1016,.T.);
#1188=ORIENTED_EDGE('',*,*,#1169,.T.);
#1220=ORIENTED_EDGE('',*,*,#987,.T.);
#1199=ORIENTED_EDGE('',*,*,#1117,.T.);
#1232=STYLED_ITEM('',(#34),#1233);
#1233=ADVANCED_FACE('',(#1239),#1234,.T.);
#1234=PLANE('',#1235);
#1235=AXIS2_PLACEMENT_3D('',#1236,#1237,#1238);
#1236=CARTESIAN_POINT('',(3.55,2.6,0.0));
#1237=DIRECTION('',(1.0,0.0,0.0));
#1238=DIRECTION('',(0.,0.,1.));
#1239=FACE_OUTER_BOUND('',#1240,.T.);
#1240=EDGE_LOOP('',(#1241,#1251,#1261,#1271));
#1241=ORIENTED_EDGE('',*,*,#869,.T.);
#1251=ORIENTED_EDGE('',*,*,#1036,.T.);
#1261=ORIENTED_EDGE('',*,*,#1097,.T.);
#1271=ORIENTED_EDGE('',*,*,#967,.T.);
#1699=MANIFOLD_SOLID_BREP($,#1700);
#1700=CLOSED_SHELL('',(#1702,#1751,#1800,#1869,#1938,#1990,#2042,#2095));
#1701=STYLED_ITEM('',(#34),#1702);
#1702=ADVANCED_FACE('',(#1708),#1703,.T.);
#1703=PLANE('',#1704);
#1704=AXIS2_PLACEMENT_3D('',#1705,#1706,#1707);
#1705=CARTESIAN_POINT('',(3.601,2.1,0.0));
#1706=DIRECTION('',(0.0,0.0,1.0));
#1707=DIRECTION('',(0.,1.,0.));
#1708=FACE_OUTER_BOUND('',#1709,.T.);
#1709=EDGE_LOOP('',(#1710,#1720,#1730,#1740));
#1713=CARTESIAN_POINT('',(3.601,2.4,0.0));
#1712=VERTEX_POINT('',#1713);
#1715=CARTESIAN_POINT('',(3.601,2.1,0.0));
#1714=VERTEX_POINT('',#1715);
#1711=EDGE_CURVE('',#1712,#1714,#1716,.T.);
#1716=LINE('',#1713,#1718);
#1718=VECTOR('',#1719,0.299999908);
#1719=DIRECTION('',(0.0,-1.0,0.0));
#1710=ORIENTED_EDGE('',*,*,#1711,.F.);
#1723=CARTESIAN_POINT('',(3.55,2.4,0.0));
#1722=VERTEX_POINT('',#1723);
#1721=EDGE_CURVE('',#1722,#1712,#1726,.T.);
#1726=LINE('',#1723,#1728);
#1728=VECTOR('',#1729,0.0507999991615086);
#1729=DIRECTION('',(1.0,0.0,0.0));
#1720=ORIENTED_EDGE('',*,*,#1721,.F.);
#1733=CARTESIAN_POINT('',(3.55,2.1,0.0));
#1732=VERTEX_POINT('',#1733);
#1731=EDGE_CURVE('',#1732,#1722,#1736,.T.);
#1736=LINE('',#1733,#1738);
#1738=VECTOR('',#1739,0.299999905845577);
#1739=DIRECTION('',(0.0,1.0,0.0));
#1730=ORIENTED_EDGE('',*,*,#1731,.F.);
#1741=EDGE_CURVE('',#1714,#1732,#1746,.T.);
#1746=LINE('',#1715,#1748);
#1748=VECTOR('',#1749,0.0507999991615094);
#1749=DIRECTION('',(-1.0,0.0,0.0));
#1740=ORIENTED_EDGE('',*,*,#1741,.F.);
#1750=STYLED_ITEM('',(#34),#1751);
#1751=ADVANCED_FACE('',(#1757),#1752,.T.);
#1752=PLANE('',#1753);
#1753=AXIS2_PLACEMENT_3D('',#1754,#1755,#1756);
#1754=CARTESIAN_POINT('',(3.601,2.1,0.0));
#1755=DIRECTION('',(1.0,0.0,0.0));
#1756=DIRECTION('',(0.,0.,1.));
#1757=FACE_OUTER_BOUND('',#1758,.T.);
#1758=EDGE_LOOP('',(#1759,#1769,#1779,#1789));
#1759=ORIENTED_EDGE('',*,*,#1711,.F.);
#1769=ORIENTED_EDGE('',*,*,#1711,.T.);
#1779=ORIENTED_EDGE('',*,*,#1711,.T.);
#1789=ORIENTED_EDGE('',*,*,#1711,.T.);
#1799=STYLED_ITEM('',(#34),#1800);
#1800=ADVANCED_FACE('',(#1806),#1801,.T.);
#1801=PLANE('',#1802);
#1802=AXIS2_PLACEMENT_3D('',#1803,#1804,#1805);
#1803=CARTESIAN_POINT('',(3.601,2.1,0.0));
#1804=DIRECTION('',(0.0,1.0,0.0));
#1805=DIRECTION('',(0.,0.,1.));
#1806=FACE_OUTER_BOUND('',#1807,.T.);
#1807=EDGE_LOOP('',(#1808,#1818,#1828,#1838,#1848,#1858));
#1808=ORIENTED_EDGE('',*,*,#1711,.T.);
#1818=ORIENTED_EDGE('',*,*,#1741,.T.);
#1831=CARTESIAN_POINT('',(3.55,2.1,0.051));
#1830=VERTEX_POINT('',#1831);
#1829=EDGE_CURVE('',#1830,#1732,#1834,.T.);
#1834=LINE('',#1831,#1836);
#1836=VECTOR('',#1837,0.0508);
#1837=DIRECTION('',(0.0,0.0,-1.0));
#1828=ORIENTED_EDGE('',*,*,#1829,.F.);
#1841=CARTESIAN_POINT('',(3.25,2.1,0.051));
#1840=VERTEX_POINT('',#1841);
#1839=EDGE_CURVE('',#1840,#1830,#1844,.T.);
#1844=LINE('',#1841,#1846);
#1846=VECTOR('',#1847,0.300000921852187);
#1847=DIRECTION('',(1.0,0.0,0.0));
#1838=ORIENTED_EDGE('',*,*,#1839,.F.);
#1851=CARTESIAN_POINT('',(3.25,2.1,0.0));
#1850=VERTEX_POINT('',#1851);
#1849=EDGE_CURVE('',#1850,#1840,#1854,.T.);
#1854=LINE('',#1851,#1856);
#1856=VECTOR('',#1857,0.0508);
#1857=DIRECTION('',(0.0,0.0,1.0));
#1848=ORIENTED_EDGE('',*,*,#1849,.F.);
#1859=EDGE_CURVE('',#1714,#1850,#1864,.T.);
#1864=LINE('',#1715,#1866);
#1866=VECTOR('',#1867,0.350800921013696);
#1867=DIRECTION('',(-1.0,0.0,0.0));
#1858=ORIENTED_EDGE('',*,*,#1859,.F.);
#1868=STYLED_ITEM('',(#34),#1869);
#1869=ADVANCED_FACE('',(#1875),#1870,.T.);
#1870=PLANE('',#1871);
#1871=AXIS2_PLACEMENT_3D('',#1872,#1873,#1874);
#1872=CARTESIAN_POINT('',(3.25,2.4,0.0));
#1873=DIRECTION('',(0.0,1.0,0.0));
#1874=DIRECTION('',(0.,0.,1.));
#1875=FACE_OUTER_BOUND('',#1876,.T.);
#1876=EDGE_LOOP('',(#1877,#1887,#1897,#1907,#1917,#1927));
#1880=CARTESIAN_POINT('',(3.25,2.4,0.051));
#1879=VERTEX_POINT('',#1880);
#1882=CARTESIAN_POINT('',(3.25,2.4,0.0));
#1881=VERTEX_POINT('',#1882);
#1878=EDGE_CURVE('',#1879,#1881,#1883,.T.);
#1883=LINE('',#1880,#1885);
#1885=VECTOR('',#1886,0.0508);
#1886=DIRECTION('',(0.0,0.0,-1.0));
#1877=ORIENTED_EDGE('',*,*,#1878,.F.);
#1890=CARTESIAN_POINT('',(3.55,2.4,0.051));
#1889=VERTEX_POINT('',#1890);
#1888=EDGE_CURVE('',#1889,#1879,#1893,.T.);
#1893=LINE('',#1890,#1895);
#1895=VECTOR('',#1896,0.300000921852187);
#1896=DIRECTION('',(-1.0,0.0,0.0));
#1887=ORIENTED_EDGE('',*,*,#1888,.F.);
#1898=EDGE_CURVE('',#1722,#1889,#1903,.T.);
#1903=LINE('',#1723,#1905);
#1905=VECTOR('',#1906,0.0508);
#1906=DIRECTION('',(0.0,0.0,1.0));
#1897=ORIENTED_EDGE('',*,*,#1898,.F.);
#1907=ORIENTED_EDGE('',*,*,#1721,.T.);
#1917=ORIENTED_EDGE('',*,*,#1711,.T.);
#1928=EDGE_CURVE('',#1881,#1712,#1933,.T.);
#1933=LINE('',#1882,#1935);
#1935=VECTOR('',#1936,0.350800921013696);
#1936=DIRECTION('',(1.0,0.0,0.0));
#1927=ORIENTED_EDGE('',*,*,#1928,.F.);
#1937=STYLED_ITEM('color',(#34),#1938);
#1938=ADVANCED_FACE($,(#1944),#1939,.T.);
#1939=PLANE($,#1940);
#1940=AXIS2_PLACEMENT_3D($,#1941,#1942,#1943);
#1941=CARTESIAN_POINT('',(3.55,2.1,0.051));
#1942=DIRECTION('',(0.0,0.0,1.0));
#1943=DIRECTION('',(1.,0.,0.));
#1944=FACE_OUTER_BOUND($,#1945,.T.);
#1945=EDGE_LOOP($,(#1948, #1958, #1968, #1978));
#1948=ORIENTED_EDGE('',*,*,#1839,.T.);
#1959=EDGE_CURVE('',#1889,#1830,#1964,.T.);
#1964=LINE('',#1890,#1966);
#1966=VECTOR('',#1967,0.299999905845577);
#1967=DIRECTION('',(0.0,-1.0,0.0));
#1958=ORIENTED_EDGE('',*,*,#1959,.F.);
#1968=ORIENTED_EDGE('',*,*,#1888,.T.);
#1979=EDGE_CURVE($,#1840,#1879,#1984,.T.);
#1984=CIRCLE($,#1985,0.149999954);
#1986=CARTESIAN_POINT('',(3.25,2.25,0.051));
#1985=AXIS2_PLACEMENT_3D($,#1986,#1987,#1988);
#1987=DIRECTION('',(0.0,0.0,-1.0));
#1988=DIRECTION('',(0.0,1.0,0.0));
#1978=ORIENTED_EDGE('',*,*,#1979,.F.);
#1989=STYLED_ITEM('color',(#34),#1990);
#1990=ADVANCED_FACE($,(#1996),#1991,.T.);
#1991=PLANE($,#1992);
#1992=AXIS2_PLACEMENT_3D($,#1993,#1994,#1995);
#1993=CARTESIAN_POINT('',(3.25,2.4,0.0));
#1994=DIRECTION('',(0.0,0.0,-1.0));
#1995=DIRECTION('',(1.,0.,0.));
#1996=FACE_OUTER_BOUND($,#1997,.T.);
#1997=EDGE_LOOP($,(#2000, #2010, #2020, #2030));
#2000=ORIENTED_EDGE('',*,*,#1928,.T.);
#2010=ORIENTED_EDGE('',*,*,#1711,.T.);
#2020=ORIENTED_EDGE('',*,*,#1859,.T.);
#2031=EDGE_CURVE($,#1881,#1850,#2036,.T.);
#2036=CIRCLE($,#2037,0.149999954);
#2038=CARTESIAN_POINT('',(3.25,2.25,0.0));
#2037=AXIS2_PLACEMENT_3D($,#2038,#2039,#2040);
#2039=DIRECTION('',(0.0,0.0,1.0));
#2040=DIRECTION('',(0.0,-1.0,0.0));
#2030=ORIENTED_EDGE('',*,*,#2031,.F.);
#2041=STYLED_ITEM('color',(#34),#2042);
#2042=ADVANCED_FACE($,(#2048),#2043,.T.);
#2043=CYLINDRICAL_SURFACE($,#2044,0.149999954);
#2044=AXIS2_PLACEMENT_3D($,#2045,#2046,#2047);
#2045=CARTESIAN_POINT('',(3.25,2.25,0.0));
#2046=DIRECTION('',(0.,0.,1.));
#2047=DIRECTION('',(0.,1.,0.));
#2048=FACE_OUTER_BOUND($,#2049,.T.);
#2049=EDGE_LOOP($,(#2072, #2050, #2082, #2061));
#2072=ORIENTED_EDGE('',*,*,#1878,.T.);
#2050=ORIENTED_EDGE('',*,*,#2031,.T.);
#2082=ORIENTED_EDGE('',*,*,#1849,.T.);
#2061=ORIENTED_EDGE('',*,*,#1979,.T.);
#2094=STYLED_ITEM('',(#34),#2095);
#2095=ADVANCED_FACE('',(#2101),#2096,.T.);
#2096=PLANE('',#2097);
#2097=AXIS2_PLACEMENT_3D('',#2098,#2099,#2100);
#2098=CARTESIAN_POINT('',(3.55,2.1,0.0));
#2099=DIRECTION('',(1.0,0.0,0.0));
#2100=DIRECTION('',(0.,0.,1.));
#2101=FACE_OUTER_BOUND('',#2102,.T.);
#2102=EDGE_LOOP('',(#2103,#2113,#2123,#2133));
#2103=ORIENTED_EDGE('',*,*,#1731,.T.);
#2113=ORIENTED_EDGE('',*,*,#1898,.T.);
#2123=ORIENTED_EDGE('',*,*,#1959,.T.);
#2133=ORIENTED_EDGE('',*,*,#1829,.T.);
#2561=MANIFOLD_SOLID_BREP($,#2562);
#2562=CLOSED_SHELL('',(#2564,#2613,#2662,#2731,#2800,#2852,#2904,#2957));
#2563=STYLED_ITEM('',(#34),#2564);
#2564=ADVANCED_FACE('',(#2570),#2565,.T.);
#2565=PLANE('',#2566);
#2566=AXIS2_PLACEMENT_3D('',#2567,#2568,#2569);
#2567=CARTESIAN_POINT('',(3.601,1.6,0.0));
#2568=DIRECTION('',(0.0,0.0,1.0));
#2569=DIRECTION('',(0.,1.,0.));
#2570=FACE_OUTER_BOUND('',#2571,.T.);
#2571=EDGE_LOOP('',(#2572,#2582,#2592,#2602));
#2575=CARTESIAN_POINT('',(3.601,1.9,0.0));
#2574=VERTEX_POINT('',#2575);
#2577=CARTESIAN_POINT('',(3.601,1.6,0.0));
#2576=VERTEX_POINT('',#2577);
#2573=EDGE_CURVE('',#2574,#2576,#2578,.T.);
#2578=LINE('',#2575,#2580);
#2580=VECTOR('',#2581,0.299999908);
#2581=DIRECTION('',(0.0,-1.0,0.0));
#2572=ORIENTED_EDGE('',*,*,#2573,.F.);
#2585=CARTESIAN_POINT('',(3.55,1.9,0.0));
#2584=VERTEX_POINT('',#2585);
#2583=EDGE_CURVE('',#2584,#2574,#2588,.T.);
#2588=LINE('',#2585,#2590);
#2590=VECTOR('',#2591,0.0507999991615086);
#2591=DIRECTION('',(1.0,0.0,0.0));
#2582=ORIENTED_EDGE('',*,*,#2583,.F.);
#2595=CARTESIAN_POINT('',(3.55,1.6,0.0));
#2594=VERTEX_POINT('',#2595);
#2593=EDGE_CURVE('',#2594,#2584,#2598,.T.);
#2598=LINE('',#2595,#2600);
#2600=VECTOR('',#2601,0.299999905845577);
#2601=DIRECTION('',(0.0,1.0,0.0));
#2592=ORIENTED_EDGE('',*,*,#2593,.F.);
#2603=EDGE_CURVE('',#2576,#2594,#2608,.T.);
#2608=LINE('',#2577,#2610);
#2610=VECTOR('',#2611,0.0507999991615094);
#2611=DIRECTION('',(-1.0,0.0,0.0));
#2602=ORIENTED_EDGE('',*,*,#2603,.F.);
#2612=STYLED_ITEM('',(#34),#2613);
#2613=ADVANCED_FACE('',(#2619),#2614,.T.);
#2614=PLANE('',#2615);
#2615=AXIS2_PLACEMENT_3D('',#2616,#2617,#2618);
#2616=CARTESIAN_POINT('',(3.601,1.6,0.0));
#2617=DIRECTION('',(1.0,0.0,0.0));
#2618=DIRECTION('',(0.,0.,1.));
#2619=FACE_OUTER_BOUND('',#2620,.T.);
#2620=EDGE_LOOP('',(#2621,#2631,#2641,#2651));
#2621=ORIENTED_EDGE('',*,*,#2573,.F.);
#2631=ORIENTED_EDGE('',*,*,#2573,.T.);
#2641=ORIENTED_EDGE('',*,*,#2573,.T.);
#2651=ORIENTED_EDGE('',*,*,#2573,.T.);
#2661=STYLED_ITEM('',(#34),#2662);
#2662=ADVANCED_FACE('',(#2668),#2663,.T.);
#2663=PLANE('',#2664);
#2664=AXIS2_PLACEMENT_3D('',#2665,#2666,#2667);
#2665=CARTESIAN_POINT('',(3.601,1.6,0.0));
#2666=DIRECTION('',(0.0,1.0,0.0));
#2667=DIRECTION('',(0.,0.,1.));
#2668=FACE_OUTER_BOUND('',#2669,.T.);
#2669=EDGE_LOOP('',(#2670,#2680,#2690,#2700,#2710,#2720));
#2670=ORIENTED_EDGE('',*,*,#2573,.T.);
#2680=ORIENTED_EDGE('',*,*,#2603,.T.);
#2693=CARTESIAN_POINT('',(3.55,1.6,0.051));
#2692=VERTEX_POINT('',#2693);
#2691=EDGE_CURVE('',#2692,#2594,#2696,.T.);
#2696=LINE('',#2693,#2698);
#2698=VECTOR('',#2699,0.0508);
#2699=DIRECTION('',(0.0,0.0,-1.0));
#2690=ORIENTED_EDGE('',*,*,#2691,.F.);
#2703=CARTESIAN_POINT('',(3.25,1.6,0.051));
#2702=VERTEX_POINT('',#2703);
#2701=EDGE_CURVE('',#2702,#2692,#2706,.T.);
#2706=LINE('',#2703,#2708);
#2708=VECTOR('',#2709,0.300000921852187);
#2709=DIRECTION('',(1.0,0.0,0.0));
#2700=ORIENTED_EDGE('',*,*,#2701,.F.);
#2713=CARTESIAN_POINT('',(3.25,1.6,0.0));
#2712=VERTEX_POINT('',#2713);
#2711=EDGE_CURVE('',#2712,#2702,#2716,.T.);
#2716=LINE('',#2713,#2718);
#2718=VECTOR('',#2719,0.0508);
#2719=DIRECTION('',(0.0,0.0,1.0));
#2710=ORIENTED_EDGE('',*,*,#2711,.F.);
#2721=EDGE_CURVE('',#2576,#2712,#2726,.T.);
#2726=LINE('',#2577,#2728);
#2728=VECTOR('',#2729,0.350800921013696);
#2729=DIRECTION('',(-1.0,0.0,0.0));
#2720=ORIENTED_EDGE('',*,*,#2721,.F.);
#2730=STYLED_ITEM('',(#34),#2731);
#2731=ADVANCED_FACE('',(#2737),#2732,.T.);
#2732=PLANE('',#2733);
#2733=AXIS2_PLACEMENT_3D('',#2734,#2735,#2736);
#2734=CARTESIAN_POINT('',(3.25,1.9,0.0));
#2735=DIRECTION('',(0.0,1.0,0.0));
#2736=DIRECTION('',(0.,0.,1.));
#2737=FACE_OUTER_BOUND('',#2738,.T.);
#2738=EDGE_LOOP('',(#2739,#2749,#2759,#2769,#2779,#2789));
#2742=CARTESIAN_POINT('',(3.25,1.9,0.051));
#2741=VERTEX_POINT('',#2742);
#2744=CARTESIAN_POINT('',(3.25,1.9,0.0));
#2743=VERTEX_POINT('',#2744);
#2740=EDGE_CURVE('',#2741,#2743,#2745,.T.);
#2745=LINE('',#2742,#2747);
#2747=VECTOR('',#2748,0.0508);
#2748=DIRECTION('',(0.0,0.0,-1.0));
#2739=ORIENTED_EDGE('',*,*,#2740,.F.);
#2752=CARTESIAN_POINT('',(3.55,1.9,0.051));
#2751=VERTEX_POINT('',#2752);
#2750=EDGE_CURVE('',#2751,#2741,#2755,.T.);
#2755=LINE('',#2752,#2757);
#2757=VECTOR('',#2758,0.300000921852187);
#2758=DIRECTION('',(-1.0,0.0,0.0));
#2749=ORIENTED_EDGE('',*,*,#2750,.F.);
#2760=EDGE_CURVE('',#2584,#2751,#2765,.T.);
#2765=LINE('',#2585,#2767);
#2767=VECTOR('',#2768,0.0508);
#2768=DIRECTION('',(0.0,0.0,1.0));
#2759=ORIENTED_EDGE('',*,*,#2760,.F.);
#2769=ORIENTED_EDGE('',*,*,#2583,.T.);
#2779=ORIENTED_EDGE('',*,*,#2573,.T.);
#2790=EDGE_CURVE('',#2743,#2574,#2795,.T.);
#2795=LINE('',#2744,#2797);
#2797=VECTOR('',#2798,0.350800921013696);
#2798=DIRECTION('',(1.0,0.0,0.0));
#2789=ORIENTED_EDGE('',*,*,#2790,.F.);
#2799=STYLED_ITEM('color',(#34),#2800);
#2800=ADVANCED_FACE($,(#2806),#2801,.T.);
#2801=PLANE($,#2802);
#2802=AXIS2_PLACEMENT_3D($,#2803,#2804,#2805);
#2803=CARTESIAN_POINT('',(3.55,1.6,0.051));
#2804=DIRECTION('',(0.0,0.0,1.0));
#2805=DIRECTION('',(1.,0.,0.));
#2806=FACE_OUTER_BOUND($,#2807,.T.);
#2807=EDGE_LOOP($,(#2810, #2820, #2830, #2840));
#2810=ORIENTED_EDGE('',*,*,#2701,.T.);
#2821=EDGE_CURVE('',#2751,#2692,#2826,.T.);
#2826=LINE('',#2752,#2828);
#2828=VECTOR('',#2829,0.299999905845577);
#2829=DIRECTION('',(0.0,-1.0,0.0));
#2820=ORIENTED_EDGE('',*,*,#2821,.F.);
#2830=ORIENTED_EDGE('',*,*,#2750,.T.);
#2841=EDGE_CURVE($,#2702,#2741,#2846,.T.);
#2846=CIRCLE($,#2847,0.149999954);
#2848=CARTESIAN_POINT('',(3.25,1.75,0.051));
#2847=AXIS2_PLACEMENT_3D($,#2848,#2849,#2850);
#2849=DIRECTION('',(0.0,0.0,-1.0));
#2850=DIRECTION('',(0.0,1.0,0.0));
#2840=ORIENTED_EDGE('',*,*,#2841,.F.);
#2851=STYLED_ITEM('color',(#34),#2852);
#2852=ADVANCED_FACE($,(#2858),#2853,.T.);
#2853=PLANE($,#2854);
#2854=AXIS2_PLACEMENT_3D($,#2855,#2856,#2857);
#2855=CARTESIAN_POINT('',(3.25,1.9,0.0));
#2856=DIRECTION('',(0.0,0.0,-1.0));
#2857=DIRECTION('',(1.,0.,0.));
#2858=FACE_OUTER_BOUND($,#2859,.T.);
#2859=EDGE_LOOP($,(#2862, #2872, #2882, #2892));
#2862=ORIENTED_EDGE('',*,*,#2790,.T.);
#2872=ORIENTED_EDGE('',*,*,#2573,.T.);
#2882=ORIENTED_EDGE('',*,*,#2721,.T.);
#2893=EDGE_CURVE($,#2743,#2712,#2898,.T.);
#2898=CIRCLE($,#2899,0.149999954);
#2900=CARTESIAN_POINT('',(3.25,1.75,0.0));
#2899=AXIS2_PLACEMENT_3D($,#2900,#2901,#2902);
#2901=DIRECTION('',(0.0,0.0,1.0));
#2902=DIRECTION('',(0.0,-1.0,0.0));
#2892=ORIENTED_EDGE('',*,*,#2893,.F.);
#2903=STYLED_ITEM('color',(#34),#2904);
#2904=ADVANCED_FACE($,(#2910),#2905,.T.);
#2905=CYLINDRICAL_SURFACE($,#2906,0.149999954);
#2906=AXIS2_PLACEMENT_3D($,#2907,#2908,#2909);
#2907=CARTESIAN_POINT('',(3.25,1.75,0.0));
#2908=DIRECTION('',(0.,0.,1.));
#2909=DIRECTION('',(0.,1.,0.));
#2910=FACE_OUTER_BOUND($,#2911,.T.);
#2911=EDGE_LOOP($,(#2934, #2912, #2944, #2923));
#2934=ORIENTED_EDGE('',*,*,#2740,.T.);
#2912=ORIENTED_EDGE('',*,*,#2893,.T.);
#2944=ORIENTED_EDGE('',*,*,#2711,.T.);
#2923=ORIENTED_EDGE('',*,*,#2841,.T.);
#2956=STYLED_ITEM('',(#34),#2957);
#2957=ADVANCED_FACE('',(#2963),#2958,.T.);
#2958=PLANE('',#2959);
#2959=AXIS2_PLACEMENT_3D('',#2960,#2961,#2962);
#2960=CARTESIAN_POINT('',(3.55,1.6,0.0));
#2961=DIRECTION('',(1.0,0.0,0.0));
#2962=DIRECTION('',(0.,0.,1.));
#2963=FACE_OUTER_BOUND('',#2964,.T.);
#2964=EDGE_LOOP('',(#2965,#2975,#2985,#2995));
#2965=ORIENTED_EDGE('',*,*,#2593,.T.);
#2975=ORIENTED_EDGE('',*,*,#2760,.T.);
#2985=ORIENTED_EDGE('',*,*,#2821,.T.);
#2995=ORIENTED_EDGE('',*,*,#2691,.T.);
#3423=MANIFOLD_SOLID_BREP($,#3424);
#3424=CLOSED_SHELL('',(#3426,#3475,#3524,#3593,#3662,#3714,#3766,#3819));
#3425=STYLED_ITEM('',(#34),#3426);
#3426=ADVANCED_FACE('',(#3432),#3427,.T.);
#3427=PLANE('',#3428);
#3428=AXIS2_PLACEMENT_3D('',#3429,#3430,#3431);
#3429=CARTESIAN_POINT('',(3.601,1.1,0.0));
#3430=DIRECTION('',(0.0,0.0,1.0));
#3431=DIRECTION('',(0.,1.,0.));
#3432=FACE_OUTER_BOUND('',#3433,.T.);
#3433=EDGE_LOOP('',(#3434,#3444,#3454,#3464));
#3437=CARTESIAN_POINT('',(3.601,1.4,0.0));
#3436=VERTEX_POINT('',#3437);
#3439=CARTESIAN_POINT('',(3.601,1.1,0.0));
#3438=VERTEX_POINT('',#3439);
#3435=EDGE_CURVE('',#3436,#3438,#3440,.T.);
#3440=LINE('',#3437,#3442);
#3442=VECTOR('',#3443,0.299999908);
#3443=DIRECTION('',(0.0,-1.0,0.0));
#3434=ORIENTED_EDGE('',*,*,#3435,.F.);
#3447=CARTESIAN_POINT('',(3.55,1.4,0.0));
#3446=VERTEX_POINT('',#3447);
#3445=EDGE_CURVE('',#3446,#3436,#3450,.T.);
#3450=LINE('',#3447,#3452);
#3452=VECTOR('',#3453,0.0507999991615086);
#3453=DIRECTION('',(1.0,0.0,0.0));
#3444=ORIENTED_EDGE('',*,*,#3445,.F.);
#3457=CARTESIAN_POINT('',(3.55,1.1,0.0));
#3456=VERTEX_POINT('',#3457);
#3455=EDGE_CURVE('',#3456,#3446,#3460,.T.);
#3460=LINE('',#3457,#3462);
#3462=VECTOR('',#3463,0.299999905845577);
#3463=DIRECTION('',(0.0,1.0,0.0));
#3454=ORIENTED_EDGE('',*,*,#3455,.F.);
#3465=EDGE_CURVE('',#3438,#3456,#3470,.T.);
#3470=LINE('',#3439,#3472);
#3472=VECTOR('',#3473,0.0507999991615094);
#3473=DIRECTION('',(-1.0,0.0,0.0));
#3464=ORIENTED_EDGE('',*,*,#3465,.F.);
#3474=STYLED_ITEM('',(#34),#3475);
#3475=ADVANCED_FACE('',(#3481),#3476,.T.);
#3476=PLANE('',#3477);
#3477=AXIS2_PLACEMENT_3D('',#3478,#3479,#3480);
#3478=CARTESIAN_POINT('',(3.601,1.1,0.0));
#3479=DIRECTION('',(1.0,0.0,0.0));
#3480=DIRECTION('',(0.,0.,1.));
#3481=FACE_OUTER_BOUND('',#3482,.T.);
#3482=EDGE_LOOP('',(#3483,#3493,#3503,#3513));
#3483=ORIENTED_EDGE('',*,*,#3435,.F.);
#3493=ORIENTED_EDGE('',*,*,#3435,.T.);
#3503=ORIENTED_EDGE('',*,*,#3435,.T.);
#3513=ORIENTED_EDGE('',*,*,#3435,.T.);
#3523=STYLED_ITEM('',(#34),#3524);
#3524=ADVANCED_FACE('',(#3530),#3525,.T.);
#3525=PLANE('',#3526);
#3526=AXIS2_PLACEMENT_3D('',#3527,#3528,#3529);
#3527=CARTESIAN_POINT('',(3.601,1.1,0.0));
#3528=DIRECTION('',(0.0,1.0,0.0));
#3529=DIRECTION('',(0.,0.,1.));
#3530=FACE_OUTER_BOUND('',#3531,.T.);
#3531=EDGE_LOOP('',(#3532,#3542,#3552,#3562,#3572,#3582));
#3532=ORIENTED_EDGE('',*,*,#3435,.T.);
#3542=ORIENTED_EDGE('',*,*,#3465,.T.);
#3555=CARTESIAN_POINT('',(3.55,1.1,0.051));
#3554=VERTEX_POINT('',#3555);
#3553=EDGE_CURVE('',#3554,#3456,#3558,.T.);
#3558=LINE('',#3555,#3560);
#3560=VECTOR('',#3561,0.0508);
#3561=DIRECTION('',(0.0,0.0,-1.0));
#3552=ORIENTED_EDGE('',*,*,#3553,.F.);
#3565=CARTESIAN_POINT('',(3.25,1.1,0.051));
#3564=VERTEX_POINT('',#3565);
#3563=EDGE_CURVE('',#3564,#3554,#3568,.T.);
#3568=LINE('',#3565,#3570);
#3570=VECTOR('',#3571,0.300000921852187);
#3571=DIRECTION('',(1.0,0.0,0.0));
#3562=ORIENTED_EDGE('',*,*,#3563,.F.);
#3575=CARTESIAN_POINT('',(3.25,1.1,0.0));
#3574=VERTEX_POINT('',#3575);
#3573=EDGE_CURVE('',#3574,#3564,#3578,.T.);
#3578=LINE('',#3575,#3580);
#3580=VECTOR('',#3581,0.0508);
#3581=DIRECTION('',(0.0,0.0,1.0));
#3572=ORIENTED_EDGE('',*,*,#3573,.F.);
#3583=EDGE_CURVE('',#3438,#3574,#3588,.T.);
#3588=LINE('',#3439,#3590);
#3590=VECTOR('',#3591,0.350800921013696);
#3591=DIRECTION('',(-1.0,0.0,0.0));
#3582=ORIENTED_EDGE('',*,*,#3583,.F.);
#3592=STYLED_ITEM('',(#34),#3593);
#3593=ADVANCED_FACE('',(#3599),#3594,.T.);
#3594=PLANE('',#3595);
#3595=AXIS2_PLACEMENT_3D('',#3596,#3597,#3598);
#3596=CARTESIAN_POINT('',(3.25,1.4,0.0));
#3597=DIRECTION('',(0.0,1.0,0.0));
#3598=DIRECTION('',(0.,0.,1.));
#3599=FACE_OUTER_BOUND('',#3600,.T.);
#3600=EDGE_LOOP('',(#3601,#3611,#3621,#3631,#3641,#3651));
#3604=CARTESIAN_POINT('',(3.25,1.4,0.051));
#3603=VERTEX_POINT('',#3604);
#3606=CARTESIAN_POINT('',(3.25,1.4,0.0));
#3605=VERTEX_POINT('',#3606);
#3602=EDGE_CURVE('',#3603,#3605,#3607,.T.);
#3607=LINE('',#3604,#3609);
#3609=VECTOR('',#3610,0.0508);
#3610=DIRECTION('',(0.0,0.0,-1.0));
#3601=ORIENTED_EDGE('',*,*,#3602,.F.);
#3614=CARTESIAN_POINT('',(3.55,1.4,0.051));
#3613=VERTEX_POINT('',#3614);
#3612=EDGE_CURVE('',#3613,#3603,#3617,.T.);
#3617=LINE('',#3614,#3619);
#3619=VECTOR('',#3620,0.300000921852187);
#3620=DIRECTION('',(-1.0,0.0,0.0));
#3611=ORIENTED_EDGE('',*,*,#3612,.F.);
#3622=EDGE_CURVE('',#3446,#3613,#3627,.T.);
#3627=LINE('',#3447,#3629);
#3629=VECTOR('',#3630,0.0508);
#3630=DIRECTION('',(0.0,0.0,1.0));
#3621=ORIENTED_EDGE('',*,*,#3622,.F.);
#3631=ORIENTED_EDGE('',*,*,#3445,.T.);
#3641=ORIENTED_EDGE('',*,*,#3435,.T.);
#3652=EDGE_CURVE('',#3605,#3436,#3657,.T.);
#3657=LINE('',#3606,#3659);
#3659=VECTOR('',#3660,0.350800921013696);
#3660=DIRECTION('',(1.0,0.0,0.0));
#3651=ORIENTED_EDGE('',*,*,#3652,.F.);
#3661=STYLED_ITEM('color',(#34),#3662);
#3662=ADVANCED_FACE($,(#3668),#3663,.T.);
#3663=PLANE($,#3664);
#3664=AXIS2_PLACEMENT_3D($,#3665,#3666,#3667);
#3665=CARTESIAN_POINT('',(3.55,1.1,0.051));
#3666=DIRECTION('',(0.0,0.0,1.0));
#3667=DIRECTION('',(1.,0.,0.));
#3668=FACE_OUTER_BOUND($,#3669,.T.);
#3669=EDGE_LOOP($,(#3672, #3682, #3692, #3702));
#3672=ORIENTED_EDGE('',*,*,#3563,.T.);
#3683=EDGE_CURVE('',#3613,#3554,#3688,.T.);
#3688=LINE('',#3614,#3690);
#3690=VECTOR('',#3691,0.299999905845577);
#3691=DIRECTION('',(0.0,-1.0,0.0));
#3682=ORIENTED_EDGE('',*,*,#3683,.F.);
#3692=ORIENTED_EDGE('',*,*,#3612,.T.);
#3703=EDGE_CURVE($,#3564,#3603,#3708,.T.);
#3708=CIRCLE($,#3709,0.149999954);
#3710=CARTESIAN_POINT('',(3.25,1.25,0.051));
#3709=AXIS2_PLACEMENT_3D($,#3710,#3711,#3712);
#3711=DIRECTION('',(0.0,0.0,-1.0));
#3712=DIRECTION('',(0.0,1.0,0.0));
#3702=ORIENTED_EDGE('',*,*,#3703,.F.);
#3713=STYLED_ITEM('color',(#34),#3714);
#3714=ADVANCED_FACE($,(#3720),#3715,.T.);
#3715=PLANE($,#3716);
#3716=AXIS2_PLACEMENT_3D($,#3717,#3718,#3719);
#3717=CARTESIAN_POINT('',(3.25,1.4,0.0));
#3718=DIRECTION('',(0.0,0.0,-1.0));
#3719=DIRECTION('',(1.,0.,0.));
#3720=FACE_OUTER_BOUND($,#3721,.T.);
#3721=EDGE_LOOP($,(#3724, #3734, #3744, #3754));
#3724=ORIENTED_EDGE('',*,*,#3652,.T.);
#3734=ORIENTED_EDGE('',*,*,#3435,.T.);
#3744=ORIENTED_EDGE('',*,*,#3583,.T.);
#3755=EDGE_CURVE($,#3605,#3574,#3760,.T.);
#3760=CIRCLE($,#3761,0.149999954);
#3762=CARTESIAN_POINT('',(3.25,1.25,0.0));
#3761=AXIS2_PLACEMENT_3D($,#3762,#3763,#3764);
#3763=DIRECTION('',(0.0,0.0,1.0));
#3764=DIRECTION('',(0.0,-1.0,0.0));
#3754=ORIENTED_EDGE('',*,*,#3755,.F.);
#3765=STYLED_ITEM('color',(#34),#3766);
#3766=ADVANCED_FACE($,(#3772),#3767,.T.);
#3767=CYLINDRICAL_SURFACE($,#3768,0.149999954);
#3768=AXIS2_PLACEMENT_3D($,#3769,#3770,#3771);
#3769=CARTESIAN_POINT('',(3.25,1.25,0.0));
#3770=DIRECTION('',(0.,0.,1.));
#3771=DIRECTION('',(0.,1.,0.));
#3772=FACE_OUTER_BOUND($,#3773,.T.);
#3773=EDGE_LOOP($,(#3796, #3774, #3806, #3785));
#3796=ORIENTED_EDGE('',*,*,#3602,.T.);
#3774=ORIENTED_EDGE('',*,*,#3755,.T.);
#3806=ORIENTED_EDGE('',*,*,#3573,.T.);
#3785=ORIENTED_EDGE('',*,*,#3703,.T.);
#3818=STYLED_ITEM('',(#34),#3819);
#3819=ADVANCED_FACE('',(#3825),#3820,.T.);
#3820=PLANE('',#3821);
#3821=AXIS2_PLACEMENT_3D('',#3822,#3823,#3824);
#3822=CARTESIAN_POINT('',(3.55,1.1,0.0));
#3823=DIRECTION('',(1.0,0.0,0.0));
#3824=DIRECTION('',(0.,0.,1.));
#3825=FACE_OUTER_BOUND('',#3826,.T.);
#3826=EDGE_LOOP('',(#3827,#3837,#3847,#3857));
#3827=ORIENTED_EDGE('',*,*,#3455,.T.);
#3837=ORIENTED_EDGE('',*,*,#3622,.T.);
#3847=ORIENTED_EDGE('',*,*,#3683,.T.);
#3857=ORIENTED_EDGE('',*,*,#3553,.T.);
#4285=MANIFOLD_SOLID_BREP($,#4286);
#4286=CLOSED_SHELL('',(#4288,#4337,#4386,#4455,#4524,#4576,#4628,#4681));
#4287=STYLED_ITEM('',(#34),#4288);
#4288=ADVANCED_FACE('',(#4294),#4289,.T.);
#4289=PLANE('',#4290);
#4290=AXIS2_PLACEMENT_3D('',#4291,#4292,#4293);
#4291=CARTESIAN_POINT('',(3.601,0.6,0.0));
#4292=DIRECTION('',(0.0,0.0,1.0));
#4293=DIRECTION('',(0.,1.,0.));
#4294=FACE_OUTER_BOUND('',#4295,.T.);
#4295=EDGE_LOOP('',(#4296,#4306,#4316,#4326));
#4299=CARTESIAN_POINT('',(3.601,0.9,0.0));
#4298=VERTEX_POINT('',#4299);
#4301=CARTESIAN_POINT('',(3.601,0.6,0.0));
#4300=VERTEX_POINT('',#4301);
#4297=EDGE_CURVE('',#4298,#4300,#4302,.T.);
#4302=LINE('',#4299,#4304);
#4304=VECTOR('',#4305,0.299999908);
#4305=DIRECTION('',(0.0,-1.0,0.0));
#4296=ORIENTED_EDGE('',*,*,#4297,.F.);
#4309=CARTESIAN_POINT('',(3.55,0.9,0.0));
#4308=VERTEX_POINT('',#4309);
#4307=EDGE_CURVE('',#4308,#4298,#4312,.T.);
#4312=LINE('',#4309,#4314);
#4314=VECTOR('',#4315,0.0507999991615086);
#4315=DIRECTION('',(1.0,0.0,0.0));
#4306=ORIENTED_EDGE('',*,*,#4307,.F.);
#4319=CARTESIAN_POINT('',(3.55,0.6,0.0));
#4318=VERTEX_POINT('',#4319);
#4317=EDGE_CURVE('',#4318,#4308,#4322,.T.);
#4322=LINE('',#4319,#4324);
#4324=VECTOR('',#4325,0.299999905845577);
#4325=DIRECTION('',(0.0,1.0,0.0));
#4316=ORIENTED_EDGE('',*,*,#4317,.F.);
#4327=EDGE_CURVE('',#4300,#4318,#4332,.T.);
#4332=LINE('',#4301,#4334);
#4334=VECTOR('',#4335,0.0507999991615094);
#4335=DIRECTION('',(-1.0,0.0,0.0));
#4326=ORIENTED_EDGE('',*,*,#4327,.F.);
#4336=STYLED_ITEM('',(#34),#4337);
#4337=ADVANCED_FACE('',(#4343),#4338,.T.);
#4338=PLANE('',#4339);
#4339=AXIS2_PLACEMENT_3D('',#4340,#4341,#4342);
#4340=CARTESIAN_POINT('',(3.601,0.6,0.0));
#4341=DIRECTION('',(1.0,0.0,0.0));
#4342=DIRECTION('',(0.,0.,1.));
#4343=FACE_OUTER_BOUND('',#4344,.T.);
#4344=EDGE_LOOP('',(#4345,#4355,#4365,#4375));
#4345=ORIENTED_EDGE('',*,*,#4297,.F.);
#4355=ORIENTED_EDGE('',*,*,#4297,.T.);
#4365=ORIENTED_EDGE('',*,*,#4297,.T.);
#4375=ORIENTED_EDGE('',*,*,#4297,.T.);
#4385=STYLED_ITEM('',(#34),#4386);
#4386=ADVANCED_FACE('',(#4392),#4387,.T.);
#4387=PLANE('',#4388);
#4388=AXIS2_PLACEMENT_3D('',#4389,#4390,#4391);
#4389=CARTESIAN_POINT('',(3.601,0.6,0.0));
#4390=DIRECTION('',(0.0,1.0,0.0));
#4391=DIRECTION('',(0.,0.,1.));
#4392=FACE_OUTER_BOUND('',#4393,.T.);
#4393=EDGE_LOOP('',(#4394,#4404,#4414,#4424,#4434,#4444));
#4394=ORIENTED_EDGE('',*,*,#4297,.T.);
#4404=ORIENTED_EDGE('',*,*,#4327,.T.);
#4417=CARTESIAN_POINT('',(3.55,0.6,0.051));
#4416=VERTEX_POINT('',#4417);
#4415=EDGE_CURVE('',#4416,#4318,#4420,.T.);
#4420=LINE('',#4417,#4422);
#4422=VECTOR('',#4423,0.0508);
#4423=DIRECTION('',(0.0,0.0,-1.0));
#4414=ORIENTED_EDGE('',*,*,#4415,.F.);
#4427=CARTESIAN_POINT('',(3.25,0.6,0.051));
#4426=VERTEX_POINT('',#4427);
#4425=EDGE_CURVE('',#4426,#4416,#4430,.T.);
#4430=LINE('',#4427,#4432);
#4432=VECTOR('',#4433,0.300000921852187);
#4433=DIRECTION('',(1.0,0.0,0.0));
#4424=ORIENTED_EDGE('',*,*,#4425,.F.);
#4437=CARTESIAN_POINT('',(3.25,0.6,0.0));
#4436=VERTEX_POINT('',#4437);
#4435=EDGE_CURVE('',#4436,#4426,#4440,.T.);
#4440=LINE('',#4437,#4442);
#4442=VECTOR('',#4443,0.0508);
#4443=DIRECTION('',(0.0,0.0,1.0));
#4434=ORIENTED_EDGE('',*,*,#4435,.F.);
#4445=EDGE_CURVE('',#4300,#4436,#4450,.T.);
#4450=LINE('',#4301,#4452);
#4452=VECTOR('',#4453,0.350800921013696);
#4453=DIRECTION('',(-1.0,0.0,0.0));
#4444=ORIENTED_EDGE('',*,*,#4445,.F.);
#4454=STYLED_ITEM('',(#34),#4455);
#4455=ADVANCED_FACE('',(#4461),#4456,.T.);
#4456=PLANE('',#4457);
#4457=AXIS2_PLACEMENT_3D('',#4458,#4459,#4460);
#4458=CARTESIAN_POINT('',(3.25,0.9,0.0));
#4459=DIRECTION('',(0.0,1.0,0.0));
#4460=DIRECTION('',(0.,0.,1.));
#4461=FACE_OUTER_BOUND('',#4462,.T.);
#4462=EDGE_LOOP('',(#4463,#4473,#4483,#4493,#4503,#4513));
#4466=CARTESIAN_POINT('',(3.25,0.9,0.051));
#4465=VERTEX_POINT('',#4466);
#4468=CARTESIAN_POINT('',(3.25,0.9,0.0));
#4467=VERTEX_POINT('',#4468);
#4464=EDGE_CURVE('',#4465,#4467,#4469,.T.);
#4469=LINE('',#4466,#4471);
#4471=VECTOR('',#4472,0.0508);
#4472=DIRECTION('',(0.0,0.0,-1.0));
#4463=ORIENTED_EDGE('',*,*,#4464,.F.);
#4476=CARTESIAN_POINT('',(3.55,0.9,0.051));
#4475=VERTEX_POINT('',#4476);
#4474=EDGE_CURVE('',#4475,#4465,#4479,.T.);
#4479=LINE('',#4476,#4481);
#4481=VECTOR('',#4482,0.300000921852187);
#4482=DIRECTION('',(-1.0,0.0,0.0));
#4473=ORIENTED_EDGE('',*,*,#4474,.F.);
#4484=EDGE_CURVE('',#4308,#4475,#4489,.T.);
#4489=LINE('',#4309,#4491);
#4491=VECTOR('',#4492,0.0508);
#4492=DIRECTION('',(0.0,0.0,1.0));
#4483=ORIENTED_EDGE('',*,*,#4484,.F.);
#4493=ORIENTED_EDGE('',*,*,#4307,.T.);
#4503=ORIENTED_EDGE('',*,*,#4297,.T.);
#4514=EDGE_CURVE('',#4467,#4298,#4519,.T.);
#4519=LINE('',#4468,#4521);
#4521=VECTOR('',#4522,0.350800921013696);
#4522=DIRECTION('',(1.0,0.0,0.0));
#4513=ORIENTED_EDGE('',*,*,#4514,.F.);
#4523=STYLED_ITEM('color',(#34),#4524);
#4524=ADVANCED_FACE($,(#4530),#4525,.T.);
#4525=PLANE($,#4526);
#4526=AXIS2_PLACEMENT_3D($,#4527,#4528,#4529);
#4527=CARTESIAN_POINT('',(3.55,0.6,0.051));
#4528=DIRECTION('',(0.0,0.0,1.0));
#4529=DIRECTION('',(1.,0.,0.));
#4530=FACE_OUTER_BOUND($,#4531,.T.);
#4531=EDGE_LOOP($,(#4534, #4544, #4554, #4564));
#4534=ORIENTED_EDGE('',*,*,#4425,.T.);
#4545=EDGE_CURVE('',#4475,#4416,#4550,.T.);
#4550=LINE('',#4476,#4552);
#4552=VECTOR('',#4553,0.299999905845577);
#4553=DIRECTION('',(0.0,-1.0,0.0));
#4544=ORIENTED_EDGE('',*,*,#4545,.F.);
#4554=ORIENTED_EDGE('',*,*,#4474,.T.);
#4565=EDGE_CURVE($,#4426,#4465,#4570,.T.);
#4570=CIRCLE($,#4571,0.149999954);
#4572=CARTESIAN_POINT('',(3.25,0.75,0.051));
#4571=AXIS2_PLACEMENT_3D($,#4572,#4573,#4574);
#4573=DIRECTION('',(0.0,0.0,-1.0));
#4574=DIRECTION('',(0.0,1.0,0.0));
#4564=ORIENTED_EDGE('',*,*,#4565,.F.);
#4575=STYLED_ITEM('color',(#34),#4576);
#4576=ADVANCED_FACE($,(#4582),#4577,.T.);
#4577=PLANE($,#4578);
#4578=AXIS2_PLACEMENT_3D($,#4579,#4580,#4581);
#4579=CARTESIAN_POINT('',(3.25,0.9,0.0));
#4580=DIRECTION('',(0.0,0.0,-1.0));
#4581=DIRECTION('',(1.,0.,0.));
#4582=FACE_OUTER_BOUND($,#4583,.T.);
#4583=EDGE_LOOP($,(#4586, #4596, #4606, #4616));
#4586=ORIENTED_EDGE('',*,*,#4514,.T.);
#4596=ORIENTED_EDGE('',*,*,#4297,.T.);
#4606=ORIENTED_EDGE('',*,*,#4445,.T.);
#4617=EDGE_CURVE($,#4467,#4436,#4622,.T.);
#4622=CIRCLE($,#4623,0.149999954);
#4624=CARTESIAN_POINT('',(3.25,0.75,0.0));
#4623=AXIS2_PLACEMENT_3D($,#4624,#4625,#4626);
#4625=DIRECTION('',(0.0,0.0,1.0));
#4626=DIRECTION('',(0.0,-1.0,0.0));
#4616=ORIENTED_EDGE('',*,*,#4617,.F.);
#4627=STYLED_ITEM('color',(#34),#4628);
#4628=ADVANCED_FACE($,(#4634),#4629,.T.);
#4629=CYLINDRICAL_SURFACE($,#4630,0.149999954);
#4630=AXIS2_PLACEMENT_3D($,#4631,#4632,#4633);
#4631=CARTESIAN_POINT('',(3.25,0.75,0.0));
#4632=DIRECTION('',(0.,0.,1.));
#4633=DIRECTION('',(0.,1.,0.));
#4634=FACE_OUTER_BOUND($,#4635,.T.);
#4635=EDGE_LOOP($,(#4658, #4636, #4668, #4647));
#4658=ORIENTED_EDGE('',*,*,#4464,.T.);
#4636=ORIENTED_EDGE('',*,*,#4617,.T.);
#4668=ORIENTED_EDGE('',*,*,#4435,.T.);
#4647=ORIENTED_EDGE('',*,*,#4565,.T.);
#4680=STYLED_ITEM('',(#34),#4681);
#4681=ADVANCED_FACE('',(#4687),#4682,.T.);
#4682=PLANE('',#4683);
#4683=AXIS2_PLACEMENT_3D('',#4684,#4685,#4686);
#4684=CARTESIAN_POINT('',(3.55,0.6,0.0));
#4685=DIRECTION('',(1.0,0.0,0.0));
#4686=DIRECTION('',(0.,0.,1.));
#4687=FACE_OUTER_BOUND('',#4688,.T.);
#4688=EDGE_LOOP('',(#4689,#4699,#4709,#4719));
#4689=ORIENTED_EDGE('',*,*,#4317,.T.);
#4699=ORIENTED_EDGE('',*,*,#4484,.T.);
#4709=ORIENTED_EDGE('',*,*,#4545,.T.);
#4719=ORIENTED_EDGE('',*,*,#4415,.T.);
#5147=MANIFOLD_SOLID_BREP($,#5148);
#5148=CLOSED_SHELL('',(#5150,#5199,#5248,#5317,#5386,#5438,#5490,#5543));
#5149=STYLED_ITEM('',(#34),#5150);
#5150=ADVANCED_FACE('',(#5156),#5151,.T.);
#5151=PLANE('',#5152);
#5152=AXIS2_PLACEMENT_3D('',#5153,#5154,#5155);
#5153=CARTESIAN_POINT('',(3.601,0.1,0.0));
#5154=DIRECTION('',(0.0,0.0,1.0));
#5155=DIRECTION('',(0.,1.,0.));
#5156=FACE_OUTER_BOUND('',#5157,.T.);
#5157=EDGE_LOOP('',(#5158,#5168,#5178,#5188));
#5161=CARTESIAN_POINT('',(3.601,0.4,0.0));
#5160=VERTEX_POINT('',#5161);
#5163=CARTESIAN_POINT('',(3.601,0.1,0.0));
#5162=VERTEX_POINT('',#5163);
#5159=EDGE_CURVE('',#5160,#5162,#5164,.T.);
#5164=LINE('',#5161,#5166);
#5166=VECTOR('',#5167,0.299999908);
#5167=DIRECTION('',(0.0,-1.0,0.0));
#5158=ORIENTED_EDGE('',*,*,#5159,.F.);
#5171=CARTESIAN_POINT('',(3.55,0.4,0.0));
#5170=VERTEX_POINT('',#5171);
#5169=EDGE_CURVE('',#5170,#5160,#5174,.T.);
#5174=LINE('',#5171,#5176);
#5176=VECTOR('',#5177,0.0507999991615086);
#5177=DIRECTION('',(1.0,0.0,0.0));
#5168=ORIENTED_EDGE('',*,*,#5169,.F.);
#5181=CARTESIAN_POINT('',(3.55,0.1,0.0));
#5180=VERTEX_POINT('',#5181);
#5179=EDGE_CURVE('',#5180,#5170,#5184,.T.);
#5184=LINE('',#5181,#5186);
#5186=VECTOR('',#5187,0.299999905845577);
#5187=DIRECTION('',(0.0,1.0,0.0));
#5178=ORIENTED_EDGE('',*,*,#5179,.F.);
#5189=EDGE_CURVE('',#5162,#5180,#5194,.T.);
#5194=LINE('',#5163,#5196);
#5196=VECTOR('',#5197,0.0507999991615094);
#5197=DIRECTION('',(-1.0,0.0,0.0));
#5188=ORIENTED_EDGE('',*,*,#5189,.F.);
#5198=STYLED_ITEM('',(#34),#5199);
#5199=ADVANCED_FACE('',(#5205),#5200,.T.);
#5200=PLANE('',#5201);
#5201=AXIS2_PLACEMENT_3D('',#5202,#5203,#5204);
#5202=CARTESIAN_POINT('',(3.601,0.1,0.0));
#5203=DIRECTION('',(1.0,0.0,0.0));
#5204=DIRECTION('',(0.,0.,1.));
#5205=FACE_OUTER_BOUND('',#5206,.T.);
#5206=EDGE_LOOP('',(#5207,#5217,#5227,#5237));
#5207=ORIENTED_EDGE('',*,*,#5159,.F.);
#5217=ORIENTED_EDGE('',*,*,#5159,.T.);
#5227=ORIENTED_EDGE('',*,*,#5159,.T.);
#5237=ORIENTED_EDGE('',*,*,#5159,.T.);
#5247=STYLED_ITEM('',(#34),#5248);
#5248=ADVANCED_FACE('',(#5254),#5249,.T.);
#5249=PLANE('',#5250);
#5250=AXIS2_PLACEMENT_3D('',#5251,#5252,#5253);
#5251=CARTESIAN_POINT('',(3.601,0.1,0.0));
#5252=DIRECTION('',(0.0,1.0,0.0));
#5253=DIRECTION('',(0.,0.,1.));
#5254=FACE_OUTER_BOUND('',#5255,.T.);
#5255=EDGE_LOOP('',(#5256,#5266,#5276,#5286,#5296,#5306));
#5256=ORIENTED_EDGE('',*,*,#5159,.T.);
#5266=ORIENTED_EDGE('',*,*,#5189,.T.);
#5279=CARTESIAN_POINT('',(3.55,0.1,0.051));
#5278=VERTEX_POINT('',#5279);
#5277=EDGE_CURVE('',#5278,#5180,#5282,.T.);
#5282=LINE('',#5279,#5284);
#5284=VECTOR('',#5285,0.0508);
#5285=DIRECTION('',(0.0,0.0,-1.0));
#5276=ORIENTED_EDGE('',*,*,#5277,.F.);
#5289=CARTESIAN_POINT('',(3.25,0.1,0.051));
#5288=VERTEX_POINT('',#5289);
#5287=EDGE_CURVE('',#5288,#5278,#5292,.T.);
#5292=LINE('',#5289,#5294);
#5294=VECTOR('',#5295,0.300000921852187);
#5295=DIRECTION('',(1.0,0.0,0.0));
#5286=ORIENTED_EDGE('',*,*,#5287,.F.);
#5299=CARTESIAN_POINT('',(3.25,0.1,0.0));
#5298=VERTEX_POINT('',#5299);
#5297=EDGE_CURVE('',#5298,#5288,#5302,.T.);
#5302=LINE('',#5299,#5304);
#5304=VECTOR('',#5305,0.0508);
#5305=DIRECTION('',(0.0,0.0,1.0));
#5296=ORIENTED_EDGE('',*,*,#5297,.F.);
#5307=EDGE_CURVE('',#5162,#5298,#5312,.T.);
#5312=LINE('',#5163,#5314);
#5314=VECTOR('',#5315,0.350800921013696);
#5315=DIRECTION('',(-1.0,0.0,0.0));
#5306=ORIENTED_EDGE('',*,*,#5307,.F.);
#5316=STYLED_ITEM('',(#34),#5317);
#5317=ADVANCED_FACE('',(#5323),#5318,.T.);
#5318=PLANE('',#5319);
#5319=AXIS2_PLACEMENT_3D('',#5320,#5321,#5322);
#5320=CARTESIAN_POINT('',(3.25,0.4,0.0));
#5321=DIRECTION('',(0.0,1.0,0.0));
#5322=DIRECTION('',(0.,0.,1.));
#5323=FACE_OUTER_BOUND('',#5324,.T.);
#5324=EDGE_LOOP('',(#5325,#5335,#5345,#5355,#5365,#5375));
#5328=CARTESIAN_POINT('',(3.25,0.4,0.051));
#5327=VERTEX_POINT('',#5328);
#5330=CARTESIAN_POINT('',(3.25,0.4,0.0));
#5329=VERTEX_POINT('',#5330);
#5326=EDGE_CURVE('',#5327,#5329,#5331,.T.);
#5331=LINE('',#5328,#5333);
#5333=VECTOR('',#5334,0.0508);
#5334=DIRECTION('',(0.0,0.0,-1.0));
#5325=ORIENTED_EDGE('',*,*,#5326,.F.);
#5338=CARTESIAN_POINT('',(3.55,0.4,0.051));
#5337=VERTEX_POINT('',#5338);
#5336=EDGE_CURVE('',#5337,#5327,#5341,.T.);
#5341=LINE('',#5338,#5343);
#5343=VECTOR('',#5344,0.300000921852187);
#5344=DIRECTION('',(-1.0,0.0,0.0));
#5335=ORIENTED_EDGE('',*,*,#5336,.F.);
#5346=EDGE_CURVE('',#5170,#5337,#5351,.T.);
#5351=LINE('',#5171,#5353);
#5353=VECTOR('',#5354,0.0508);
#5354=DIRECTION('',(0.0,0.0,1.0));
#5345=ORIENTED_EDGE('',*,*,#5346,.F.);
#5355=ORIENTED_EDGE('',*,*,#5169,.T.);
#5365=ORIENTED_EDGE('',*,*,#5159,.T.);
#5376=EDGE_CURVE('',#5329,#5160,#5381,.T.);
#5381=LINE('',#5330,#5383);
#5383=VECTOR('',#5384,0.350800921013696);
#5384=DIRECTION('',(1.0,0.0,0.0));
#5375=ORIENTED_EDGE('',*,*,#5376,.F.);
#5385=STYLED_ITEM('color',(#34),#5386);
#5386=ADVANCED_FACE($,(#5392),#5387,.T.);
#5387=PLANE($,#5388);
#5388=AXIS2_PLACEMENT_3D($,#5389,#5390,#5391);
#5389=CARTESIAN_POINT('',(3.55,0.1,0.051));
#5390=DIRECTION('',(0.0,0.0,1.0));
#5391=DIRECTION('',(1.,0.,0.));
#5392=FACE_OUTER_BOUND($,#5393,.T.);
#5393=EDGE_LOOP($,(#5396, #5406, #5416, #5426));
#5396=ORIENTED_EDGE('',*,*,#5287,.T.);
#5407=EDGE_CURVE('',#5337,#5278,#5412,.T.);
#5412=LINE('',#5338,#5414);
#5414=VECTOR('',#5415,0.299999905845577);
#5415=DIRECTION('',(0.0,-1.0,0.0));
#5406=ORIENTED_EDGE('',*,*,#5407,.F.);
#5416=ORIENTED_EDGE('',*,*,#5336,.T.);
#5427=EDGE_CURVE($,#5288,#5327,#5432,.T.);
#5432=CIRCLE($,#5433,0.149999954);
#5434=CARTESIAN_POINT('',(3.25,0.25,0.051));
#5433=AXIS2_PLACEMENT_3D($,#5434,#5435,#5436);
#5435=DIRECTION('',(0.0,0.0,-1.0));
#5436=DIRECTION('',(0.0,1.0,0.0));
#5426=ORIENTED_EDGE('',*,*,#5427,.F.);
#5437=STYLED_ITEM('color',(#34),#5438);
#5438=ADVANCED_FACE($,(#5444),#5439,.T.);
#5439=PLANE($,#5440);
#5440=AXIS2_PLACEMENT_3D($,#5441,#5442,#5443);
#5441=CARTESIAN_POINT('',(3.25,0.4,0.0));
#5442=DIRECTION('',(0.0,0.0,-1.0));
#5443=DIRECTION('',(1.,0.,0.));
#5444=FACE_OUTER_BOUND($,#5445,.T.);
#5445=EDGE_LOOP($,(#5448, #5458, #5468, #5478));
#5448=ORIENTED_EDGE('',*,*,#5376,.T.);
#5458=ORIENTED_EDGE('',*,*,#5159,.T.);
#5468=ORIENTED_EDGE('',*,*,#5307,.T.);
#5479=EDGE_CURVE($,#5329,#5298,#5484,.T.);
#5484=CIRCLE($,#5485,0.149999954);
#5486=CARTESIAN_POINT('',(3.25,0.25,0.0));
#5485=AXIS2_PLACEMENT_3D($,#5486,#5487,#5488);
#5487=DIRECTION('',(0.0,0.0,1.0));
#5488=DIRECTION('',(0.0,-1.0,0.0));
#5478=ORIENTED_EDGE('',*,*,#5479,.F.);
#5489=STYLED_ITEM('color',(#34),#5490);
#5490=ADVANCED_FACE($,(#5496),#5491,.T.);
#5491=CYLINDRICAL_SURFACE($,#5492,0.149999954);
#5492=AXIS2_PLACEMENT_3D($,#5493,#5494,#5495);
#5493=CARTESIAN_POINT('',(3.25,0.25,0.0));
#5494=DIRECTION('',(0.,0.,1.));
#5495=DIRECTION('',(0.,1.,0.));
#5496=FACE_OUTER_BOUND($,#5497,.T.);
#5497=EDGE_LOOP($,(#5520, #5498, #5530, #5509));
#5520=ORIENTED_EDGE('',*,*,#5326,.T.);
#5498=ORIENTED_EDGE('',*,*,#5479,.T.);
#5530=ORIENTED_EDGE('',*,*,#5297,.T.);
#5509=ORIENTED_EDGE('',*,*,#5427,.T.);
#5542=STYLED_ITEM('',(#34),#5543);
#5543=ADVANCED_FACE('',(#5549),#5544,.T.);
#5544=PLANE('',#5545);
#5545=AXIS2_PLACEMENT_3D('',#5546,#5547,#5548);
#5546=CARTESIAN_POINT('',(3.55,0.1,0.0));
#5547=DIRECTION('',(1.0,0.0,0.0));
#5548=DIRECTION('',(0.,0.,1.));
#5549=FACE_OUTER_BOUND('',#5550,.T.);
#5550=EDGE_LOOP('',(#5551,#5561,#5571,#5581));
#5551=ORIENTED_EDGE('',*,*,#5179,.T.);
#5561=ORIENTED_EDGE('',*,*,#5346,.T.);
#5571=ORIENTED_EDGE('',*,*,#5407,.T.);
#5581=ORIENTED_EDGE('',*,*,#5277,.T.);
#6009=MANIFOLD_SOLID_BREP($,#6010);
#6010=CLOSED_SHELL('',(#6012,#6061,#6110,#6179,#6248,#6300,#6352,#6405));
#6011=STYLED_ITEM('',(#34),#6012);
#6012=ADVANCED_FACE('',(#6018),#6013,.T.);
#6013=PLANE('',#6014);
#6014=AXIS2_PLACEMENT_3D('',#6015,#6016,#6017);
#6015=CARTESIAN_POINT('',(3.601,-0.4,0.0));
#6016=DIRECTION('',(0.0,0.0,1.0));
#6017=DIRECTION('',(0.,1.,0.));
#6018=FACE_OUTER_BOUND('',#6019,.T.);
#6019=EDGE_LOOP('',(#6020,#6030,#6040,#6050));
#6023=CARTESIAN_POINT('',(3.601,-0.1,0.0));
#6022=VERTEX_POINT('',#6023);
#6025=CARTESIAN_POINT('',(3.601,-0.4,0.0));
#6024=VERTEX_POINT('',#6025);
#6021=EDGE_CURVE('',#6022,#6024,#6026,.T.);
#6026=LINE('',#6023,#6028);
#6028=VECTOR('',#6029,0.299999908);
#6029=DIRECTION('',(0.0,-1.0,0.0));
#6020=ORIENTED_EDGE('',*,*,#6021,.F.);
#6033=CARTESIAN_POINT('',(3.55,-0.1,0.0));
#6032=VERTEX_POINT('',#6033);
#6031=EDGE_CURVE('',#6032,#6022,#6036,.T.);
#6036=LINE('',#6033,#6038);
#6038=VECTOR('',#6039,0.0507999991615086);
#6039=DIRECTION('',(1.0,0.0,0.0));
#6030=ORIENTED_EDGE('',*,*,#6031,.F.);
#6043=CARTESIAN_POINT('',(3.55,-0.4,0.0));
#6042=VERTEX_POINT('',#6043);
#6041=EDGE_CURVE('',#6042,#6032,#6046,.T.);
#6046=LINE('',#6043,#6048);
#6048=VECTOR('',#6049,0.299999905845577);
#6049=DIRECTION('',(0.0,1.0,0.0));
#6040=ORIENTED_EDGE('',*,*,#6041,.F.);
#6051=EDGE_CURVE('',#6024,#6042,#6056,.T.);
#6056=LINE('',#6025,#6058);
#6058=VECTOR('',#6059,0.0507999991615094);
#6059=DIRECTION('',(-1.0,0.0,0.0));
#6050=ORIENTED_EDGE('',*,*,#6051,.F.);
#6060=STYLED_ITEM('',(#34),#6061);
#6061=ADVANCED_FACE('',(#6067),#6062,.T.);
#6062=PLANE('',#6063);
#6063=AXIS2_PLACEMENT_3D('',#6064,#6065,#6066);
#6064=CARTESIAN_POINT('',(3.601,-0.4,0.0));
#6065=DIRECTION('',(1.0,0.0,0.0));
#6066=DIRECTION('',(0.,0.,1.));
#6067=FACE_OUTER_BOUND('',#6068,.T.);
#6068=EDGE_LOOP('',(#6069,#6079,#6089,#6099));
#6069=ORIENTED_EDGE('',*,*,#6021,.F.);
#6079=ORIENTED_EDGE('',*,*,#6021,.T.);
#6089=ORIENTED_EDGE('',*,*,#6021,.T.);
#6099=ORIENTED_EDGE('',*,*,#6021,.T.);
#6109=STYLED_ITEM('',(#34),#6110);
#6110=ADVANCED_FACE('',(#6116),#6111,.T.);
#6111=PLANE('',#6112);
#6112=AXIS2_PLACEMENT_3D('',#6113,#6114,#6115);
#6113=CARTESIAN_POINT('',(3.601,-0.4,0.0));
#6114=DIRECTION('',(0.0,1.0,0.0));
#6115=DIRECTION('',(0.,0.,1.));
#6116=FACE_OUTER_BOUND('',#6117,.T.);
#6117=EDGE_LOOP('',(#6118,#6128,#6138,#6148,#6158,#6168));
#6118=ORIENTED_EDGE('',*,*,#6021,.T.);
#6128=ORIENTED_EDGE('',*,*,#6051,.T.);
#6141=CARTESIAN_POINT('',(3.55,-0.4,0.051));
#6140=VERTEX_POINT('',#6141);
#6139=EDGE_CURVE('',#6140,#6042,#6144,.T.);
#6144=LINE('',#6141,#6146);
#6146=VECTOR('',#6147,0.0508);
#6147=DIRECTION('',(0.0,0.0,-1.0));
#6138=ORIENTED_EDGE('',*,*,#6139,.F.);
#6151=CARTESIAN_POINT('',(3.25,-0.4,0.051));
#6150=VERTEX_POINT('',#6151);
#6149=EDGE_CURVE('',#6150,#6140,#6154,.T.);
#6154=LINE('',#6151,#6156);
#6156=VECTOR('',#6157,0.300000921852187);
#6157=DIRECTION('',(1.0,0.0,0.0));
#6148=ORIENTED_EDGE('',*,*,#6149,.F.);
#6161=CARTESIAN_POINT('',(3.25,-0.4,0.0));
#6160=VERTEX_POINT('',#6161);
#6159=EDGE_CURVE('',#6160,#6150,#6164,.T.);
#6164=LINE('',#6161,#6166);
#6166=VECTOR('',#6167,0.0508);
#6167=DIRECTION('',(0.0,0.0,1.0));
#6158=ORIENTED_EDGE('',*,*,#6159,.F.);
#6169=EDGE_CURVE('',#6024,#6160,#6174,.T.);
#6174=LINE('',#6025,#6176);
#6176=VECTOR('',#6177,0.350800921013696);
#6177=DIRECTION('',(-1.0,0.0,0.0));
#6168=ORIENTED_EDGE('',*,*,#6169,.F.);
#6178=STYLED_ITEM('',(#34),#6179);
#6179=ADVANCED_FACE('',(#6185),#6180,.T.);
#6180=PLANE('',#6181);
#6181=AXIS2_PLACEMENT_3D('',#6182,#6183,#6184);
#6182=CARTESIAN_POINT('',(3.25,-0.1,0.0));
#6183=DIRECTION('',(0.0,1.0,0.0));
#6184=DIRECTION('',(0.,0.,1.));
#6185=FACE_OUTER_BOUND('',#6186,.T.);
#6186=EDGE_LOOP('',(#6187,#6197,#6207,#6217,#6227,#6237));
#6190=CARTESIAN_POINT('',(3.25,-0.1,0.051));
#6189=VERTEX_POINT('',#6190);
#6192=CARTESIAN_POINT('',(3.25,-0.1,0.0));
#6191=VERTEX_POINT('',#6192);
#6188=EDGE_CURVE('',#6189,#6191,#6193,.T.);
#6193=LINE('',#6190,#6195);
#6195=VECTOR('',#6196,0.0508);
#6196=DIRECTION('',(0.0,0.0,-1.0));
#6187=ORIENTED_EDGE('',*,*,#6188,.F.);
#6200=CARTESIAN_POINT('',(3.55,-0.1,0.051));
#6199=VERTEX_POINT('',#6200);
#6198=EDGE_CURVE('',#6199,#6189,#6203,.T.);
#6203=LINE('',#6200,#6205);
#6205=VECTOR('',#6206,0.300000921852187);
#6206=DIRECTION('',(-1.0,0.0,0.0));
#6197=ORIENTED_EDGE('',*,*,#6198,.F.);
#6208=EDGE_CURVE('',#6032,#6199,#6213,.T.);
#6213=LINE('',#6033,#6215);
#6215=VECTOR('',#6216,0.0508);
#6216=DIRECTION('',(0.0,0.0,1.0));
#6207=ORIENTED_EDGE('',*,*,#6208,.F.);
#6217=ORIENTED_EDGE('',*,*,#6031,.T.);
#6227=ORIENTED_EDGE('',*,*,#6021,.T.);
#6238=EDGE_CURVE('',#6191,#6022,#6243,.T.);
#6243=LINE('',#6192,#6245);
#6245=VECTOR('',#6246,0.350800921013696);
#6246=DIRECTION('',(1.0,0.0,0.0));
#6237=ORIENTED_EDGE('',*,*,#6238,.F.);
#6247=STYLED_ITEM('color',(#34),#6248);
#6248=ADVANCED_FACE($,(#6254),#6249,.T.);
#6249=PLANE($,#6250);
#6250=AXIS2_PLACEMENT_3D($,#6251,#6252,#6253);
#6251=CARTESIAN_POINT('',(3.55,-0.4,0.051));
#6252=DIRECTION('',(0.0,0.0,1.0));
#6253=DIRECTION('',(1.,0.,0.));
#6254=FACE_OUTER_BOUND($,#6255,.T.);
#6255=EDGE_LOOP($,(#6258, #6268, #6278, #6288));
#6258=ORIENTED_EDGE('',*,*,#6149,.T.);
#6269=EDGE_CURVE('',#6199,#6140,#6274,.T.);
#6274=LINE('',#6200,#6276);
#6276=VECTOR('',#6277,0.299999905845577);
#6277=DIRECTION('',(0.0,-1.0,0.0));
#6268=ORIENTED_EDGE('',*,*,#6269,.F.);
#6278=ORIENTED_EDGE('',*,*,#6198,.T.);
#6289=EDGE_CURVE($,#6150,#6189,#6294,.T.);
#6294=CIRCLE($,#6295,0.149999954);
#6296=CARTESIAN_POINT('',(3.25,-0.25,0.051));
#6295=AXIS2_PLACEMENT_3D($,#6296,#6297,#6298);
#6297=DIRECTION('',(0.0,0.0,-1.0));
#6298=DIRECTION('',(0.0,1.0,0.0));
#6288=ORIENTED_EDGE('',*,*,#6289,.F.);
#6299=STYLED_ITEM('color',(#34),#6300);
#6300=ADVANCED_FACE($,(#6306),#6301,.T.);
#6301=PLANE($,#6302);
#6302=AXIS2_PLACEMENT_3D($,#6303,#6304,#6305);
#6303=CARTESIAN_POINT('',(3.25,-0.1,0.0));
#6304=DIRECTION('',(0.0,0.0,-1.0));
#6305=DIRECTION('',(1.,0.,0.));
#6306=FACE_OUTER_BOUND($,#6307,.T.);
#6307=EDGE_LOOP($,(#6310, #6320, #6330, #6340));
#6310=ORIENTED_EDGE('',*,*,#6238,.T.);
#6320=ORIENTED_EDGE('',*,*,#6021,.T.);
#6330=ORIENTED_EDGE('',*,*,#6169,.T.);
#6341=EDGE_CURVE($,#6191,#6160,#6346,.T.);
#6346=CIRCLE($,#6347,0.149999954);
#6348=CARTESIAN_POINT('',(3.25,-0.25,0.0));
#6347=AXIS2_PLACEMENT_3D($,#6348,#6349,#6350);
#6349=DIRECTION('',(0.0,0.0,1.0));
#6350=DIRECTION('',(0.0,-1.0,0.0));
#6340=ORIENTED_EDGE('',*,*,#6341,.F.);
#6351=STYLED_ITEM('color',(#34),#6352);
#6352=ADVANCED_FACE($,(#6358),#6353,.T.);
#6353=CYLINDRICAL_SURFACE($,#6354,0.149999954);
#6354=AXIS2_PLACEMENT_3D($,#6355,#6356,#6357);
#6355=CARTESIAN_POINT('',(3.25,-0.25,0.0));
#6356=DIRECTION('',(0.,0.,1.));
#6357=DIRECTION('',(0.,1.,0.));
#6358=FACE_OUTER_BOUND($,#6359,.T.);
#6359=EDGE_LOOP($,(#6382, #6360, #6392, #6371));
#6382=ORIENTED_EDGE('',*,*,#6188,.T.);
#6360=ORIENTED_EDGE('',*,*,#6341,.T.);
#6392=ORIENTED_EDGE('',*,*,#6159,.T.);
#6371=ORIENTED_EDGE('',*,*,#6289,.T.);
#6404=STYLED_ITEM('',(#34),#6405);
#6405=ADVANCED_FACE('',(#6411),#6406,.T.);
#6406=PLANE('',#6407);
#6407=AXIS2_PLACEMENT_3D('',#6408,#6409,#6410);
#6408=CARTESIAN_POINT('',(3.55,-0.4,0.0));
#6409=DIRECTION('',(1.0,0.0,0.0));
#6410=DIRECTION('',(0.,0.,1.));
#6411=FACE_OUTER_BOUND('',#6412,.T.);
#6412=EDGE_LOOP('',(#6413,#6423,#6433,#6443));
#6413=ORIENTED_EDGE('',*,*,#6041,.T.);
#6423=ORIENTED_EDGE('',*,*,#6208,.T.);
#6433=ORIENTED_EDGE('',*,*,#6269,.T.);
#6443=ORIENTED_EDGE('',*,*,#6139,.T.);
#6871=MANIFOLD_SOLID_BREP($,#6872);
#6872=CLOSED_SHELL('',(#6874,#6923,#6972,#7041,#7110,#7162,#7214,#7267));
#6873=STYLED_ITEM('',(#34),#6874);
#6874=ADVANCED_FACE('',(#6880),#6875,.T.);
#6875=PLANE('',#6876);
#6876=AXIS2_PLACEMENT_3D('',#6877,#6878,#6879);
#6877=CARTESIAN_POINT('',(3.601,-0.9,0.0));
#6878=DIRECTION('',(0.0,0.0,1.0));
#6879=DIRECTION('',(0.,1.,0.));
#6880=FACE_OUTER_BOUND('',#6881,.T.);
#6881=EDGE_LOOP('',(#6882,#6892,#6902,#6912));
#6885=CARTESIAN_POINT('',(3.601,-0.6,0.0));
#6884=VERTEX_POINT('',#6885);
#6887=CARTESIAN_POINT('',(3.601,-0.9,0.0));
#6886=VERTEX_POINT('',#6887);
#6883=EDGE_CURVE('',#6884,#6886,#6888,.T.);
#6888=LINE('',#6885,#6890);
#6890=VECTOR('',#6891,0.299999908);
#6891=DIRECTION('',(0.0,-1.0,0.0));
#6882=ORIENTED_EDGE('',*,*,#6883,.F.);
#6895=CARTESIAN_POINT('',(3.55,-0.6,0.0));
#6894=VERTEX_POINT('',#6895);
#6893=EDGE_CURVE('',#6894,#6884,#6898,.T.);
#6898=LINE('',#6895,#6900);
#6900=VECTOR('',#6901,0.0507999991615086);
#6901=DIRECTION('',(1.0,0.0,0.0));
#6892=ORIENTED_EDGE('',*,*,#6893,.F.);
#6905=CARTESIAN_POINT('',(3.55,-0.9,0.0));
#6904=VERTEX_POINT('',#6905);
#6903=EDGE_CURVE('',#6904,#6894,#6908,.T.);
#6908=LINE('',#6905,#6910);
#6910=VECTOR('',#6911,0.299999905845577);
#6911=DIRECTION('',(0.0,1.0,0.0));
#6902=ORIENTED_EDGE('',*,*,#6903,.F.);
#6913=EDGE_CURVE('',#6886,#6904,#6918,.T.);
#6918=LINE('',#6887,#6920);
#6920=VECTOR('',#6921,0.0507999991615094);
#6921=DIRECTION('',(-1.0,0.0,0.0));
#6912=ORIENTED_EDGE('',*,*,#6913,.F.);
#6922=STYLED_ITEM('',(#34),#6923);
#6923=ADVANCED_FACE('',(#6929),#6924,.T.);
#6924=PLANE('',#6925);
#6925=AXIS2_PLACEMENT_3D('',#6926,#6927,#6928);
#6926=CARTESIAN_POINT('',(3.601,-0.9,0.0));
#6927=DIRECTION('',(1.0,0.0,0.0));
#6928=DIRECTION('',(0.,0.,1.));
#6929=FACE_OUTER_BOUND('',#6930,.T.);
#6930=EDGE_LOOP('',(#6931,#6941,#6951,#6961));
#6931=ORIENTED_EDGE('',*,*,#6883,.F.);
#6941=ORIENTED_EDGE('',*,*,#6883,.T.);
#6951=ORIENTED_EDGE('',*,*,#6883,.T.);
#6961=ORIENTED_EDGE('',*,*,#6883,.T.);
#6971=STYLED_ITEM('',(#34),#6972);
#6972=ADVANCED_FACE('',(#6978),#6973,.T.);
#6973=PLANE('',#6974);
#6974=AXIS2_PLACEMENT_3D('',#6975,#6976,#6977);
#6975=CARTESIAN_POINT('',(3.601,-0.9,0.0));
#6976=DIRECTION('',(0.0,1.0,0.0));
#6977=DIRECTION('',(0.,0.,1.));
#6978=FACE_OUTER_BOUND('',#6979,.T.);
#6979=EDGE_LOOP('',(#6980,#6990,#7000,#7010,#7020,#7030));
#6980=ORIENTED_EDGE('',*,*,#6883,.T.);
#6990=ORIENTED_EDGE('',*,*,#6913,.T.);
#7003=CARTESIAN_POINT('',(3.55,-0.9,0.051));
#7002=VERTEX_POINT('',#7003);
#7001=EDGE_CURVE('',#7002,#6904,#7006,.T.);
#7006=LINE('',#7003,#7008);
#7008=VECTOR('',#7009,0.0508);
#7009=DIRECTION('',(0.0,0.0,-1.0));
#7000=ORIENTED_EDGE('',*,*,#7001,.F.);
#7013=CARTESIAN_POINT('',(3.25,-0.9,0.051));
#7012=VERTEX_POINT('',#7013);
#7011=EDGE_CURVE('',#7012,#7002,#7016,.T.);
#7016=LINE('',#7013,#7018);
#7018=VECTOR('',#7019,0.300000921852187);
#7019=DIRECTION('',(1.0,0.0,0.0));
#7010=ORIENTED_EDGE('',*,*,#7011,.F.);
#7023=CARTESIAN_POINT('',(3.25,-0.9,0.0));
#7022=VERTEX_POINT('',#7023);
#7021=EDGE_CURVE('',#7022,#7012,#7026,.T.);
#7026=LINE('',#7023,#7028);
#7028=VECTOR('',#7029,0.0508);
#7029=DIRECTION('',(0.0,0.0,1.0));
#7020=ORIENTED_EDGE('',*,*,#7021,.F.);
#7031=EDGE_CURVE('',#6886,#7022,#7036,.T.);
#7036=LINE('',#6887,#7038);
#7038=VECTOR('',#7039,0.350800921013696);
#7039=DIRECTION('',(-1.0,0.0,0.0));
#7030=ORIENTED_EDGE('',*,*,#7031,.F.);
#7040=STYLED_ITEM('',(#34),#7041);
#7041=ADVANCED_FACE('',(#7047),#7042,.T.);
#7042=PLANE('',#7043);
#7043=AXIS2_PLACEMENT_3D('',#7044,#7045,#7046);
#7044=CARTESIAN_POINT('',(3.25,-0.6,0.0));
#7045=DIRECTION('',(0.0,1.0,0.0));
#7046=DIRECTION('',(0.,0.,1.));
#7047=FACE_OUTER_BOUND('',#7048,.T.);
#7048=EDGE_LOOP('',(#7049,#7059,#7069,#7079,#7089,#7099));
#7052=CARTESIAN_POINT('',(3.25,-0.6,0.051));
#7051=VERTEX_POINT('',#7052);
#7054=CARTESIAN_POINT('',(3.25,-0.6,0.0));
#7053=VERTEX_POINT('',#7054);
#7050=EDGE_CURVE('',#7051,#7053,#7055,.T.);
#7055=LINE('',#7052,#7057);
#7057=VECTOR('',#7058,0.0508);
#7058=DIRECTION('',(0.0,0.0,-1.0));
#7049=ORIENTED_EDGE('',*,*,#7050,.F.);
#7062=CARTESIAN_POINT('',(3.55,-0.6,0.051));
#7061=VERTEX_POINT('',#7062);
#7060=EDGE_CURVE('',#7061,#7051,#7065,.T.);
#7065=LINE('',#7062,#7067);
#7067=VECTOR('',#7068,0.300000921852187);
#7068=DIRECTION('',(-1.0,0.0,0.0));
#7059=ORIENTED_EDGE('',*,*,#7060,.F.);
#7070=EDGE_CURVE('',#6894,#7061,#7075,.T.);
#7075=LINE('',#6895,#7077);
#7077=VECTOR('',#7078,0.0508);
#7078=DIRECTION('',(0.0,0.0,1.0));
#7069=ORIENTED_EDGE('',*,*,#7070,.F.);
#7079=ORIENTED_EDGE('',*,*,#6893,.T.);
#7089=ORIENTED_EDGE('',*,*,#6883,.T.);
#7100=EDGE_CURVE('',#7053,#6884,#7105,.T.);
#7105=LINE('',#7054,#7107);
#7107=VECTOR('',#7108,0.350800921013696);
#7108=DIRECTION('',(1.0,0.0,0.0));
#7099=ORIENTED_EDGE('',*,*,#7100,.F.);
#7109=STYLED_ITEM('color',(#34),#7110);
#7110=ADVANCED_FACE($,(#7116),#7111,.T.);
#7111=PLANE($,#7112);
#7112=AXIS2_PLACEMENT_3D($,#7113,#7114,#7115);
#7113=CARTESIAN_POINT('',(3.55,-0.9,0.051));
#7114=DIRECTION('',(0.0,0.0,1.0));
#7115=DIRECTION('',(1.,0.,0.));
#7116=FACE_OUTER_BOUND($,#7117,.T.);
#7117=EDGE_LOOP($,(#7120, #7130, #7140, #7150));
#7120=ORIENTED_EDGE('',*,*,#7011,.T.);
#7131=EDGE_CURVE('',#7061,#7002,#7136,.T.);
#7136=LINE('',#7062,#7138);
#7138=VECTOR('',#7139,0.299999905845577);
#7139=DIRECTION('',(0.0,-1.0,0.0));
#7130=ORIENTED_EDGE('',*,*,#7131,.F.);
#7140=ORIENTED_EDGE('',*,*,#7060,.T.);
#7151=EDGE_CURVE($,#7012,#7051,#7156,.T.);
#7156=CIRCLE($,#7157,0.149999954);
#7158=CARTESIAN_POINT('',(3.25,-0.75,0.051));
#7157=AXIS2_PLACEMENT_3D($,#7158,#7159,#7160);
#7159=DIRECTION('',(0.0,0.0,-1.0));
#7160=DIRECTION('',(0.0,1.0,0.0));
#7150=ORIENTED_EDGE('',*,*,#7151,.F.);
#7161=STYLED_ITEM('color',(#34),#7162);
#7162=ADVANCED_FACE($,(#7168),#7163,.T.);
#7163=PLANE($,#7164);
#7164=AXIS2_PLACEMENT_3D($,#7165,#7166,#7167);
#7165=CARTESIAN_POINT('',(3.25,-0.6,0.0));
#7166=DIRECTION('',(0.0,0.0,-1.0));
#7167=DIRECTION('',(1.,0.,0.));
#7168=FACE_OUTER_BOUND($,#7169,.T.);
#7169=EDGE_LOOP($,(#7172, #7182, #7192, #7202));
#7172=ORIENTED_EDGE('',*,*,#7100,.T.);
#7182=ORIENTED_EDGE('',*,*,#6883,.T.);
#7192=ORIENTED_EDGE('',*,*,#7031,.T.);
#7203=EDGE_CURVE($,#7053,#7022,#7208,.T.);
#7208=CIRCLE($,#7209,0.149999954);
#7210=CARTESIAN_POINT('',(3.25,-0.75,0.0));
#7209=AXIS2_PLACEMENT_3D($,#7210,#7211,#7212);
#7211=DIRECTION('',(0.0,0.0,1.0));
#7212=DIRECTION('',(0.0,-1.0,0.0));
#7202=ORIENTED_EDGE('',*,*,#7203,.F.);
#7213=STYLED_ITEM('color',(#34),#7214);
#7214=ADVANCED_FACE($,(#7220),#7215,.T.);
#7215=CYLINDRICAL_SURFACE($,#7216,0.149999954);
#7216=AXIS2_PLACEMENT_3D($,#7217,#7218,#7219);
#7217=CARTESIAN_POINT('',(3.25,-0.75,0.0));
#7218=DIRECTION('',(0.,0.,1.));
#7219=DIRECTION('',(0.,1.,0.));
#7220=FACE_OUTER_BOUND($,#7221,.T.);
#7221=EDGE_LOOP($,(#7244, #7222, #7254, #7233));
#7244=ORIENTED_EDGE('',*,*,#7050,.T.);
#7222=ORIENTED_EDGE('',*,*,#7203,.T.);
#7254=ORIENTED_EDGE('',*,*,#7021,.T.);
#7233=ORIENTED_EDGE('',*,*,#7151,.T.);
#7266=STYLED_ITEM('',(#34),#7267);
#7267=ADVANCED_FACE('',(#7273),#7268,.T.);
#7268=PLANE('',#7269);
#7269=AXIS2_PLACEMENT_3D('',#7270,#7271,#7272);
#7270=CARTESIAN_POINT('',(3.55,-0.9,0.0));
#7271=DIRECTION('',(1.0,0.0,0.0));
#7272=DIRECTION('',(0.,0.,1.));
#7273=FACE_OUTER_BOUND('',#7274,.T.);
#7274=EDGE_LOOP('',(#7275,#7285,#7295,#7305));
#7275=ORIENTED_EDGE('',*,*,#6903,.T.);
#7285=ORIENTED_EDGE('',*,*,#7070,.T.);
#7295=ORIENTED_EDGE('',*,*,#7131,.T.);
#7305=ORIENTED_EDGE('',*,*,#7001,.T.);
#7733=MANIFOLD_SOLID_BREP($,#7734);
#7734=CLOSED_SHELL('',(#7736,#7785,#7834,#7903,#7972,#8024,#8076,#8129));
#7735=STYLED_ITEM('',(#34),#7736);
#7736=ADVANCED_FACE('',(#7742),#7737,.T.);
#7737=PLANE('',#7738);
#7738=AXIS2_PLACEMENT_3D('',#7739,#7740,#7741);
#7739=CARTESIAN_POINT('',(3.601,-1.4,0.0));
#7740=DIRECTION('',(0.0,0.0,1.0));
#7741=DIRECTION('',(0.,1.,0.));
#7742=FACE_OUTER_BOUND('',#7743,.T.);
#7743=EDGE_LOOP('',(#7744,#7754,#7764,#7774));
#7747=CARTESIAN_POINT('',(3.601,-1.1,0.0));
#7746=VERTEX_POINT('',#7747);
#7749=CARTESIAN_POINT('',(3.601,-1.4,0.0));
#7748=VERTEX_POINT('',#7749);
#7745=EDGE_CURVE('',#7746,#7748,#7750,.T.);
#7750=LINE('',#7747,#7752);
#7752=VECTOR('',#7753,0.299999908);
#7753=DIRECTION('',(0.0,-1.0,0.0));
#7744=ORIENTED_EDGE('',*,*,#7745,.F.);
#7757=CARTESIAN_POINT('',(3.55,-1.1,0.0));
#7756=VERTEX_POINT('',#7757);
#7755=EDGE_CURVE('',#7756,#7746,#7760,.T.);
#7760=LINE('',#7757,#7762);
#7762=VECTOR('',#7763,0.0507999991615086);
#7763=DIRECTION('',(1.0,0.0,0.0));
#7754=ORIENTED_EDGE('',*,*,#7755,.F.);
#7767=CARTESIAN_POINT('',(3.55,-1.4,0.0));
#7766=VERTEX_POINT('',#7767);
#7765=EDGE_CURVE('',#7766,#7756,#7770,.T.);
#7770=LINE('',#7767,#7772);
#7772=VECTOR('',#7773,0.299999905845577);
#7773=DIRECTION('',(0.0,1.0,0.0));
#7764=ORIENTED_EDGE('',*,*,#7765,.F.);
#7775=EDGE_CURVE('',#7748,#7766,#7780,.T.);
#7780=LINE('',#7749,#7782);
#7782=VECTOR('',#7783,0.0507999991615094);
#7783=DIRECTION('',(-1.0,0.0,0.0));
#7774=ORIENTED_EDGE('',*,*,#7775,.F.);
#7784=STYLED_ITEM('',(#34),#7785);
#7785=ADVANCED_FACE('',(#7791),#7786,.T.);
#7786=PLANE('',#7787);
#7787=AXIS2_PLACEMENT_3D('',#7788,#7789,#7790);
#7788=CARTESIAN_POINT('',(3.601,-1.4,0.0));
#7789=DIRECTION('',(1.0,0.0,0.0));
#7790=DIRECTION('',(0.,0.,1.));
#7791=FACE_OUTER_BOUND('',#7792,.T.);
#7792=EDGE_LOOP('',(#7793,#7803,#7813,#7823));
#7793=ORIENTED_EDGE('',*,*,#7745,.F.);
#7803=ORIENTED_EDGE('',*,*,#7745,.T.);
#7813=ORIENTED_EDGE('',*,*,#7745,.T.);
#7823=ORIENTED_EDGE('',*,*,#7745,.T.);
#7833=STYLED_ITEM('',(#34),#7834);
#7834=ADVANCED_FACE('',(#7840),#7835,.T.);
#7835=PLANE('',#7836);
#7836=AXIS2_PLACEMENT_3D('',#7837,#7838,#7839);
#7837=CARTESIAN_POINT('',(3.601,-1.4,0.0));
#7838=DIRECTION('',(0.0,1.0,0.0));
#7839=DIRECTION('',(0.,0.,1.));
#7840=FACE_OUTER_BOUND('',#7841,.T.);
#7841=EDGE_LOOP('',(#7842,#7852,#7862,#7872,#7882,#7892));
#7842=ORIENTED_EDGE('',*,*,#7745,.T.);
#7852=ORIENTED_EDGE('',*,*,#7775,.T.);
#7865=CARTESIAN_POINT('',(3.55,-1.4,0.051));
#7864=VERTEX_POINT('',#7865);
#7863=EDGE_CURVE('',#7864,#7766,#7868,.T.);
#7868=LINE('',#7865,#7870);
#7870=VECTOR('',#7871,0.0508);
#7871=DIRECTION('',(0.0,0.0,-1.0));
#7862=ORIENTED_EDGE('',*,*,#7863,.F.);
#7875=CARTESIAN_POINT('',(3.25,-1.4,0.051));
#7874=VERTEX_POINT('',#7875);
#7873=EDGE_CURVE('',#7874,#7864,#7878,.T.);
#7878=LINE('',#7875,#7880);
#7880=VECTOR('',#7881,0.300000921852187);
#7881=DIRECTION('',(1.0,0.0,0.0));
#7872=ORIENTED_EDGE('',*,*,#7873,.F.);
#7885=CARTESIAN_POINT('',(3.25,-1.4,0.0));
#7884=VERTEX_POINT('',#7885);
#7883=EDGE_CURVE('',#7884,#7874,#7888,.T.);
#7888=LINE('',#7885,#7890);
#7890=VECTOR('',#7891,0.0508);
#7891=DIRECTION('',(0.0,0.0,1.0));
#7882=ORIENTED_EDGE('',*,*,#7883,.F.);
#7893=EDGE_CURVE('',#7748,#7884,#7898,.T.);
#7898=LINE('',#7749,#7900);
#7900=VECTOR('',#7901,0.350800921013696);
#7901=DIRECTION('',(-1.0,0.0,0.0));
#7892=ORIENTED_EDGE('',*,*,#7893,.F.);
#7902=STYLED_ITEM('',(#34),#7903);
#7903=ADVANCED_FACE('',(#7909),#7904,.T.);
#7904=PLANE('',#7905);
#7905=AXIS2_PLACEMENT_3D('',#7906,#7907,#7908);
#7906=CARTESIAN_POINT('',(3.25,-1.1,0.0));
#7907=DIRECTION('',(0.0,1.0,0.0));
#7908=DIRECTION('',(0.,0.,1.));
#7909=FACE_OUTER_BOUND('',#7910,.T.);
#7910=EDGE_LOOP('',(#7911,#7921,#7931,#7941,#7951,#7961));
#7914=CARTESIAN_POINT('',(3.25,-1.1,0.051));
#7913=VERTEX_POINT('',#7914);
#7916=CARTESIAN_POINT('',(3.25,-1.1,0.0));
#7915=VERTEX_POINT('',#7916);
#7912=EDGE_CURVE('',#7913,#7915,#7917,.T.);
#7917=LINE('',#7914,#7919);
#7919=VECTOR('',#7920,0.0508);
#7920=DIRECTION('',(0.0,0.0,-1.0));
#7911=ORIENTED_EDGE('',*,*,#7912,.F.);
#7924=CARTESIAN_POINT('',(3.55,-1.1,0.051));
#7923=VERTEX_POINT('',#7924);
#7922=EDGE_CURVE('',#7923,#7913,#7927,.T.);
#7927=LINE('',#7924,#7929);
#7929=VECTOR('',#7930,0.300000921852187);
#7930=DIRECTION('',(-1.0,0.0,0.0));
#7921=ORIENTED_EDGE('',*,*,#7922,.F.);
#7932=EDGE_CURVE('',#7756,#7923,#7937,.T.);
#7937=LINE('',#7757,#7939);
#7939=VECTOR('',#7940,0.0508);
#7940=DIRECTION('',(0.0,0.0,1.0));
#7931=ORIENTED_EDGE('',*,*,#7932,.F.);
#7941=ORIENTED_EDGE('',*,*,#7755,.T.);
#7951=ORIENTED_EDGE('',*,*,#7745,.T.);
#7962=EDGE_CURVE('',#7915,#7746,#7967,.T.);
#7967=LINE('',#7916,#7969);
#7969=VECTOR('',#7970,0.350800921013696);
#7970=DIRECTION('',(1.0,0.0,0.0));
#7961=ORIENTED_EDGE('',*,*,#7962,.F.);
#7971=STYLED_ITEM('color',(#34),#7972);
#7972=ADVANCED_FACE($,(#7978),#7973,.T.);
#7973=PLANE($,#7974);
#7974=AXIS2_PLACEMENT_3D($,#7975,#7976,#7977);
#7975=CARTESIAN_POINT('',(3.55,-1.4,0.051));
#7976=DIRECTION('',(0.0,0.0,1.0));
#7977=DIRECTION('',(1.,0.,0.));
#7978=FACE_OUTER_BOUND($,#7979,.T.);
#7979=EDGE_LOOP($,(#7982, #7992, #8002, #8012));
#7982=ORIENTED_EDGE('',*,*,#7873,.T.);
#7993=EDGE_CURVE('',#7923,#7864,#7998,.T.);
#7998=LINE('',#7924,#8000);
#8000=VECTOR('',#8001,0.299999905845577);
#8001=DIRECTION('',(0.0,-1.0,0.0));
#7992=ORIENTED_EDGE('',*,*,#7993,.F.);
#8002=ORIENTED_EDGE('',*,*,#7922,.T.);
#8013=EDGE_CURVE($,#7874,#7913,#8018,.T.);
#8018=CIRCLE($,#8019,0.149999954);
#8020=CARTESIAN_POINT('',(3.25,-1.25,0.051));
#8019=AXIS2_PLACEMENT_3D($,#8020,#8021,#8022);
#8021=DIRECTION('',(0.0,0.0,-1.0));
#8022=DIRECTION('',(0.0,1.0,0.0));
#8012=ORIENTED_EDGE('',*,*,#8013,.F.);
#8023=STYLED_ITEM('color',(#34),#8024);
#8024=ADVANCED_FACE($,(#8030),#8025,.T.);
#8025=PLANE($,#8026);
#8026=AXIS2_PLACEMENT_3D($,#8027,#8028,#8029);
#8027=CARTESIAN_POINT('',(3.25,-1.1,0.0));
#8028=DIRECTION('',(0.0,0.0,-1.0));
#8029=DIRECTION('',(1.,0.,0.));
#8030=FACE_OUTER_BOUND($,#8031,.T.);
#8031=EDGE_LOOP($,(#8034, #8044, #8054, #8064));
#8034=ORIENTED_EDGE('',*,*,#7962,.T.);
#8044=ORIENTED_EDGE('',*,*,#7745,.T.);
#8054=ORIENTED_EDGE('',*,*,#7893,.T.);
#8065=EDGE_CURVE($,#7915,#7884,#8070,.T.);
#8070=CIRCLE($,#8071,0.149999954);
#8072=CARTESIAN_POINT('',(3.25,-1.25,0.0));
#8071=AXIS2_PLACEMENT_3D($,#8072,#8073,#8074);
#8073=DIRECTION('',(0.0,0.0,1.0));
#8074=DIRECTION('',(0.0,-1.0,0.0));
#8064=ORIENTED_EDGE('',*,*,#8065,.F.);
#8075=STYLED_ITEM('color',(#34),#8076);
#8076=ADVANCED_FACE($,(#8082),#8077,.T.);
#8077=CYLINDRICAL_SURFACE($,#8078,0.149999954);
#8078=AXIS2_PLACEMENT_3D($,#8079,#8080,#8081);
#8079=CARTESIAN_POINT('',(3.25,-1.25,0.0));
#8080=DIRECTION('',(0.,0.,1.));
#8081=DIRECTION('',(0.,1.,0.));
#8082=FACE_OUTER_BOUND($,#8083,.T.);
#8083=EDGE_LOOP($,(#8106, #8084, #8116, #8095));
#8106=ORIENTED_EDGE('',*,*,#7912,.T.);
#8084=ORIENTED_EDGE('',*,*,#8065,.T.);
#8116=ORIENTED_EDGE('',*,*,#7883,.T.);
#8095=ORIENTED_EDGE('',*,*,#8013,.T.);
#8128=STYLED_ITEM('',(#34),#8129);
#8129=ADVANCED_FACE('',(#8135),#8130,.T.);
#8130=PLANE('',#8131);
#8131=AXIS2_PLACEMENT_3D('',#8132,#8133,#8134);
#8132=CARTESIAN_POINT('',(3.55,-1.4,0.0));
#8133=DIRECTION('',(1.0,0.0,0.0));
#8134=DIRECTION('',(0.,0.,1.));
#8135=FACE_OUTER_BOUND('',#8136,.T.);
#8136=EDGE_LOOP('',(#8137,#8147,#8157,#8167));
#8137=ORIENTED_EDGE('',*,*,#7765,.T.);
#8147=ORIENTED_EDGE('',*,*,#7932,.T.);
#8157=ORIENTED_EDGE('',*,*,#7993,.T.);
#8167=ORIENTED_EDGE('',*,*,#7863,.T.);
#8595=MANIFOLD_SOLID_BREP($,#8596);
#8596=CLOSED_SHELL('',(#8598,#8647,#8696,#8765,#8834,#8886,#8938,#8991));
#8597=STYLED_ITEM('',(#34),#8598);
#8598=ADVANCED_FACE('',(#8604),#8599,.T.);
#8599=PLANE('',#8600);
#8600=AXIS2_PLACEMENT_3D('',#8601,#8602,#8603);
#8601=CARTESIAN_POINT('',(3.601,-1.9,0.0));
#8602=DIRECTION('',(0.0,0.0,1.0));
#8603=DIRECTION('',(0.,1.,0.));
#8604=FACE_OUTER_BOUND('',#8605,.T.);
#8605=EDGE_LOOP('',(#8606,#8616,#8626,#8636));
#8609=CARTESIAN_POINT('',(3.601,-1.6,0.0));
#8608=VERTEX_POINT('',#8609);
#8611=CARTESIAN_POINT('',(3.601,-1.9,0.0));
#8610=VERTEX_POINT('',#8611);
#8607=EDGE_CURVE('',#8608,#8610,#8612,.T.);
#8612=LINE('',#8609,#8614);
#8614=VECTOR('',#8615,0.299999908);
#8615=DIRECTION('',(0.0,-1.0,0.0));
#8606=ORIENTED_EDGE('',*,*,#8607,.F.);
#8619=CARTESIAN_POINT('',(3.55,-1.6,0.0));
#8618=VERTEX_POINT('',#8619);
#8617=EDGE_CURVE('',#8618,#8608,#8622,.T.);
#8622=LINE('',#8619,#8624);
#8624=VECTOR('',#8625,0.0507999991615086);
#8625=DIRECTION('',(1.0,0.0,0.0));
#8616=ORIENTED_EDGE('',*,*,#8617,.F.);
#8629=CARTESIAN_POINT('',(3.55,-1.9,0.0));
#8628=VERTEX_POINT('',#8629);
#8627=EDGE_CURVE('',#8628,#8618,#8632,.T.);
#8632=LINE('',#8629,#8634);
#8634=VECTOR('',#8635,0.299999905845577);
#8635=DIRECTION('',(0.0,1.0,0.0));
#8626=ORIENTED_EDGE('',*,*,#8627,.F.);
#8637=EDGE_CURVE('',#8610,#8628,#8642,.T.);
#8642=LINE('',#8611,#8644);
#8644=VECTOR('',#8645,0.0507999991615094);
#8645=DIRECTION('',(-1.0,0.0,0.0));
#8636=ORIENTED_EDGE('',*,*,#8637,.F.);
#8646=STYLED_ITEM('',(#34),#8647);
#8647=ADVANCED_FACE('',(#8653),#8648,.T.);
#8648=PLANE('',#8649);
#8649=AXIS2_PLACEMENT_3D('',#8650,#8651,#8652);
#8650=CARTESIAN_POINT('',(3.601,-1.9,0.0));
#8651=DIRECTION('',(1.0,0.0,0.0));
#8652=DIRECTION('',(0.,0.,1.));
#8653=FACE_OUTER_BOUND('',#8654,.T.);
#8654=EDGE_LOOP('',(#8655,#8665,#8675,#8685));
#8655=ORIENTED_EDGE('',*,*,#8607,.F.);
#8665=ORIENTED_EDGE('',*,*,#8607,.T.);
#8675=ORIENTED_EDGE('',*,*,#8607,.T.);
#8685=ORIENTED_EDGE('',*,*,#8607,.T.);
#8695=STYLED_ITEM('',(#34),#8696);
#8696=ADVANCED_FACE('',(#8702),#8697,.T.);
#8697=PLANE('',#8698);
#8698=AXIS2_PLACEMENT_3D('',#8699,#8700,#8701);
#8699=CARTESIAN_POINT('',(3.601,-1.9,0.0));
#8700=DIRECTION('',(0.0,1.0,0.0));
#8701=DIRECTION('',(0.,0.,1.));
#8702=FACE_OUTER_BOUND('',#8703,.T.);
#8703=EDGE_LOOP('',(#8704,#8714,#8724,#8734,#8744,#8754));
#8704=ORIENTED_EDGE('',*,*,#8607,.T.);
#8714=ORIENTED_EDGE('',*,*,#8637,.T.);
#8727=CARTESIAN_POINT('',(3.55,-1.9,0.051));
#8726=VERTEX_POINT('',#8727);
#8725=EDGE_CURVE('',#8726,#8628,#8730,.T.);
#8730=LINE('',#8727,#8732);
#8732=VECTOR('',#8733,0.0508);
#8733=DIRECTION('',(0.0,0.0,-1.0));
#8724=ORIENTED_EDGE('',*,*,#8725,.F.);
#8737=CARTESIAN_POINT('',(3.25,-1.9,0.051));
#8736=VERTEX_POINT('',#8737);
#8735=EDGE_CURVE('',#8736,#8726,#8740,.T.);
#8740=LINE('',#8737,#8742);
#8742=VECTOR('',#8743,0.300000921852187);
#8743=DIRECTION('',(1.0,0.0,0.0));
#8734=ORIENTED_EDGE('',*,*,#8735,.F.);
#8747=CARTESIAN_POINT('',(3.25,-1.9,0.0));
#8746=VERTEX_POINT('',#8747);
#8745=EDGE_CURVE('',#8746,#8736,#8750,.T.);
#8750=LINE('',#8747,#8752);
#8752=VECTOR('',#8753,0.0508);
#8753=DIRECTION('',(0.0,0.0,1.0));
#8744=ORIENTED_EDGE('',*,*,#8745,.F.);
#8755=EDGE_CURVE('',#8610,#8746,#8760,.T.);
#8760=LINE('',#8611,#8762);
#8762=VECTOR('',#8763,0.350800921013696);
#8763=DIRECTION('',(-1.0,0.0,0.0));
#8754=ORIENTED_EDGE('',*,*,#8755,.F.);
#8764=STYLED_ITEM('',(#34),#8765);
#8765=ADVANCED_FACE('',(#8771),#8766,.T.);
#8766=PLANE('',#8767);
#8767=AXIS2_PLACEMENT_3D('',#8768,#8769,#8770);
#8768=CARTESIAN_POINT('',(3.25,-1.6,0.0));
#8769=DIRECTION('',(0.0,1.0,0.0));
#8770=DIRECTION('',(0.,0.,1.));
#8771=FACE_OUTER_BOUND('',#8772,.T.);
#8772=EDGE_LOOP('',(#8773,#8783,#8793,#8803,#8813,#8823));
#8776=CARTESIAN_POINT('',(3.25,-1.6,0.051));
#8775=VERTEX_POINT('',#8776);
#8778=CARTESIAN_POINT('',(3.25,-1.6,0.0));
#8777=VERTEX_POINT('',#8778);
#8774=EDGE_CURVE('',#8775,#8777,#8779,.T.);
#8779=LINE('',#8776,#8781);
#8781=VECTOR('',#8782,0.0508);
#8782=DIRECTION('',(0.0,0.0,-1.0));
#8773=ORIENTED_EDGE('',*,*,#8774,.F.);
#8786=CARTESIAN_POINT('',(3.55,-1.6,0.051));
#8785=VERTEX_POINT('',#8786);
#8784=EDGE_CURVE('',#8785,#8775,#8789,.T.);
#8789=LINE('',#8786,#8791);
#8791=VECTOR('',#8792,0.300000921852187);
#8792=DIRECTION('',(-1.0,0.0,0.0));
#8783=ORIENTED_EDGE('',*,*,#8784,.F.);
#8794=EDGE_CURVE('',#8618,#8785,#8799,.T.);
#8799=LINE('',#8619,#8801);
#8801=VECTOR('',#8802,0.0508);
#8802=DIRECTION('',(0.0,0.0,1.0));
#8793=ORIENTED_EDGE('',*,*,#8794,.F.);
#8803=ORIENTED_EDGE('',*,*,#8617,.T.);
#8813=ORIENTED_EDGE('',*,*,#8607,.T.);
#8824=EDGE_CURVE('',#8777,#8608,#8829,.T.);
#8829=LINE('',#8778,#8831);
#8831=VECTOR('',#8832,0.350800921013696);
#8832=DIRECTION('',(1.0,0.0,0.0));
#8823=ORIENTED_EDGE('',*,*,#8824,.F.);
#8833=STYLED_ITEM('color',(#34),#8834);
#8834=ADVANCED_FACE($,(#8840),#8835,.T.);
#8835=PLANE($,#8836);
#8836=AXIS2_PLACEMENT_3D($,#8837,#8838,#8839);
#8837=CARTESIAN_POINT('',(3.55,-1.9,0.051));
#8838=DIRECTION('',(0.0,0.0,1.0));
#8839=DIRECTION('',(1.,0.,0.));
#8840=FACE_OUTER_BOUND($,#8841,.T.);
#8841=EDGE_LOOP($,(#8844, #8854, #8864, #8874));
#8844=ORIENTED_EDGE('',*,*,#8735,.T.);
#8855=EDGE_CURVE('',#8785,#8726,#8860,.T.);
#8860=LINE('',#8786,#8862);
#8862=VECTOR('',#8863,0.299999905845577);
#8863=DIRECTION('',(0.0,-1.0,0.0));
#8854=ORIENTED_EDGE('',*,*,#8855,.F.);
#8864=ORIENTED_EDGE('',*,*,#8784,.T.);
#8875=EDGE_CURVE($,#8736,#8775,#8880,.T.);
#8880=CIRCLE($,#8881,0.149999954);
#8882=CARTESIAN_POINT('',(3.25,-1.75,0.051));
#8881=AXIS2_PLACEMENT_3D($,#8882,#8883,#8884);
#8883=DIRECTION('',(0.0,0.0,-1.0));
#8884=DIRECTION('',(0.0,1.0,0.0));
#8874=ORIENTED_EDGE('',*,*,#8875,.F.);
#8885=STYLED_ITEM('color',(#34),#8886);
#8886=ADVANCED_FACE($,(#8892),#8887,.T.);
#8887=PLANE($,#8888);
#8888=AXIS2_PLACEMENT_3D($,#8889,#8890,#8891);
#8889=CARTESIAN_POINT('',(3.25,-1.6,0.0));
#8890=DIRECTION('',(0.0,0.0,-1.0));
#8891=DIRECTION('',(1.,0.,0.));
#8892=FACE_OUTER_BOUND($,#8893,.T.);
#8893=EDGE_LOOP($,(#8896, #8906, #8916, #8926));
#8896=ORIENTED_EDGE('',*,*,#8824,.T.);
#8906=ORIENTED_EDGE('',*,*,#8607,.T.);
#8916=ORIENTED_EDGE('',*,*,#8755,.T.);
#8927=EDGE_CURVE($,#8777,#8746,#8932,.T.);
#8932=CIRCLE($,#8933,0.149999954);
#8934=CARTESIAN_POINT('',(3.25,-1.75,0.0));
#8933=AXIS2_PLACEMENT_3D($,#8934,#8935,#8936);
#8935=DIRECTION('',(0.0,0.0,1.0));
#8936=DIRECTION('',(0.0,-1.0,0.0));
#8926=ORIENTED_EDGE('',*,*,#8927,.F.);
#8937=STYLED_ITEM('color',(#34),#8938);
#8938=ADVANCED_FACE($,(#8944),#8939,.T.);
#8939=CYLINDRICAL_SURFACE($,#8940,0.149999954);
#8940=AXIS2_PLACEMENT_3D($,#8941,#8942,#8943);
#8941=CARTESIAN_POINT('',(3.25,-1.75,0.0));
#8942=DIRECTION('',(0.,0.,1.));
#8943=DIRECTION('',(0.,1.,0.));
#8944=FACE_OUTER_BOUND($,#8945,.T.);
#8945=EDGE_LOOP($,(#8968, #8946, #8978, #8957));
#8968=ORIENTED_EDGE('',*,*,#8774,.T.);
#8946=ORIENTED_EDGE('',*,*,#8927,.T.);
#8978=ORIENTED_EDGE('',*,*,#8745,.T.);
#8957=ORIENTED_EDGE('',*,*,#8875,.T.);
#8990=STYLED_ITEM('',(#34),#8991);
#8991=ADVANCED_FACE('',(#8997),#8992,.T.);
#8992=PLANE('',#8993);
#8993=AXIS2_PLACEMENT_3D('',#8994,#8995,#8996);
#8994=CARTESIAN_POINT('',(3.55,-1.9,0.0));
#8995=DIRECTION('',(1.0,0.0,0.0));
#8996=DIRECTION('',(0.,0.,1.));
#8997=FACE_OUTER_BOUND('',#8998,.T.);
#8998=EDGE_LOOP('',(#8999,#9009,#9019,#9029));
#8999=ORIENTED_EDGE('',*,*,#8627,.T.);
#9009=ORIENTED_EDGE('',*,*,#8794,.T.);
#9019=ORIENTED_EDGE('',*,*,#8855,.T.);
#9029=ORIENTED_EDGE('',*,*,#8725,.T.);
#9457=MANIFOLD_SOLID_BREP($,#9458);
#9458=CLOSED_SHELL('',(#9460,#9509,#9558,#9627,#9696,#9748,#9800,#9853));
#9459=STYLED_ITEM('',(#34),#9460);
#9460=ADVANCED_FACE('',(#9466),#9461,.T.);
#9461=PLANE('',#9462);
#9462=AXIS2_PLACEMENT_3D('',#9463,#9464,#9465);
#9463=CARTESIAN_POINT('',(3.601,-2.4,0.0));
#9464=DIRECTION('',(0.0,0.0,1.0));
#9465=DIRECTION('',(0.,1.,0.));
#9466=FACE_OUTER_BOUND('',#9467,.T.);
#9467=EDGE_LOOP('',(#9468,#9478,#9488,#9498));
#9471=CARTESIAN_POINT('',(3.601,-2.1,0.0));
#9470=VERTEX_POINT('',#9471);
#9473=CARTESIAN_POINT('',(3.601,-2.4,0.0));
#9472=VERTEX_POINT('',#9473);
#9469=EDGE_CURVE('',#9470,#9472,#9474,.T.);
#9474=LINE('',#9471,#9476);
#9476=VECTOR('',#9477,0.299999908);
#9477=DIRECTION('',(0.0,-1.0,0.0));
#9468=ORIENTED_EDGE('',*,*,#9469,.F.);
#9481=CARTESIAN_POINT('',(3.55,-2.1,0.0));
#9480=VERTEX_POINT('',#9481);
#9479=EDGE_CURVE('',#9480,#9470,#9484,.T.);
#9484=LINE('',#9481,#9486);
#9486=VECTOR('',#9487,0.0507999991615086);
#9487=DIRECTION('',(1.0,0.0,0.0));
#9478=ORIENTED_EDGE('',*,*,#9479,.F.);
#9491=CARTESIAN_POINT('',(3.55,-2.4,0.0));
#9490=VERTEX_POINT('',#9491);
#9489=EDGE_CURVE('',#9490,#9480,#9494,.T.);
#9494=LINE('',#9491,#9496);
#9496=VECTOR('',#9497,0.299999905845577);
#9497=DIRECTION('',(0.0,1.0,0.0));
#9488=ORIENTED_EDGE('',*,*,#9489,.F.);
#9499=EDGE_CURVE('',#9472,#9490,#9504,.T.);
#9504=LINE('',#9473,#9506);
#9506=VECTOR('',#9507,0.0507999991615094);
#9507=DIRECTION('',(-1.0,0.0,0.0));
#9498=ORIENTED_EDGE('',*,*,#9499,.F.);
#9508=STYLED_ITEM('',(#34),#9509);
#9509=ADVANCED_FACE('',(#9515),#9510,.T.);
#9510=PLANE('',#9511);
#9511=AXIS2_PLACEMENT_3D('',#9512,#9513,#9514);
#9512=CARTESIAN_POINT('',(3.601,-2.4,0.0));
#9513=DIRECTION('',(1.0,0.0,0.0));
#9514=DIRECTION('',(0.,0.,1.));
#9515=FACE_OUTER_BOUND('',#9516,.T.);
#9516=EDGE_LOOP('',(#9517,#9527,#9537,#9547));
#9517=ORIENTED_EDGE('',*,*,#9469,.F.);
#9527=ORIENTED_EDGE('',*,*,#9469,.T.);
#9537=ORIENTED_EDGE('',*,*,#9469,.T.);
#9547=ORIENTED_EDGE('',*,*,#9469,.T.);
#9557=STYLED_ITEM('',(#34),#9558);
#9558=ADVANCED_FACE('',(#9564),#9559,.T.);
#9559=PLANE('',#9560);
#9560=AXIS2_PLACEMENT_3D('',#9561,#9562,#9563);
#9561=CARTESIAN_POINT('',(3.601,-2.4,0.0));
#9562=DIRECTION('',(0.0,1.0,0.0));
#9563=DIRECTION('',(0.,0.,1.));
#9564=FACE_OUTER_BOUND('',#9565,.T.);
#9565=EDGE_LOOP('',(#9566,#9576,#9586,#9596,#9606,#9616));
#9566=ORIENTED_EDGE('',*,*,#9469,.T.);
#9576=ORIENTED_EDGE('',*,*,#9499,.T.);
#9589=CARTESIAN_POINT('',(3.55,-2.4,0.051));
#9588=VERTEX_POINT('',#9589);
#9587=EDGE_CURVE('',#9588,#9490,#9592,.T.);
#9592=LINE('',#9589,#9594);
#9594=VECTOR('',#9595,0.0508);
#9595=DIRECTION('',(0.0,0.0,-1.0));
#9586=ORIENTED_EDGE('',*,*,#9587,.F.);
#9599=CARTESIAN_POINT('',(3.25,-2.4,0.051));
#9598=VERTEX_POINT('',#9599);
#9597=EDGE_CURVE('',#9598,#9588,#9602,.T.);
#9602=LINE('',#9599,#9604);
#9604=VECTOR('',#9605,0.300000921852187);
#9605=DIRECTION('',(1.0,0.0,0.0));
#9596=ORIENTED_EDGE('',*,*,#9597,.F.);
#9609=CARTESIAN_POINT('',(3.25,-2.4,0.0));
#9608=VERTEX_POINT('',#9609);
#9607=EDGE_CURVE('',#9608,#9598,#9612,.T.);
#9612=LINE('',#9609,#9614);
#9614=VECTOR('',#9615,0.0508);
#9615=DIRECTION('',(0.0,0.0,1.0));
#9606=ORIENTED_EDGE('',*,*,#9607,.F.);
#9617=EDGE_CURVE('',#9472,#9608,#9622,.T.);
#9622=LINE('',#9473,#9624);
#9624=VECTOR('',#9625,0.350800921013696);
#9625=DIRECTION('',(-1.0,0.0,0.0));
#9616=ORIENTED_EDGE('',*,*,#9617,.F.);
#9626=STYLED_ITEM('',(#34),#9627);
#9627=ADVANCED_FACE('',(#9633),#9628,.T.);
#9628=PLANE('',#9629);
#9629=AXIS2_PLACEMENT_3D('',#9630,#9631,#9632);
#9630=CARTESIAN_POINT('',(3.25,-2.1,0.0));
#9631=DIRECTION('',(0.0,1.0,0.0));
#9632=DIRECTION('',(0.,0.,1.));
#9633=FACE_OUTER_BOUND('',#9634,.T.);
#9634=EDGE_LOOP('',(#9635,#9645,#9655,#9665,#9675,#9685));
#9638=CARTESIAN_POINT('',(3.25,-2.1,0.051));
#9637=VERTEX_POINT('',#9638);
#9640=CARTESIAN_POINT('',(3.25,-2.1,0.0));
#9639=VERTEX_POINT('',#9640);
#9636=EDGE_CURVE('',#9637,#9639,#9641,.T.);
#9641=LINE('',#9638,#9643);
#9643=VECTOR('',#9644,0.0508);
#9644=DIRECTION('',(0.0,0.0,-1.0));
#9635=ORIENTED_EDGE('',*,*,#9636,.F.);
#9648=CARTESIAN_POINT('',(3.55,-2.1,0.051));
#9647=VERTEX_POINT('',#9648);
#9646=EDGE_CURVE('',#9647,#9637,#9651,.T.);
#9651=LINE('',#9648,#9653);
#9653=VECTOR('',#9654,0.300000921852187);
#9654=DIRECTION('',(-1.0,0.0,0.0));
#9645=ORIENTED_EDGE('',*,*,#9646,.F.);
#9656=EDGE_CURVE('',#9480,#9647,#9661,.T.);
#9661=LINE('',#9481,#9663);
#9663=VECTOR('',#9664,0.0508);
#9664=DIRECTION('',(0.0,0.0,1.0));
#9655=ORIENTED_EDGE('',*,*,#9656,.F.);
#9665=ORIENTED_EDGE('',*,*,#9479,.T.);
#9675=ORIENTED_EDGE('',*,*,#9469,.T.);
#9686=EDGE_CURVE('',#9639,#9470,#9691,.T.);
#9691=LINE('',#9640,#9693);
#9693=VECTOR('',#9694,0.350800921013696);
#9694=DIRECTION('',(1.0,0.0,0.0));
#9685=ORIENTED_EDGE('',*,*,#9686,.F.);
#9695=STYLED_ITEM('color',(#34),#9696);
#9696=ADVANCED_FACE($,(#9702),#9697,.T.);
#9697=PLANE($,#9698);
#9698=AXIS2_PLACEMENT_3D($,#9699,#9700,#9701);
#9699=CARTESIAN_POINT('',(3.55,-2.4,0.051));
#9700=DIRECTION('',(0.0,0.0,1.0));
#9701=DIRECTION('',(1.,0.,0.));
#9702=FACE_OUTER_BOUND($,#9703,.T.);
#9703=EDGE_LOOP($,(#9706, #9716, #9726, #9736));
#9706=ORIENTED_EDGE('',*,*,#9597,.T.);
#9717=EDGE_CURVE('',#9647,#9588,#9722,.T.);
#9722=LINE('',#9648,#9724);
#9724=VECTOR('',#9725,0.299999905845577);
#9725=DIRECTION('',(0.0,-1.0,0.0));
#9716=ORIENTED_EDGE('',*,*,#9717,.F.);
#9726=ORIENTED_EDGE('',*,*,#9646,.T.);
#9737=EDGE_CURVE($,#9598,#9637,#9742,.T.);
#9742=CIRCLE($,#9743,0.149999954);
#9744=CARTESIAN_POINT('',(3.25,-2.25,0.051));
#9743=AXIS2_PLACEMENT_3D($,#9744,#9745,#9746);
#9745=DIRECTION('',(0.0,0.0,-1.0));
#9746=DIRECTION('',(0.0,1.0,0.0));
#9736=ORIENTED_EDGE('',*,*,#9737,.F.);
#9747=STYLED_ITEM('color',(#34),#9748);
#9748=ADVANCED_FACE($,(#9754),#9749,.T.);
#9749=PLANE($,#9750);
#9750=AXIS2_PLACEMENT_3D($,#9751,#9752,#9753);
#9751=CARTESIAN_POINT('',(3.25,-2.1,0.0));
#9752=DIRECTION('',(0.0,0.0,-1.0));
#9753=DIRECTION('',(1.,0.,0.));
#9754=FACE_OUTER_BOUND($,#9755,.T.);
#9755=EDGE_LOOP($,(#9758, #9768, #9778, #9788));
#9758=ORIENTED_EDGE('',*,*,#9686,.T.);
#9768=ORIENTED_EDGE('',*,*,#9469,.T.);
#9778=ORIENTED_EDGE('',*,*,#9617,.T.);
#9789=EDGE_CURVE($,#9639,#9608,#9794,.T.);
#9794=CIRCLE($,#9795,0.149999954);
#9796=CARTESIAN_POINT('',(3.25,-2.25,0.0));
#9795=AXIS2_PLACEMENT_3D($,#9796,#9797,#9798);
#9797=DIRECTION('',(0.0,0.0,1.0));
#9798=DIRECTION('',(0.0,-1.0,0.0));
#9788=ORIENTED_EDGE('',*,*,#9789,.F.);
#9799=STYLED_ITEM('color',(#34),#9800);
#9800=ADVANCED_FACE($,(#9806),#9801,.T.);
#9801=CYLINDRICAL_SURFACE($,#9802,0.149999954);
#9802=AXIS2_PLACEMENT_3D($,#9803,#9804,#9805);
#9803=CARTESIAN_POINT('',(3.25,-2.25,0.0));
#9804=DIRECTION('',(0.,0.,1.));
#9805=DIRECTION('',(0.,1.,0.));
#9806=FACE_OUTER_BOUND($,#9807,.T.);
#9807=EDGE_LOOP($,(#9830, #9808, #9840, #9819));
#9830=ORIENTED_EDGE('',*,*,#9636,.T.);
#9808=ORIENTED_EDGE('',*,*,#9789,.T.);
#9840=ORIENTED_EDGE('',*,*,#9607,.T.);
#9819=ORIENTED_EDGE('',*,*,#9737,.T.);
#9852=STYLED_ITEM('',(#34),#9853);
#9853=ADVANCED_FACE('',(#9859),#9854,.T.);
#9854=PLANE('',#9855);
#9855=AXIS2_PLACEMENT_3D('',#9856,#9857,#9858);
#9856=CARTESIAN_POINT('',(3.55,-2.4,0.0));
#9857=DIRECTION('',(1.0,0.0,0.0));
#9858=DIRECTION('',(0.,0.,1.));
#9859=FACE_OUTER_BOUND('',#9860,.T.);
#9860=EDGE_LOOP('',(#9861,#9871,#9881,#9891));
#9861=ORIENTED_EDGE('',*,*,#9489,.T.);
#9871=ORIENTED_EDGE('',*,*,#9656,.T.);
#9881=ORIENTED_EDGE('',*,*,#9717,.T.);
#9891=ORIENTED_EDGE('',*,*,#9587,.T.);
#10319=MANIFOLD_SOLID_BREP($,#10320);
#10320=CLOSED_SHELL('',(#10322,#10371,#10420,#10489,#10558,#10610,#10662,#10715));
#10321=STYLED_ITEM('',(#34),#10322);
#10322=ADVANCED_FACE('',(#10328),#10323,.T.);
#10323=PLANE('',#10324);
#10324=AXIS2_PLACEMENT_3D('',#10325,#10326,#10327);
#10325=CARTESIAN_POINT('',(3.601,-2.9,0.0));
#10326=DIRECTION('',(0.0,0.0,1.0));
#10327=DIRECTION('',(0.,1.,0.));
#10328=FACE_OUTER_BOUND('',#10329,.T.);
#10329=EDGE_LOOP('',(#10330,#10340,#10350,#10360));
#10333=CARTESIAN_POINT('',(3.601,-2.6,0.0));
#10332=VERTEX_POINT('',#10333);
#10335=CARTESIAN_POINT('',(3.601,-2.9,0.0));
#10334=VERTEX_POINT('',#10335);
#10331=EDGE_CURVE('',#10332,#10334,#10336,.T.);
#10336=LINE('',#10333,#10338);
#10338=VECTOR('',#10339,0.299999908);
#10339=DIRECTION('',(0.0,-1.0,0.0));
#10330=ORIENTED_EDGE('',*,*,#10331,.F.);
#10343=CARTESIAN_POINT('',(3.55,-2.6,0.0));
#10342=VERTEX_POINT('',#10343);
#10341=EDGE_CURVE('',#10342,#10332,#10346,.T.);
#10346=LINE('',#10343,#10348);
#10348=VECTOR('',#10349,0.0507999991615086);
#10349=DIRECTION('',(1.0,0.0,0.0));
#10340=ORIENTED_EDGE('',*,*,#10341,.F.);
#10353=CARTESIAN_POINT('',(3.55,-2.9,0.0));
#10352=VERTEX_POINT('',#10353);
#10351=EDGE_CURVE('',#10352,#10342,#10356,.T.);
#10356=LINE('',#10353,#10358);
#10358=VECTOR('',#10359,0.299999905845576);
#10359=DIRECTION('',(0.0,1.0,0.0));
#10350=ORIENTED_EDGE('',*,*,#10351,.F.);
#10361=EDGE_CURVE('',#10334,#10352,#10366,.T.);
#10366=LINE('',#10335,#10368);
#10368=VECTOR('',#10369,0.0507999991615094);
#10369=DIRECTION('',(-1.0,0.0,0.0));
#10360=ORIENTED_EDGE('',*,*,#10361,.F.);
#10370=STYLED_ITEM('',(#34),#10371);
#10371=ADVANCED_FACE('',(#10377),#10372,.T.);
#10372=PLANE('',#10373);
#10373=AXIS2_PLACEMENT_3D('',#10374,#10375,#10376);
#10374=CARTESIAN_POINT('',(3.601,-2.9,0.0));
#10375=DIRECTION('',(1.0,0.0,0.0));
#10376=DIRECTION('',(0.,0.,1.));
#10377=FACE_OUTER_BOUND('',#10378,.T.);
#10378=EDGE_LOOP('',(#10379,#10389,#10399,#10409));
#10379=ORIENTED_EDGE('',*,*,#10331,.F.);
#10389=ORIENTED_EDGE('',*,*,#10331,.T.);
#10399=ORIENTED_EDGE('',*,*,#10331,.T.);
#10409=ORIENTED_EDGE('',*,*,#10331,.T.);
#10419=STYLED_ITEM('',(#34),#10420);
#10420=ADVANCED_FACE('',(#10426),#10421,.T.);
#10421=PLANE('',#10422);
#10422=AXIS2_PLACEMENT_3D('',#10423,#10424,#10425);
#10423=CARTESIAN_POINT('',(3.601,-2.9,0.0));
#10424=DIRECTION('',(0.0,1.0,0.0));
#10425=DIRECTION('',(0.,0.,1.));
#10426=FACE_OUTER_BOUND('',#10427,.T.);
#10427=EDGE_LOOP('',(#10428,#10438,#10448,#10458,#10468,#10478));
#10428=ORIENTED_EDGE('',*,*,#10331,.T.);
#10438=ORIENTED_EDGE('',*,*,#10361,.T.);
#10451=CARTESIAN_POINT('',(3.55,-2.9,0.051));
#10450=VERTEX_POINT('',#10451);
#10449=EDGE_CURVE('',#10450,#10352,#10454,.T.);
#10454=LINE('',#10451,#10456);
#10456=VECTOR('',#10457,0.0508);
#10457=DIRECTION('',(0.0,0.0,-1.0));
#10448=ORIENTED_EDGE('',*,*,#10449,.F.);
#10461=CARTESIAN_POINT('',(3.25,-2.9,0.051));
#10460=VERTEX_POINT('',#10461);
#10459=EDGE_CURVE('',#10460,#10450,#10464,.T.);
#10464=LINE('',#10461,#10466);
#10466=VECTOR('',#10467,0.300000921852187);
#10467=DIRECTION('',(1.0,0.0,0.0));
#10458=ORIENTED_EDGE('',*,*,#10459,.F.);
#10471=CARTESIAN_POINT('',(3.25,-2.9,0.0));
#10470=VERTEX_POINT('',#10471);
#10469=EDGE_CURVE('',#10470,#10460,#10474,.T.);
#10474=LINE('',#10471,#10476);
#10476=VECTOR('',#10477,0.0508);
#10477=DIRECTION('',(0.0,0.0,1.0));
#10468=ORIENTED_EDGE('',*,*,#10469,.F.);
#10479=EDGE_CURVE('',#10334,#10470,#10484,.T.);
#10484=LINE('',#10335,#10486);
#10486=VECTOR('',#10487,0.350800921013696);
#10487=DIRECTION('',(-1.0,0.0,0.0));
#10478=ORIENTED_EDGE('',*,*,#10479,.F.);
#10488=STYLED_ITEM('',(#34),#10489);
#10489=ADVANCED_FACE('',(#10495),#10490,.T.);
#10490=PLANE('',#10491);
#10491=AXIS2_PLACEMENT_3D('',#10492,#10493,#10494);
#10492=CARTESIAN_POINT('',(3.25,-2.6,0.0));
#10493=DIRECTION('',(0.0,1.0,0.0));
#10494=DIRECTION('',(0.,0.,1.));
#10495=FACE_OUTER_BOUND('',#10496,.T.);
#10496=EDGE_LOOP('',(#10497,#10507,#10517,#10527,#10537,#10547));
#10500=CARTESIAN_POINT('',(3.25,-2.6,0.051));
#10499=VERTEX_POINT('',#10500);
#10502=CARTESIAN_POINT('',(3.25,-2.6,0.0));
#10501=VERTEX_POINT('',#10502);
#10498=EDGE_CURVE('',#10499,#10501,#10503,.T.);
#10503=LINE('',#10500,#10505);
#10505=VECTOR('',#10506,0.0508);
#10506=DIRECTION('',(0.0,0.0,-1.0));
#10497=ORIENTED_EDGE('',*,*,#10498,.F.);
#10510=CARTESIAN_POINT('',(3.55,-2.6,0.051));
#10509=VERTEX_POINT('',#10510);
#10508=EDGE_CURVE('',#10509,#10499,#10513,.T.);
#10513=LINE('',#10510,#10515);
#10515=VECTOR('',#10516,0.300000921852187);
#10516=DIRECTION('',(-1.0,0.0,0.0));
#10507=ORIENTED_EDGE('',*,*,#10508,.F.);
#10518=EDGE_CURVE('',#10342,#10509,#10523,.T.);
#10523=LINE('',#10343,#10525);
#10525=VECTOR('',#10526,0.0508);
#10526=DIRECTION('',(0.0,0.0,1.0));
#10517=ORIENTED_EDGE('',*,*,#10518,.F.);
#10527=ORIENTED_EDGE('',*,*,#10341,.T.);
#10537=ORIENTED_EDGE('',*,*,#10331,.T.);
#10548=EDGE_CURVE('',#10501,#10332,#10553,.T.);
#10553=LINE('',#10502,#10555);
#10555=VECTOR('',#10556,0.350800921013696);
#10556=DIRECTION('',(1.0,0.0,0.0));
#10547=ORIENTED_EDGE('',*,*,#10548,.F.);
#10557=STYLED_ITEM('color',(#34),#10558);
#10558=ADVANCED_FACE($,(#10564),#10559,.T.);
#10559=PLANE($,#10560);
#10560=AXIS2_PLACEMENT_3D($,#10561,#10562,#10563);
#10561=CARTESIAN_POINT('',(3.55,-2.9,0.051));
#10562=DIRECTION('',(0.0,0.0,1.0));
#10563=DIRECTION('',(1.,0.,0.));
#10564=FACE_OUTER_BOUND($,#10565,.T.);
#10565=EDGE_LOOP($,(#10568, #10578, #10588, #10598));
#10568=ORIENTED_EDGE('',*,*,#10459,.T.);
#10579=EDGE_CURVE('',#10509,#10450,#10584,.T.);
#10584=LINE('',#10510,#10586);
#10586=VECTOR('',#10587,0.299999905845576);
#10587=DIRECTION('',(0.0,-1.0,0.0));
#10578=ORIENTED_EDGE('',*,*,#10579,.F.);
#10588=ORIENTED_EDGE('',*,*,#10508,.T.);
#10599=EDGE_CURVE($,#10460,#10499,#10604,.T.);
#10604=CIRCLE($,#10605,0.149999954);
#10606=CARTESIAN_POINT('',(3.25,-2.75,0.051));
#10605=AXIS2_PLACEMENT_3D($,#10606,#10607,#10608);
#10607=DIRECTION('',(0.0,0.0,-1.0));
#10608=DIRECTION('',(0.0,1.0,0.0));
#10598=ORIENTED_EDGE('',*,*,#10599,.F.);
#10609=STYLED_ITEM('color',(#34),#10610);
#10610=ADVANCED_FACE($,(#10616),#10611,.T.);
#10611=PLANE($,#10612);
#10612=AXIS2_PLACEMENT_3D($,#10613,#10614,#10615);
#10613=CARTESIAN_POINT('',(3.25,-2.6,0.0));
#10614=DIRECTION('',(0.0,0.0,-1.0));
#10615=DIRECTION('',(1.,0.,0.));
#10616=FACE_OUTER_BOUND($,#10617,.T.);
#10617=EDGE_LOOP($,(#10620, #10630, #10640, #10650));
#10620=ORIENTED_EDGE('',*,*,#10548,.T.);
#10630=ORIENTED_EDGE('',*,*,#10331,.T.);
#10640=ORIENTED_EDGE('',*,*,#10479,.T.);
#10651=EDGE_CURVE($,#10501,#10470,#10656,.T.);
#10656=CIRCLE($,#10657,0.149999954);
#10658=CARTESIAN_POINT('',(3.25,-2.75,0.0));
#10657=AXIS2_PLACEMENT_3D($,#10658,#10659,#10660);
#10659=DIRECTION('',(0.0,0.0,1.0));
#10660=DIRECTION('',(0.0,-1.0,0.0));
#10650=ORIENTED_EDGE('',*,*,#10651,.F.);
#10661=STYLED_ITEM('color',(#34),#10662);
#10662=ADVANCED_FACE($,(#10668),#10663,.T.);
#10663=CYLINDRICAL_SURFACE($,#10664,0.149999954);
#10664=AXIS2_PLACEMENT_3D($,#10665,#10666,#10667);
#10665=CARTESIAN_POINT('',(3.25,-2.75,0.0));
#10666=DIRECTION('',(0.,0.,1.));
#10667=DIRECTION('',(0.,1.,0.));
#10668=FACE_OUTER_BOUND($,#10669,.T.);
#10669=EDGE_LOOP($,(#10692, #10670, #10702, #10681));
#10692=ORIENTED_EDGE('',*,*,#10498,.T.);
#10670=ORIENTED_EDGE('',*,*,#10651,.T.);
#10702=ORIENTED_EDGE('',*,*,#10469,.T.);
#10681=ORIENTED_EDGE('',*,*,#10599,.T.);
#10714=STYLED_ITEM('',(#34),#10715);
#10715=ADVANCED_FACE('',(#10721),#10716,.T.);
#10716=PLANE('',#10717);
#10717=AXIS2_PLACEMENT_3D('',#10718,#10719,#10720);
#10718=CARTESIAN_POINT('',(3.55,-2.9,0.0));
#10719=DIRECTION('',(1.0,0.0,0.0));
#10720=DIRECTION('',(0.,0.,1.));
#10721=FACE_OUTER_BOUND('',#10722,.T.);
#10722=EDGE_LOOP('',(#10723,#10733,#10743,#10753));
#10723=ORIENTED_EDGE('',*,*,#10351,.T.);
#10733=ORIENTED_EDGE('',*,*,#10518,.T.);
#10743=ORIENTED_EDGE('',*,*,#10579,.T.);
#10753=ORIENTED_EDGE('',*,*,#10449,.T.);
#11181=MANIFOLD_SOLID_BREP($,#11182);
#11182=CLOSED_SHELL('',(#11184,#11233,#11282,#11351,#11420,#11472,#11524,#11577));
#11183=STYLED_ITEM('',(#34),#11184);
#11184=ADVANCED_FACE('',(#11190),#11185,.T.);
#11185=PLANE('',#11186);
#11186=AXIS2_PLACEMENT_3D('',#11187,#11188,#11189);
#11187=CARTESIAN_POINT('',(-3.601,-2.6,0.0));
#11188=DIRECTION('',(0.0,0.0,1.0));
#11189=DIRECTION('',(0.,1.,0.));
#11190=FACE_OUTER_BOUND('',#11191,.T.);
#11191=EDGE_LOOP('',(#11192,#11202,#11212,#11222));
#11195=CARTESIAN_POINT('',(-3.601,-2.9,0.0));
#11194=VERTEX_POINT('',#11195);
#11197=CARTESIAN_POINT('',(-3.601,-2.6,0.0));
#11196=VERTEX_POINT('',#11197);
#11193=EDGE_CURVE('',#11194,#11196,#11198,.T.);
#11198=LINE('',#11195,#11200);
#11200=VECTOR('',#11201,0.299999908);
#11201=DIRECTION('',(0.0,1.0,0.0));
#11192=ORIENTED_EDGE('',*,*,#11193,.F.);
#11205=CARTESIAN_POINT('',(-3.55,-2.9,0.0));
#11204=VERTEX_POINT('',#11205);
#11203=EDGE_CURVE('',#11204,#11194,#11208,.T.);
#11208=LINE('',#11205,#11210);
#11210=VECTOR('',#11211,0.0507999991615087);
#11211=DIRECTION('',(-1.0,0.0,0.0));
#11202=ORIENTED_EDGE('',*,*,#11203,.F.);
#11215=CARTESIAN_POINT('',(-3.55,-2.6,0.0));
#11214=VERTEX_POINT('',#11215);
#11213=EDGE_CURVE('',#11214,#11204,#11218,.T.);
#11218=LINE('',#11215,#11220);
#11220=VECTOR('',#11221,0.299999905845577);
#11221=DIRECTION('',(0.0,-1.0,0.0));
#11212=ORIENTED_EDGE('',*,*,#11213,.F.);
#11223=EDGE_CURVE('',#11196,#11214,#11228,.T.);
#11228=LINE('',#11197,#11230);
#11230=VECTOR('',#11231,0.0507999991615082);
#11231=DIRECTION('',(1.0,0.0,0.0));
#11222=ORIENTED_EDGE('',*,*,#11223,.F.);
#11232=STYLED_ITEM('',(#34),#11233);
#11233=ADVANCED_FACE('',(#11239),#11234,.T.);
#11234=PLANE('',#11235);
#11235=AXIS2_PLACEMENT_3D('',#11236,#11237,#11238);
#11236=CARTESIAN_POINT('',(-3.601,-2.6,0.0));
#11237=DIRECTION('',(1.0,0.0,0.0));
#11238=DIRECTION('',(0.,0.,1.));
#11239=FACE_OUTER_BOUND('',#11240,.T.);
#11240=EDGE_LOOP('',(#11241,#11251,#11261,#11271));
#11241=ORIENTED_EDGE('',*,*,#11193,.F.);
#11251=ORIENTED_EDGE('',*,*,#11193,.T.);
#11261=ORIENTED_EDGE('',*,*,#11193,.T.);
#11271=ORIENTED_EDGE('',*,*,#11193,.T.);
#11281=STYLED_ITEM('',(#34),#11282);
#11282=ADVANCED_FACE('',(#11288),#11283,.T.);
#11283=PLANE('',#11284);
#11284=AXIS2_PLACEMENT_3D('',#11285,#11286,#11287);
#11285=CARTESIAN_POINT('',(-3.601,-2.6,0.0));
#11286=DIRECTION('',(0.0,-1.0,0.0));
#11287=DIRECTION('',(0.,0.,1.));
#11288=FACE_OUTER_BOUND('',#11289,.T.);
#11289=EDGE_LOOP('',(#11290,#11300,#11310,#11320,#11330,#11340));
#11290=ORIENTED_EDGE('',*,*,#11193,.T.);
#11300=ORIENTED_EDGE('',*,*,#11223,.T.);
#11313=CARTESIAN_POINT('',(-3.55,-2.6,0.051));
#11312=VERTEX_POINT('',#11313);
#11311=EDGE_CURVE('',#11312,#11214,#11316,.T.);
#11316=LINE('',#11313,#11318);
#11318=VECTOR('',#11319,0.0508);
#11319=DIRECTION('',(0.0,0.0,-1.0));
#11310=ORIENTED_EDGE('',*,*,#11311,.F.);
#11323=CARTESIAN_POINT('',(-3.25,-2.6,0.051));
#11322=VERTEX_POINT('',#11323);
#11321=EDGE_CURVE('',#11322,#11312,#11326,.T.);
#11326=LINE('',#11323,#11328);
#11328=VECTOR('',#11329,0.300000921852188);
#11329=DIRECTION('',(-1.0,0.0,0.0));
#11320=ORIENTED_EDGE('',*,*,#11321,.F.);
#11333=CARTESIAN_POINT('',(-3.25,-2.6,0.0));
#11332=VERTEX_POINT('',#11333);
#11331=EDGE_CURVE('',#11332,#11322,#11336,.T.);
#11336=LINE('',#11333,#11338);
#11338=VECTOR('',#11339,0.0508);
#11339=DIRECTION('',(0.0,0.0,1.0));
#11330=ORIENTED_EDGE('',*,*,#11331,.F.);
#11341=EDGE_CURVE('',#11196,#11332,#11346,.T.);
#11346=LINE('',#11197,#11348);
#11348=VECTOR('',#11349,0.350800921013696);
#11349=DIRECTION('',(1.0,0.0,0.0));
#11340=ORIENTED_EDGE('',*,*,#11341,.F.);
#11350=STYLED_ITEM('',(#34),#11351);
#11351=ADVANCED_FACE('',(#11357),#11352,.T.);
#11352=PLANE('',#11353);
#11353=AXIS2_PLACEMENT_3D('',#11354,#11355,#11356);
#11354=CARTESIAN_POINT('',(-3.25,-2.9,0.0));
#11355=DIRECTION('',(0.0,-1.0,0.0));
#11356=DIRECTION('',(0.,0.,1.));
#11357=FACE_OUTER_BOUND('',#11358,.T.);
#11358=EDGE_LOOP('',(#11359,#11369,#11379,#11389,#11399,#11409));
#11362=CARTESIAN_POINT('',(-3.25,-2.9,0.051));
#11361=VERTEX_POINT('',#11362);
#11364=CARTESIAN_POINT('',(-3.25,-2.9,0.0));
#11363=VERTEX_POINT('',#11364);
#11360=EDGE_CURVE('',#11361,#11363,#11365,.T.);
#11365=LINE('',#11362,#11367);
#11367=VECTOR('',#11368,0.0508);
#11368=DIRECTION('',(0.0,0.0,-1.0));
#11359=ORIENTED_EDGE('',*,*,#11360,.F.);
#11372=CARTESIAN_POINT('',(-3.55,-2.9,0.051));
#11371=VERTEX_POINT('',#11372);
#11370=EDGE_CURVE('',#11371,#11361,#11375,.T.);
#11375=LINE('',#11372,#11377);
#11377=VECTOR('',#11378,0.300000921852187);
#11378=DIRECTION('',(1.0,0.0,0.0));
#11369=ORIENTED_EDGE('',*,*,#11370,.F.);
#11380=EDGE_CURVE('',#11204,#11371,#11385,.T.);
#11385=LINE('',#11205,#11387);
#11387=VECTOR('',#11388,0.0508);
#11388=DIRECTION('',(0.0,0.0,1.0));
#11379=ORIENTED_EDGE('',*,*,#11380,.F.);
#11389=ORIENTED_EDGE('',*,*,#11203,.T.);
#11399=ORIENTED_EDGE('',*,*,#11193,.T.);
#11410=EDGE_CURVE('',#11363,#11194,#11415,.T.);
#11415=LINE('',#11364,#11417);
#11417=VECTOR('',#11418,0.350800921013696);
#11418=DIRECTION('',(-1.0,0.0,0.0));
#11409=ORIENTED_EDGE('',*,*,#11410,.F.);
#11419=STYLED_ITEM('color',(#34),#11420);
#11420=ADVANCED_FACE($,(#11426),#11421,.T.);
#11421=PLANE($,#11422);
#11422=AXIS2_PLACEMENT_3D($,#11423,#11424,#11425);
#11423=CARTESIAN_POINT('',(-3.55,-2.6,0.051));
#11424=DIRECTION('',(0.0,0.0,1.0));
#11425=DIRECTION('',(1.,0.,0.));
#11426=FACE_OUTER_BOUND($,#11427,.T.);
#11427=EDGE_LOOP($,(#11430, #11440, #11450, #11460));
#11430=ORIENTED_EDGE('',*,*,#11321,.T.);
#11441=EDGE_CURVE('',#11371,#11312,#11446,.T.);
#11446=LINE('',#11372,#11448);
#11448=VECTOR('',#11449,0.299999905845577);
#11449=DIRECTION('',(0.0,1.0,0.0));
#11440=ORIENTED_EDGE('',*,*,#11441,.F.);
#11450=ORIENTED_EDGE('',*,*,#11370,.T.);
#11461=EDGE_CURVE($,#11322,#11361,#11466,.T.);
#11466=CIRCLE($,#11467,0.149999954);
#11468=CARTESIAN_POINT('',(-3.25,-2.75,0.051));
#11467=AXIS2_PLACEMENT_3D($,#11468,#11469,#11470);
#11469=DIRECTION('',(0.0,0.0,-1.0));
#11470=DIRECTION('',(0.0,-1.0,0.0));
#11460=ORIENTED_EDGE('',*,*,#11461,.F.);
#11471=STYLED_ITEM('color',(#34),#11472);
#11472=ADVANCED_FACE($,(#11478),#11473,.T.);
#11473=PLANE($,#11474);
#11474=AXIS2_PLACEMENT_3D($,#11475,#11476,#11477);
#11475=CARTESIAN_POINT('',(-3.25,-2.9,0.0));
#11476=DIRECTION('',(0.0,0.0,-1.0));
#11477=DIRECTION('',(1.,0.,0.));
#11478=FACE_OUTER_BOUND($,#11479,.T.);
#11479=EDGE_LOOP($,(#11482, #11492, #11502, #11512));
#11482=ORIENTED_EDGE('',*,*,#11410,.T.);
#11492=ORIENTED_EDGE('',*,*,#11193,.T.);
#11502=ORIENTED_EDGE('',*,*,#11341,.T.);
#11513=EDGE_CURVE($,#11363,#11332,#11518,.T.);
#11518=CIRCLE($,#11519,0.149999954);
#11520=CARTESIAN_POINT('',(-3.25,-2.75,0.0));
#11519=AXIS2_PLACEMENT_3D($,#11520,#11521,#11522);
#11521=DIRECTION('',(0.0,0.0,1.0));
#11522=DIRECTION('',(0.0,1.0,0.0));
#11512=ORIENTED_EDGE('',*,*,#11513,.F.);
#11523=STYLED_ITEM('color',(#34),#11524);
#11524=ADVANCED_FACE($,(#11530),#11525,.T.);
#11525=CYLINDRICAL_SURFACE($,#11526,0.149999954);
#11526=AXIS2_PLACEMENT_3D($,#11527,#11528,#11529);
#11527=CARTESIAN_POINT('',(-3.25,-2.75,0.0));
#11528=DIRECTION('',(0.,0.,1.));
#11529=DIRECTION('',(0.,1.,0.));
#11530=FACE_OUTER_BOUND($,#11531,.T.);
#11531=EDGE_LOOP($,(#11554, #11532, #11564, #11543));
#11554=ORIENTED_EDGE('',*,*,#11360,.T.);
#11532=ORIENTED_EDGE('',*,*,#11513,.T.);
#11564=ORIENTED_EDGE('',*,*,#11331,.T.);
#11543=ORIENTED_EDGE('',*,*,#11461,.T.);
#11576=STYLED_ITEM('',(#34),#11577);
#11577=ADVANCED_FACE('',(#11583),#11578,.T.);
#11578=PLANE('',#11579);
#11579=AXIS2_PLACEMENT_3D('',#11580,#11581,#11582);
#11580=CARTESIAN_POINT('',(-3.55,-2.6,0.0));
#11581=DIRECTION('',(-1.0,0.0,0.0));
#11582=DIRECTION('',(0.,0.,1.));
#11583=FACE_OUTER_BOUND('',#11584,.T.);
#11584=EDGE_LOOP('',(#11585,#11595,#11605,#11615));
#11585=ORIENTED_EDGE('',*,*,#11213,.T.);
#11595=ORIENTED_EDGE('',*,*,#11380,.T.);
#11605=ORIENTED_EDGE('',*,*,#11441,.T.);
#11615=ORIENTED_EDGE('',*,*,#11311,.T.);
#12043=MANIFOLD_SOLID_BREP($,#12044);
#12044=CLOSED_SHELL('',(#12046,#12095,#12144,#12213,#12282,#12334,#12386,#12439));
#12045=STYLED_ITEM('',(#34),#12046);
#12046=ADVANCED_FACE('',(#12052),#12047,.T.);
#12047=PLANE('',#12048);
#12048=AXIS2_PLACEMENT_3D('',#12049,#12050,#12051);
#12049=CARTESIAN_POINT('',(-3.601,-2.1,0.0));
#12050=DIRECTION('',(0.0,0.0,1.0));
#12051=DIRECTION('',(0.,1.,0.));
#12052=FACE_OUTER_BOUND('',#12053,.T.);
#12053=EDGE_LOOP('',(#12054,#12064,#12074,#12084));
#12057=CARTESIAN_POINT('',(-3.601,-2.4,0.0));
#12056=VERTEX_POINT('',#12057);
#12059=CARTESIAN_POINT('',(-3.601,-2.1,0.0));
#12058=VERTEX_POINT('',#12059);
#12055=EDGE_CURVE('',#12056,#12058,#12060,.T.);
#12060=LINE('',#12057,#12062);
#12062=VECTOR('',#12063,0.299999908);
#12063=DIRECTION('',(0.0,1.0,0.0));
#12054=ORIENTED_EDGE('',*,*,#12055,.F.);
#12067=CARTESIAN_POINT('',(-3.55,-2.4,0.0));
#12066=VERTEX_POINT('',#12067);
#12065=EDGE_CURVE('',#12066,#12056,#12070,.T.);
#12070=LINE('',#12067,#12072);
#12072=VECTOR('',#12073,0.0507999991615087);
#12073=DIRECTION('',(-1.0,0.0,0.0));
#12064=ORIENTED_EDGE('',*,*,#12065,.F.);
#12077=CARTESIAN_POINT('',(-3.55,-2.1,0.0));
#12076=VERTEX_POINT('',#12077);
#12075=EDGE_CURVE('',#12076,#12066,#12080,.T.);
#12080=LINE('',#12077,#12082);
#12082=VECTOR('',#12083,0.299999905845577);
#12083=DIRECTION('',(0.0,-1.0,0.0));
#12074=ORIENTED_EDGE('',*,*,#12075,.F.);
#12085=EDGE_CURVE('',#12058,#12076,#12090,.T.);
#12090=LINE('',#12059,#12092);
#12092=VECTOR('',#12093,0.0507999991615082);
#12093=DIRECTION('',(1.0,0.0,0.0));
#12084=ORIENTED_EDGE('',*,*,#12085,.F.);
#12094=STYLED_ITEM('',(#34),#12095);
#12095=ADVANCED_FACE('',(#12101),#12096,.T.);
#12096=PLANE('',#12097);
#12097=AXIS2_PLACEMENT_3D('',#12098,#12099,#12100);
#12098=CARTESIAN_POINT('',(-3.601,-2.1,0.0));
#12099=DIRECTION('',(1.0,0.0,0.0));
#12100=DIRECTION('',(0.,0.,1.));
#12101=FACE_OUTER_BOUND('',#12102,.T.);
#12102=EDGE_LOOP('',(#12103,#12113,#12123,#12133));
#12103=ORIENTED_EDGE('',*,*,#12055,.F.);
#12113=ORIENTED_EDGE('',*,*,#12055,.T.);
#12123=ORIENTED_EDGE('',*,*,#12055,.T.);
#12133=ORIENTED_EDGE('',*,*,#12055,.T.);
#12143=STYLED_ITEM('',(#34),#12144);
#12144=ADVANCED_FACE('',(#12150),#12145,.T.);
#12145=PLANE('',#12146);
#12146=AXIS2_PLACEMENT_3D('',#12147,#12148,#12149);
#12147=CARTESIAN_POINT('',(-3.601,-2.1,0.0));
#12148=DIRECTION('',(0.0,-1.0,0.0));
#12149=DIRECTION('',(0.,0.,1.));
#12150=FACE_OUTER_BOUND('',#12151,.T.);
#12151=EDGE_LOOP('',(#12152,#12162,#12172,#12182,#12192,#12202));
#12152=ORIENTED_EDGE('',*,*,#12055,.T.);
#12162=ORIENTED_EDGE('',*,*,#12085,.T.);
#12175=CARTESIAN_POINT('',(-3.55,-2.1,0.051));
#12174=VERTEX_POINT('',#12175);
#12173=EDGE_CURVE('',#12174,#12076,#12178,.T.);
#12178=LINE('',#12175,#12180);
#12180=VECTOR('',#12181,0.0508);
#12181=DIRECTION('',(0.0,0.0,-1.0));
#12172=ORIENTED_EDGE('',*,*,#12173,.F.);
#12185=CARTESIAN_POINT('',(-3.25,-2.1,0.051));
#12184=VERTEX_POINT('',#12185);
#12183=EDGE_CURVE('',#12184,#12174,#12188,.T.);
#12188=LINE('',#12185,#12190);
#12190=VECTOR('',#12191,0.300000921852188);
#12191=DIRECTION('',(-1.0,0.0,0.0));
#12182=ORIENTED_EDGE('',*,*,#12183,.F.);
#12195=CARTESIAN_POINT('',(-3.25,-2.1,0.0));
#12194=VERTEX_POINT('',#12195);
#12193=EDGE_CURVE('',#12194,#12184,#12198,.T.);
#12198=LINE('',#12195,#12200);
#12200=VECTOR('',#12201,0.0508);
#12201=DIRECTION('',(0.0,0.0,1.0));
#12192=ORIENTED_EDGE('',*,*,#12193,.F.);
#12203=EDGE_CURVE('',#12058,#12194,#12208,.T.);
#12208=LINE('',#12059,#12210);
#12210=VECTOR('',#12211,0.350800921013696);
#12211=DIRECTION('',(1.0,0.0,0.0));
#12202=ORIENTED_EDGE('',*,*,#12203,.F.);
#12212=STYLED_ITEM('',(#34),#12213);
#12213=ADVANCED_FACE('',(#12219),#12214,.T.);
#12214=PLANE('',#12215);
#12215=AXIS2_PLACEMENT_3D('',#12216,#12217,#12218);
#12216=CARTESIAN_POINT('',(-3.25,-2.4,0.0));
#12217=DIRECTION('',(0.0,-1.0,0.0));
#12218=DIRECTION('',(0.,0.,1.));
#12219=FACE_OUTER_BOUND('',#12220,.T.);
#12220=EDGE_LOOP('',(#12221,#12231,#12241,#12251,#12261,#12271));
#12224=CARTESIAN_POINT('',(-3.25,-2.4,0.051));
#12223=VERTEX_POINT('',#12224);
#12226=CARTESIAN_POINT('',(-3.25,-2.4,0.0));
#12225=VERTEX_POINT('',#12226);
#12222=EDGE_CURVE('',#12223,#12225,#12227,.T.);
#12227=LINE('',#12224,#12229);
#12229=VECTOR('',#12230,0.0508);
#12230=DIRECTION('',(0.0,0.0,-1.0));
#12221=ORIENTED_EDGE('',*,*,#12222,.F.);
#12234=CARTESIAN_POINT('',(-3.55,-2.4,0.051));
#12233=VERTEX_POINT('',#12234);
#12232=EDGE_CURVE('',#12233,#12223,#12237,.T.);
#12237=LINE('',#12234,#12239);
#12239=VECTOR('',#12240,0.300000921852187);
#12240=DIRECTION('',(1.0,0.0,0.0));
#12231=ORIENTED_EDGE('',*,*,#12232,.F.);
#12242=EDGE_CURVE('',#12066,#12233,#12247,.T.);
#12247=LINE('',#12067,#12249);
#12249=VECTOR('',#12250,0.0508);
#12250=DIRECTION('',(0.0,0.0,1.0));
#12241=ORIENTED_EDGE('',*,*,#12242,.F.);
#12251=ORIENTED_EDGE('',*,*,#12065,.T.);
#12261=ORIENTED_EDGE('',*,*,#12055,.T.);
#12272=EDGE_CURVE('',#12225,#12056,#12277,.T.);
#12277=LINE('',#12226,#12279);
#12279=VECTOR('',#12280,0.350800921013696);
#12280=DIRECTION('',(-1.0,0.0,0.0));
#12271=ORIENTED_EDGE('',*,*,#12272,.F.);
#12281=STYLED_ITEM('color',(#34),#12282);
#12282=ADVANCED_FACE($,(#12288),#12283,.T.);
#12283=PLANE($,#12284);
#12284=AXIS2_PLACEMENT_3D($,#12285,#12286,#12287);
#12285=CARTESIAN_POINT('',(-3.55,-2.1,0.051));
#12286=DIRECTION('',(0.0,0.0,1.0));
#12287=DIRECTION('',(1.,0.,0.));
#12288=FACE_OUTER_BOUND($,#12289,.T.);
#12289=EDGE_LOOP($,(#12292, #12302, #12312, #12322));
#12292=ORIENTED_EDGE('',*,*,#12183,.T.);
#12303=EDGE_CURVE('',#12233,#12174,#12308,.T.);
#12308=LINE('',#12234,#12310);
#12310=VECTOR('',#12311,0.299999905845577);
#12311=DIRECTION('',(0.0,1.0,0.0));
#12302=ORIENTED_EDGE('',*,*,#12303,.F.);
#12312=ORIENTED_EDGE('',*,*,#12232,.T.);
#12323=EDGE_CURVE($,#12184,#12223,#12328,.T.);
#12328=CIRCLE($,#12329,0.149999954);
#12330=CARTESIAN_POINT('',(-3.25,-2.25,0.051));
#12329=AXIS2_PLACEMENT_3D($,#12330,#12331,#12332);
#12331=DIRECTION('',(0.0,0.0,-1.0));
#12332=DIRECTION('',(0.0,-1.0,0.0));
#12322=ORIENTED_EDGE('',*,*,#12323,.F.);
#12333=STYLED_ITEM('color',(#34),#12334);
#12334=ADVANCED_FACE($,(#12340),#12335,.T.);
#12335=PLANE($,#12336);
#12336=AXIS2_PLACEMENT_3D($,#12337,#12338,#12339);
#12337=CARTESIAN_POINT('',(-3.25,-2.4,0.0));
#12338=DIRECTION('',(0.0,0.0,-1.0));
#12339=DIRECTION('',(1.,0.,0.));
#12340=FACE_OUTER_BOUND($,#12341,.T.);
#12341=EDGE_LOOP($,(#12344, #12354, #12364, #12374));
#12344=ORIENTED_EDGE('',*,*,#12272,.T.);
#12354=ORIENTED_EDGE('',*,*,#12055,.T.);
#12364=ORIENTED_EDGE('',*,*,#12203,.T.);
#12375=EDGE_CURVE($,#12225,#12194,#12380,.T.);
#12380=CIRCLE($,#12381,0.149999954);
#12382=CARTESIAN_POINT('',(-3.25,-2.25,0.0));
#12381=AXIS2_PLACEMENT_3D($,#12382,#12383,#12384);
#12383=DIRECTION('',(0.0,0.0,1.0));
#12384=DIRECTION('',(0.0,1.0,0.0));
#12374=ORIENTED_EDGE('',*,*,#12375,.F.);
#12385=STYLED_ITEM('color',(#34),#12386);
#12386=ADVANCED_FACE($,(#12392),#12387,.T.);
#12387=CYLINDRICAL_SURFACE($,#12388,0.149999954);
#12388=AXIS2_PLACEMENT_3D($,#12389,#12390,#12391);
#12389=CARTESIAN_POINT('',(-3.25,-2.25,0.0));
#12390=DIRECTION('',(0.,0.,1.));
#12391=DIRECTION('',(0.,1.,0.));
#12392=FACE_OUTER_BOUND($,#12393,.T.);
#12393=EDGE_LOOP($,(#12416, #12394, #12426, #12405));
#12416=ORIENTED_EDGE('',*,*,#12222,.T.);
#12394=ORIENTED_EDGE('',*,*,#12375,.T.);
#12426=ORIENTED_EDGE('',*,*,#12193,.T.);
#12405=ORIENTED_EDGE('',*,*,#12323,.T.);
#12438=STYLED_ITEM('',(#34),#12439);
#12439=ADVANCED_FACE('',(#12445),#12440,.T.);
#12440=PLANE('',#12441);
#12441=AXIS2_PLACEMENT_3D('',#12442,#12443,#12444);
#12442=CARTESIAN_POINT('',(-3.55,-2.1,0.0));
#12443=DIRECTION('',(-1.0,0.0,0.0));
#12444=DIRECTION('',(0.,0.,1.));
#12445=FACE_OUTER_BOUND('',#12446,.T.);
#12446=EDGE_LOOP('',(#12447,#12457,#12467,#12477));
#12447=ORIENTED_EDGE('',*,*,#12075,.T.);
#12457=ORIENTED_EDGE('',*,*,#12242,.T.);
#12467=ORIENTED_EDGE('',*,*,#12303,.T.);
#12477=ORIENTED_EDGE('',*,*,#12173,.T.);
#12905=MANIFOLD_SOLID_BREP($,#12906);
#12906=CLOSED_SHELL('',(#12908,#12957,#13006,#13075,#13144,#13196,#13248,#13301));
#12907=STYLED_ITEM('',(#34),#12908);
#12908=ADVANCED_FACE('',(#12914),#12909,.T.);
#12909=PLANE('',#12910);
#12910=AXIS2_PLACEMENT_3D('',#12911,#12912,#12913);
#12911=CARTESIAN_POINT('',(-3.601,-1.6,0.0));
#12912=DIRECTION('',(0.0,0.0,1.0));
#12913=DIRECTION('',(0.,1.,0.));
#12914=FACE_OUTER_BOUND('',#12915,.T.);
#12915=EDGE_LOOP('',(#12916,#12926,#12936,#12946));
#12919=CARTESIAN_POINT('',(-3.601,-1.9,0.0));
#12918=VERTEX_POINT('',#12919);
#12921=CARTESIAN_POINT('',(-3.601,-1.6,0.0));
#12920=VERTEX_POINT('',#12921);
#12917=EDGE_CURVE('',#12918,#12920,#12922,.T.);
#12922=LINE('',#12919,#12924);
#12924=VECTOR('',#12925,0.299999908);
#12925=DIRECTION('',(0.0,1.0,0.0));
#12916=ORIENTED_EDGE('',*,*,#12917,.F.);
#12929=CARTESIAN_POINT('',(-3.55,-1.9,0.0));
#12928=VERTEX_POINT('',#12929);
#12927=EDGE_CURVE('',#12928,#12918,#12932,.T.);
#12932=LINE('',#12929,#12934);
#12934=VECTOR('',#12935,0.0507999991615087);
#12935=DIRECTION('',(-1.0,0.0,0.0));
#12926=ORIENTED_EDGE('',*,*,#12927,.F.);
#12939=CARTESIAN_POINT('',(-3.55,-1.6,0.0));
#12938=VERTEX_POINT('',#12939);
#12937=EDGE_CURVE('',#12938,#12928,#12942,.T.);
#12942=LINE('',#12939,#12944);
#12944=VECTOR('',#12945,0.299999905845577);
#12945=DIRECTION('',(0.0,-1.0,0.0));
#12936=ORIENTED_EDGE('',*,*,#12937,.F.);
#12947=EDGE_CURVE('',#12920,#12938,#12952,.T.);
#12952=LINE('',#12921,#12954);
#12954=VECTOR('',#12955,0.0507999991615082);
#12955=DIRECTION('',(1.0,0.0,0.0));
#12946=ORIENTED_EDGE('',*,*,#12947,.F.);
#12956=STYLED_ITEM('',(#34),#12957);
#12957=ADVANCED_FACE('',(#12963),#12958,.T.);
#12958=PLANE('',#12959);
#12959=AXIS2_PLACEMENT_3D('',#12960,#12961,#12962);
#12960=CARTESIAN_POINT('',(-3.601,-1.6,0.0));
#12961=DIRECTION('',(1.0,0.0,0.0));
#12962=DIRECTION('',(0.,0.,1.));
#12963=FACE_OUTER_BOUND('',#12964,.T.);
#12964=EDGE_LOOP('',(#12965,#12975,#12985,#12995));
#12965=ORIENTED_EDGE('',*,*,#12917,.F.);
#12975=ORIENTED_EDGE('',*,*,#12917,.T.);
#12985=ORIENTED_EDGE('',*,*,#12917,.T.);
#12995=ORIENTED_EDGE('',*,*,#12917,.T.);
#13005=STYLED_ITEM('',(#34),#13006);
#13006=ADVANCED_FACE('',(#13012),#13007,.T.);
#13007=PLANE('',#13008);
#13008=AXIS2_PLACEMENT_3D('',#13009,#13010,#13011);
#13009=CARTESIAN_POINT('',(-3.601,-1.6,0.0));
#13010=DIRECTION('',(0.0,-1.0,0.0));
#13011=DIRECTION('',(0.,0.,1.));
#13012=FACE_OUTER_BOUND('',#13013,.T.);
#13013=EDGE_LOOP('',(#13014,#13024,#13034,#13044,#13054,#13064));
#13014=ORIENTED_EDGE('',*,*,#12917,.T.);
#13024=ORIENTED_EDGE('',*,*,#12947,.T.);
#13037=CARTESIAN_POINT('',(-3.55,-1.6,0.051));
#13036=VERTEX_POINT('',#13037);
#13035=EDGE_CURVE('',#13036,#12938,#13040,.T.);
#13040=LINE('',#13037,#13042);
#13042=VECTOR('',#13043,0.0508);
#13043=DIRECTION('',(0.0,0.0,-1.0));
#13034=ORIENTED_EDGE('',*,*,#13035,.F.);
#13047=CARTESIAN_POINT('',(-3.25,-1.6,0.051));
#13046=VERTEX_POINT('',#13047);
#13045=EDGE_CURVE('',#13046,#13036,#13050,.T.);
#13050=LINE('',#13047,#13052);
#13052=VECTOR('',#13053,0.300000921852188);
#13053=DIRECTION('',(-1.0,0.0,0.0));
#13044=ORIENTED_EDGE('',*,*,#13045,.F.);
#13057=CARTESIAN_POINT('',(-3.25,-1.6,0.0));
#13056=VERTEX_POINT('',#13057);
#13055=EDGE_CURVE('',#13056,#13046,#13060,.T.);
#13060=LINE('',#13057,#13062);
#13062=VECTOR('',#13063,0.0508);
#13063=DIRECTION('',(0.0,0.0,1.0));
#13054=ORIENTED_EDGE('',*,*,#13055,.F.);
#13065=EDGE_CURVE('',#12920,#13056,#13070,.T.);
#13070=LINE('',#12921,#13072);
#13072=VECTOR('',#13073,0.350800921013696);
#13073=DIRECTION('',(1.0,0.0,0.0));
#13064=ORIENTED_EDGE('',*,*,#13065,.F.);
#13074=STYLED_ITEM('',(#34),#13075);
#13075=ADVANCED_FACE('',(#13081),#13076,.T.);
#13076=PLANE('',#13077);
#13077=AXIS2_PLACEMENT_3D('',#13078,#13079,#13080);
#13078=CARTESIAN_POINT('',(-3.25,-1.9,0.0));
#13079=DIRECTION('',(0.0,-1.0,0.0));
#13080=DIRECTION('',(0.,0.,1.));
#13081=FACE_OUTER_BOUND('',#13082,.T.);
#13082=EDGE_LOOP('',(#13083,#13093,#13103,#13113,#13123,#13133));
#13086=CARTESIAN_POINT('',(-3.25,-1.9,0.051));
#13085=VERTEX_POINT('',#13086);
#13088=CARTESIAN_POINT('',(-3.25,-1.9,0.0));
#13087=VERTEX_POINT('',#13088);
#13084=EDGE_CURVE('',#13085,#13087,#13089,.T.);
#13089=LINE('',#13086,#13091);
#13091=VECTOR('',#13092,0.0508);
#13092=DIRECTION('',(0.0,0.0,-1.0));
#13083=ORIENTED_EDGE('',*,*,#13084,.F.);
#13096=CARTESIAN_POINT('',(-3.55,-1.9,0.051));
#13095=VERTEX_POINT('',#13096);
#13094=EDGE_CURVE('',#13095,#13085,#13099,.T.);
#13099=LINE('',#13096,#13101);
#13101=VECTOR('',#13102,0.300000921852187);
#13102=DIRECTION('',(1.0,0.0,0.0));
#13093=ORIENTED_EDGE('',*,*,#13094,.F.);
#13104=EDGE_CURVE('',#12928,#13095,#13109,.T.);
#13109=LINE('',#12929,#13111);
#13111=VECTOR('',#13112,0.0508);
#13112=DIRECTION('',(0.0,0.0,1.0));
#13103=ORIENTED_EDGE('',*,*,#13104,.F.);
#13113=ORIENTED_EDGE('',*,*,#12927,.T.);
#13123=ORIENTED_EDGE('',*,*,#12917,.T.);
#13134=EDGE_CURVE('',#13087,#12918,#13139,.T.);
#13139=LINE('',#13088,#13141);
#13141=VECTOR('',#13142,0.350800921013696);
#13142=DIRECTION('',(-1.0,0.0,0.0));
#13133=ORIENTED_EDGE('',*,*,#13134,.F.);
#13143=STYLED_ITEM('color',(#34),#13144);
#13144=ADVANCED_FACE($,(#13150),#13145,.T.);
#13145=PLANE($,#13146);
#13146=AXIS2_PLACEMENT_3D($,#13147,#13148,#13149);
#13147=CARTESIAN_POINT('',(-3.55,-1.6,0.051));
#13148=DIRECTION('',(0.0,0.0,1.0));
#13149=DIRECTION('',(1.,0.,0.));
#13150=FACE_OUTER_BOUND($,#13151,.T.);
#13151=EDGE_LOOP($,(#13154, #13164, #13174, #13184));
#13154=ORIENTED_EDGE('',*,*,#13045,.T.);
#13165=EDGE_CURVE('',#13095,#13036,#13170,.T.);
#13170=LINE('',#13096,#13172);
#13172=VECTOR('',#13173,0.299999905845577);
#13173=DIRECTION('',(0.0,1.0,0.0));
#13164=ORIENTED_EDGE('',*,*,#13165,.F.);
#13174=ORIENTED_EDGE('',*,*,#13094,.T.);
#13185=EDGE_CURVE($,#13046,#13085,#13190,.T.);
#13190=CIRCLE($,#13191,0.149999954);
#13192=CARTESIAN_POINT('',(-3.25,-1.75,0.051));
#13191=AXIS2_PLACEMENT_3D($,#13192,#13193,#13194);
#13193=DIRECTION('',(0.0,0.0,-1.0));
#13194=DIRECTION('',(0.0,-1.0,0.0));
#13184=ORIENTED_EDGE('',*,*,#13185,.F.);
#13195=STYLED_ITEM('color',(#34),#13196);
#13196=ADVANCED_FACE($,(#13202),#13197,.T.);
#13197=PLANE($,#13198);
#13198=AXIS2_PLACEMENT_3D($,#13199,#13200,#13201);
#13199=CARTESIAN_POINT('',(-3.25,-1.9,0.0));
#13200=DIRECTION('',(0.0,0.0,-1.0));
#13201=DIRECTION('',(1.,0.,0.));
#13202=FACE_OUTER_BOUND($,#13203,.T.);
#13203=EDGE_LOOP($,(#13206, #13216, #13226, #13236));
#13206=ORIENTED_EDGE('',*,*,#13134,.T.);
#13216=ORIENTED_EDGE('',*,*,#12917,.T.);
#13226=ORIENTED_EDGE('',*,*,#13065,.T.);
#13237=EDGE_CURVE($,#13087,#13056,#13242,.T.);
#13242=CIRCLE($,#13243,0.149999954);
#13244=CARTESIAN_POINT('',(-3.25,-1.75,0.0));
#13243=AXIS2_PLACEMENT_3D($,#13244,#13245,#13246);
#13245=DIRECTION('',(0.0,0.0,1.0));
#13246=DIRECTION('',(0.0,1.0,0.0));
#13236=ORIENTED_EDGE('',*,*,#13237,.F.);
#13247=STYLED_ITEM('color',(#34),#13248);
#13248=ADVANCED_FACE($,(#13254),#13249,.T.);
#13249=CYLINDRICAL_SURFACE($,#13250,0.149999954);
#13250=AXIS2_PLACEMENT_3D($,#13251,#13252,#13253);
#13251=CARTESIAN_POINT('',(-3.25,-1.75,0.0));
#13252=DIRECTION('',(0.,0.,1.));
#13253=DIRECTION('',(0.,1.,0.));
#13254=FACE_OUTER_BOUND($,#13255,.T.);
#13255=EDGE_LOOP($,(#13278, #13256, #13288, #13267));
#13278=ORIENTED_EDGE('',*,*,#13084,.T.);
#13256=ORIENTED_EDGE('',*,*,#13237,.T.);
#13288=ORIENTED_EDGE('',*,*,#13055,.T.);
#13267=ORIENTED_EDGE('',*,*,#13185,.T.);
#13300=STYLED_ITEM('',(#34),#13301);
#13301=ADVANCED_FACE('',(#13307),#13302,.T.);
#13302=PLANE('',#13303);
#13303=AXIS2_PLACEMENT_3D('',#13304,#13305,#13306);
#13304=CARTESIAN_POINT('',(-3.55,-1.6,0.0));
#13305=DIRECTION('',(-1.0,0.0,0.0));
#13306=DIRECTION('',(0.,0.,1.));
#13307=FACE_OUTER_BOUND('',#13308,.T.);
#13308=EDGE_LOOP('',(#13309,#13319,#13329,#13339));
#13309=ORIENTED_EDGE('',*,*,#12937,.T.);
#13319=ORIENTED_EDGE('',*,*,#13104,.T.);
#13329=ORIENTED_EDGE('',*,*,#13165,.T.);
#13339=ORIENTED_EDGE('',*,*,#13035,.T.);
#13767=MANIFOLD_SOLID_BREP($,#13768);
#13768=CLOSED_SHELL('',(#13770,#13819,#13868,#13937,#14006,#14058,#14110,#14163));
#13769=STYLED_ITEM('',(#34),#13770);
#13770=ADVANCED_FACE('',(#13776),#13771,.T.);
#13771=PLANE('',#13772);
#13772=AXIS2_PLACEMENT_3D('',#13773,#13774,#13775);
#13773=CARTESIAN_POINT('',(-3.601,-1.1,0.0));
#13774=DIRECTION('',(0.0,0.0,1.0));
#13775=DIRECTION('',(0.,1.,0.));
#13776=FACE_OUTER_BOUND('',#13777,.T.);
#13777=EDGE_LOOP('',(#13778,#13788,#13798,#13808));
#13781=CARTESIAN_POINT('',(-3.601,-1.4,0.0));
#13780=VERTEX_POINT('',#13781);
#13783=CARTESIAN_POINT('',(-3.601,-1.1,0.0));
#13782=VERTEX_POINT('',#13783);
#13779=EDGE_CURVE('',#13780,#13782,#13784,.T.);
#13784=LINE('',#13781,#13786);
#13786=VECTOR('',#13787,0.299999908);
#13787=DIRECTION('',(0.0,1.0,0.0));
#13778=ORIENTED_EDGE('',*,*,#13779,.F.);
#13791=CARTESIAN_POINT('',(-3.55,-1.4,0.0));
#13790=VERTEX_POINT('',#13791);
#13789=EDGE_CURVE('',#13790,#13780,#13794,.T.);
#13794=LINE('',#13791,#13796);
#13796=VECTOR('',#13797,0.0507999991615087);
#13797=DIRECTION('',(-1.0,0.0,0.0));
#13788=ORIENTED_EDGE('',*,*,#13789,.F.);
#13801=CARTESIAN_POINT('',(-3.55,-1.1,0.0));
#13800=VERTEX_POINT('',#13801);
#13799=EDGE_CURVE('',#13800,#13790,#13804,.T.);
#13804=LINE('',#13801,#13806);
#13806=VECTOR('',#13807,0.299999905845577);
#13807=DIRECTION('',(0.0,-1.0,0.0));
#13798=ORIENTED_EDGE('',*,*,#13799,.F.);
#13809=EDGE_CURVE('',#13782,#13800,#13814,.T.);
#13814=LINE('',#13783,#13816);
#13816=VECTOR('',#13817,0.0507999991615082);
#13817=DIRECTION('',(1.0,0.0,0.0));
#13808=ORIENTED_EDGE('',*,*,#13809,.F.);
#13818=STYLED_ITEM('',(#34),#13819);
#13819=ADVANCED_FACE('',(#13825),#13820,.T.);
#13820=PLANE('',#13821);
#13821=AXIS2_PLACEMENT_3D('',#13822,#13823,#13824);
#13822=CARTESIAN_POINT('',(-3.601,-1.1,0.0));
#13823=DIRECTION('',(1.0,0.0,0.0));
#13824=DIRECTION('',(0.,0.,1.));
#13825=FACE_OUTER_BOUND('',#13826,.T.);
#13826=EDGE_LOOP('',(#13827,#13837,#13847,#13857));
#13827=ORIENTED_EDGE('',*,*,#13779,.F.);
#13837=ORIENTED_EDGE('',*,*,#13779,.T.);
#13847=ORIENTED_EDGE('',*,*,#13779,.T.);
#13857=ORIENTED_EDGE('',*,*,#13779,.T.);
#13867=STYLED_ITEM('',(#34),#13868);
#13868=ADVANCED_FACE('',(#13874),#13869,.T.);
#13869=PLANE('',#13870);
#13870=AXIS2_PLACEMENT_3D('',#13871,#13872,#13873);
#13871=CARTESIAN_POINT('',(-3.601,-1.1,0.0));
#13872=DIRECTION('',(0.0,-1.0,0.0));
#13873=DIRECTION('',(0.,0.,1.));
#13874=FACE_OUTER_BOUND('',#13875,.T.);
#13875=EDGE_LOOP('',(#13876,#13886,#13896,#13906,#13916,#13926));
#13876=ORIENTED_EDGE('',*,*,#13779,.T.);
#13886=ORIENTED_EDGE('',*,*,#13809,.T.);
#13899=CARTESIAN_POINT('',(-3.55,-1.1,0.051));
#13898=VERTEX_POINT('',#13899);
#13897=EDGE_CURVE('',#13898,#13800,#13902,.T.);
#13902=LINE('',#13899,#13904);
#13904=VECTOR('',#13905,0.0508);
#13905=DIRECTION('',(0.0,0.0,-1.0));
#13896=ORIENTED_EDGE('',*,*,#13897,.F.);
#13909=CARTESIAN_POINT('',(-3.25,-1.1,0.051));
#13908=VERTEX_POINT('',#13909);
#13907=EDGE_CURVE('',#13908,#13898,#13912,.T.);
#13912=LINE('',#13909,#13914);
#13914=VECTOR('',#13915,0.300000921852188);
#13915=DIRECTION('',(-1.0,0.0,0.0));
#13906=ORIENTED_EDGE('',*,*,#13907,.F.);
#13919=CARTESIAN_POINT('',(-3.25,-1.1,0.0));
#13918=VERTEX_POINT('',#13919);
#13917=EDGE_CURVE('',#13918,#13908,#13922,.T.);
#13922=LINE('',#13919,#13924);
#13924=VECTOR('',#13925,0.0508);
#13925=DIRECTION('',(0.0,0.0,1.0));
#13916=ORIENTED_EDGE('',*,*,#13917,.F.);
#13927=EDGE_CURVE('',#13782,#13918,#13932,.T.);
#13932=LINE('',#13783,#13934);
#13934=VECTOR('',#13935,0.350800921013696);
#13935=DIRECTION('',(1.0,0.0,0.0));
#13926=ORIENTED_EDGE('',*,*,#13927,.F.);
#13936=STYLED_ITEM('',(#34),#13937);
#13937=ADVANCED_FACE('',(#13943),#13938,.T.);
#13938=PLANE('',#13939);
#13939=AXIS2_PLACEMENT_3D('',#13940,#13941,#13942);
#13940=CARTESIAN_POINT('',(-3.25,-1.4,0.0));
#13941=DIRECTION('',(0.0,-1.0,0.0));
#13942=DIRECTION('',(0.,0.,1.));
#13943=FACE_OUTER_BOUND('',#13944,.T.);
#13944=EDGE_LOOP('',(#13945,#13955,#13965,#13975,#13985,#13995));
#13948=CARTESIAN_POINT('',(-3.25,-1.4,0.051));
#13947=VERTEX_POINT('',#13948);
#13950=CARTESIAN_POINT('',(-3.25,-1.4,0.0));
#13949=VERTEX_POINT('',#13950);
#13946=EDGE_CURVE('',#13947,#13949,#13951,.T.);
#13951=LINE('',#13948,#13953);
#13953=VECTOR('',#13954,0.0508);
#13954=DIRECTION('',(0.0,0.0,-1.0));
#13945=ORIENTED_EDGE('',*,*,#13946,.F.);
#13958=CARTESIAN_POINT('',(-3.55,-1.4,0.051));
#13957=VERTEX_POINT('',#13958);
#13956=EDGE_CURVE('',#13957,#13947,#13961,.T.);
#13961=LINE('',#13958,#13963);
#13963=VECTOR('',#13964,0.300000921852187);
#13964=DIRECTION('',(1.0,0.0,0.0));
#13955=ORIENTED_EDGE('',*,*,#13956,.F.);
#13966=EDGE_CURVE('',#13790,#13957,#13971,.T.);
#13971=LINE('',#13791,#13973);
#13973=VECTOR('',#13974,0.0508);
#13974=DIRECTION('',(0.0,0.0,1.0));
#13965=ORIENTED_EDGE('',*,*,#13966,.F.);
#13975=ORIENTED_EDGE('',*,*,#13789,.T.);
#13985=ORIENTED_EDGE('',*,*,#13779,.T.);
#13996=EDGE_CURVE('',#13949,#13780,#14001,.T.);
#14001=LINE('',#13950,#14003);
#14003=VECTOR('',#14004,0.350800921013696);
#14004=DIRECTION('',(-1.0,0.0,0.0));
#13995=ORIENTED_EDGE('',*,*,#13996,.F.);
#14005=STYLED_ITEM('color',(#34),#14006);
#14006=ADVANCED_FACE($,(#14012),#14007,.T.);
#14007=PLANE($,#14008);
#14008=AXIS2_PLACEMENT_3D($,#14009,#14010,#14011);
#14009=CARTESIAN_POINT('',(-3.55,-1.1,0.051));
#14010=DIRECTION('',(0.0,0.0,1.0));
#14011=DIRECTION('',(1.,0.,0.));
#14012=FACE_OUTER_BOUND($,#14013,.T.);
#14013=EDGE_LOOP($,(#14016, #14026, #14036, #14046));
#14016=ORIENTED_EDGE('',*,*,#13907,.T.);
#14027=EDGE_CURVE('',#13957,#13898,#14032,.T.);
#14032=LINE('',#13958,#14034);
#14034=VECTOR('',#14035,0.299999905845577);
#14035=DIRECTION('',(0.0,1.0,0.0));
#14026=ORIENTED_EDGE('',*,*,#14027,.F.);
#14036=ORIENTED_EDGE('',*,*,#13956,.T.);
#14047=EDGE_CURVE($,#13908,#13947,#14052,.T.);
#14052=CIRCLE($,#14053,0.149999954);
#14054=CARTESIAN_POINT('',(-3.25,-1.25,0.051));
#14053=AXIS2_PLACEMENT_3D($,#14054,#14055,#14056);
#14055=DIRECTION('',(0.0,0.0,-1.0));
#14056=DIRECTION('',(0.0,-1.0,0.0));
#14046=ORIENTED_EDGE('',*,*,#14047,.F.);
#14057=STYLED_ITEM('color',(#34),#14058);
#14058=ADVANCED_FACE($,(#14064),#14059,.T.);
#14059=PLANE($,#14060);
#14060=AXIS2_PLACEMENT_3D($,#14061,#14062,#14063);
#14061=CARTESIAN_POINT('',(-3.25,-1.4,0.0));
#14062=DIRECTION('',(0.0,0.0,-1.0));
#14063=DIRECTION('',(1.,0.,0.));
#14064=FACE_OUTER_BOUND($,#14065,.T.);
#14065=EDGE_LOOP($,(#14068, #14078, #14088, #14098));
#14068=ORIENTED_EDGE('',*,*,#13996,.T.);
#14078=ORIENTED_EDGE('',*,*,#13779,.T.);
#14088=ORIENTED_EDGE('',*,*,#13927,.T.);
#14099=EDGE_CURVE($,#13949,#13918,#14104,.T.);
#14104=CIRCLE($,#14105,0.149999954);
#14106=CARTESIAN_POINT('',(-3.25,-1.25,0.0));
#14105=AXIS2_PLACEMENT_3D($,#14106,#14107,#14108);
#14107=DIRECTION('',(0.0,0.0,1.0));
#14108=DIRECTION('',(0.0,1.0,0.0));
#14098=ORIENTED_EDGE('',*,*,#14099,.F.);
#14109=STYLED_ITEM('color',(#34),#14110);
#14110=ADVANCED_FACE($,(#14116),#14111,.T.);
#14111=CYLINDRICAL_SURFACE($,#14112,0.149999954);
#14112=AXIS2_PLACEMENT_3D($,#14113,#14114,#14115);
#14113=CARTESIAN_POINT('',(-3.25,-1.25,0.0));
#14114=DIRECTION('',(0.,0.,1.));
#14115=DIRECTION('',(0.,1.,0.));
#14116=FACE_OUTER_BOUND($,#14117,.T.);
#14117=EDGE_LOOP($,(#14140, #14118, #14150, #14129));
#14140=ORIENTED_EDGE('',*,*,#13946,.T.);
#14118=ORIENTED_EDGE('',*,*,#14099,.T.);
#14150=ORIENTED_EDGE('',*,*,#13917,.T.);
#14129=ORIENTED_EDGE('',*,*,#14047,.T.);
#14162=STYLED_ITEM('',(#34),#14163);
#14163=ADVANCED_FACE('',(#14169),#14164,.T.);
#14164=PLANE('',#14165);
#14165=AXIS2_PLACEMENT_3D('',#14166,#14167,#14168);
#14166=CARTESIAN_POINT('',(-3.55,-1.1,0.0));
#14167=DIRECTION('',(-1.0,0.0,0.0));
#14168=DIRECTION('',(0.,0.,1.));
#14169=FACE_OUTER_BOUND('',#14170,.T.);
#14170=EDGE_LOOP('',(#14171,#14181,#14191,#14201));
#14171=ORIENTED_EDGE('',*,*,#13799,.T.);
#14181=ORIENTED_EDGE('',*,*,#13966,.T.);
#14191=ORIENTED_EDGE('',*,*,#14027,.T.);
#14201=ORIENTED_EDGE('',*,*,#13897,.T.);
#14629=MANIFOLD_SOLID_BREP($,#14630);
#14630=CLOSED_SHELL('',(#14632,#14681,#14730,#14799,#14868,#14920,#14972,#15025));
#14631=STYLED_ITEM('',(#34),#14632);
#14632=ADVANCED_FACE('',(#14638),#14633,.T.);
#14633=PLANE('',#14634);
#14634=AXIS2_PLACEMENT_3D('',#14635,#14636,#14637);
#14635=CARTESIAN_POINT('',(-3.601,-0.6,0.0));
#14636=DIRECTION('',(0.0,0.0,1.0));
#14637=DIRECTION('',(0.,1.,0.));
#14638=FACE_OUTER_BOUND('',#14639,.T.);
#14639=EDGE_LOOP('',(#14640,#14650,#14660,#14670));
#14643=CARTESIAN_POINT('',(-3.601,-0.9,0.0));
#14642=VERTEX_POINT('',#14643);
#14645=CARTESIAN_POINT('',(-3.601,-0.6,0.0));
#14644=VERTEX_POINT('',#14645);
#14641=EDGE_CURVE('',#14642,#14644,#14646,.T.);
#14646=LINE('',#14643,#14648);
#14648=VECTOR('',#14649,0.299999908);
#14649=DIRECTION('',(0.0,1.0,0.0));
#14640=ORIENTED_EDGE('',*,*,#14641,.F.);
#14653=CARTESIAN_POINT('',(-3.55,-0.9,0.0));
#14652=VERTEX_POINT('',#14653);
#14651=EDGE_CURVE('',#14652,#14642,#14656,.T.);
#14656=LINE('',#14653,#14658);
#14658=VECTOR('',#14659,0.0507999991615087);
#14659=DIRECTION('',(-1.0,0.0,0.0));
#14650=ORIENTED_EDGE('',*,*,#14651,.F.);
#14663=CARTESIAN_POINT('',(-3.55,-0.6,0.0));
#14662=VERTEX_POINT('',#14663);
#14661=EDGE_CURVE('',#14662,#14652,#14666,.T.);
#14666=LINE('',#14663,#14668);
#14668=VECTOR('',#14669,0.299999905845577);
#14669=DIRECTION('',(0.0,-1.0,0.0));
#14660=ORIENTED_EDGE('',*,*,#14661,.F.);
#14671=EDGE_CURVE('',#14644,#14662,#14676,.T.);
#14676=LINE('',#14645,#14678);
#14678=VECTOR('',#14679,0.0507999991615082);
#14679=DIRECTION('',(1.0,0.0,0.0));
#14670=ORIENTED_EDGE('',*,*,#14671,.F.);
#14680=STYLED_ITEM('',(#34),#14681);
#14681=ADVANCED_FACE('',(#14687),#14682,.T.);
#14682=PLANE('',#14683);
#14683=AXIS2_PLACEMENT_3D('',#14684,#14685,#14686);
#14684=CARTESIAN_POINT('',(-3.601,-0.6,0.0));
#14685=DIRECTION('',(1.0,0.0,0.0));
#14686=DIRECTION('',(0.,0.,1.));
#14687=FACE_OUTER_BOUND('',#14688,.T.);
#14688=EDGE_LOOP('',(#14689,#14699,#14709,#14719));
#14689=ORIENTED_EDGE('',*,*,#14641,.F.);
#14699=ORIENTED_EDGE('',*,*,#14641,.T.);
#14709=ORIENTED_EDGE('',*,*,#14641,.T.);
#14719=ORIENTED_EDGE('',*,*,#14641,.T.);
#14729=STYLED_ITEM('',(#34),#14730);
#14730=ADVANCED_FACE('',(#14736),#14731,.T.);
#14731=PLANE('',#14732);
#14732=AXIS2_PLACEMENT_3D('',#14733,#14734,#14735);
#14733=CARTESIAN_POINT('',(-3.601,-0.6,0.0));
#14734=DIRECTION('',(0.0,-1.0,0.0));
#14735=DIRECTION('',(0.,0.,1.));
#14736=FACE_OUTER_BOUND('',#14737,.T.);
#14737=EDGE_LOOP('',(#14738,#14748,#14758,#14768,#14778,#14788));
#14738=ORIENTED_EDGE('',*,*,#14641,.T.);
#14748=ORIENTED_EDGE('',*,*,#14671,.T.);
#14761=CARTESIAN_POINT('',(-3.55,-0.6,0.051));
#14760=VERTEX_POINT('',#14761);
#14759=EDGE_CURVE('',#14760,#14662,#14764,.T.);
#14764=LINE('',#14761,#14766);
#14766=VECTOR('',#14767,0.0508);
#14767=DIRECTION('',(0.0,0.0,-1.0));
#14758=ORIENTED_EDGE('',*,*,#14759,.F.);
#14771=CARTESIAN_POINT('',(-3.25,-0.6,0.051));
#14770=VERTEX_POINT('',#14771);
#14769=EDGE_CURVE('',#14770,#14760,#14774,.T.);
#14774=LINE('',#14771,#14776);
#14776=VECTOR('',#14777,0.300000921852188);
#14777=DIRECTION('',(-1.0,0.0,0.0));
#14768=ORIENTED_EDGE('',*,*,#14769,.F.);
#14781=CARTESIAN_POINT('',(-3.25,-0.6,0.0));
#14780=VERTEX_POINT('',#14781);
#14779=EDGE_CURVE('',#14780,#14770,#14784,.T.);
#14784=LINE('',#14781,#14786);
#14786=VECTOR('',#14787,0.0508);
#14787=DIRECTION('',(0.0,0.0,1.0));
#14778=ORIENTED_EDGE('',*,*,#14779,.F.);
#14789=EDGE_CURVE('',#14644,#14780,#14794,.T.);
#14794=LINE('',#14645,#14796);
#14796=VECTOR('',#14797,0.350800921013696);
#14797=DIRECTION('',(1.0,0.0,0.0));
#14788=ORIENTED_EDGE('',*,*,#14789,.F.);
#14798=STYLED_ITEM('',(#34),#14799);
#14799=ADVANCED_FACE('',(#14805),#14800,.T.);
#14800=PLANE('',#14801);
#14801=AXIS2_PLACEMENT_3D('',#14802,#14803,#14804);
#14802=CARTESIAN_POINT('',(-3.25,-0.9,0.0));
#14803=DIRECTION('',(0.0,-1.0,0.0));
#14804=DIRECTION('',(0.,0.,1.));
#14805=FACE_OUTER_BOUND('',#14806,.T.);
#14806=EDGE_LOOP('',(#14807,#14817,#14827,#14837,#14847,#14857));
#14810=CARTESIAN_POINT('',(-3.25,-0.9,0.051));
#14809=VERTEX_POINT('',#14810);
#14812=CARTESIAN_POINT('',(-3.25,-0.9,0.0));
#14811=VERTEX_POINT('',#14812);
#14808=EDGE_CURVE('',#14809,#14811,#14813,.T.);
#14813=LINE('',#14810,#14815);
#14815=VECTOR('',#14816,0.0508);
#14816=DIRECTION('',(0.0,0.0,-1.0));
#14807=ORIENTED_EDGE('',*,*,#14808,.F.);
#14820=CARTESIAN_POINT('',(-3.55,-0.9,0.051));
#14819=VERTEX_POINT('',#14820);
#14818=EDGE_CURVE('',#14819,#14809,#14823,.T.);
#14823=LINE('',#14820,#14825);
#14825=VECTOR('',#14826,0.300000921852187);
#14826=DIRECTION('',(1.0,0.0,0.0));
#14817=ORIENTED_EDGE('',*,*,#14818,.F.);
#14828=EDGE_CURVE('',#14652,#14819,#14833,.T.);
#14833=LINE('',#14653,#14835);
#14835=VECTOR('',#14836,0.0508);
#14836=DIRECTION('',(0.0,0.0,1.0));
#14827=ORIENTED_EDGE('',*,*,#14828,.F.);
#14837=ORIENTED_EDGE('',*,*,#14651,.T.);
#14847=ORIENTED_EDGE('',*,*,#14641,.T.);
#14858=EDGE_CURVE('',#14811,#14642,#14863,.T.);
#14863=LINE('',#14812,#14865);
#14865=VECTOR('',#14866,0.350800921013696);
#14866=DIRECTION('',(-1.0,0.0,0.0));
#14857=ORIENTED_EDGE('',*,*,#14858,.F.);
#14867=STYLED_ITEM('color',(#34),#14868);
#14868=ADVANCED_FACE($,(#14874),#14869,.T.);
#14869=PLANE($,#14870);
#14870=AXIS2_PLACEMENT_3D($,#14871,#14872,#14873);
#14871=CARTESIAN_POINT('',(-3.55,-0.6,0.051));
#14872=DIRECTION('',(0.0,0.0,1.0));
#14873=DIRECTION('',(1.,0.,0.));
#14874=FACE_OUTER_BOUND($,#14875,.T.);
#14875=EDGE_LOOP($,(#14878, #14888, #14898, #14908));
#14878=ORIENTED_EDGE('',*,*,#14769,.T.);
#14889=EDGE_CURVE('',#14819,#14760,#14894,.T.);
#14894=LINE('',#14820,#14896);
#14896=VECTOR('',#14897,0.299999905845577);
#14897=DIRECTION('',(0.0,1.0,0.0));
#14888=ORIENTED_EDGE('',*,*,#14889,.F.);
#14898=ORIENTED_EDGE('',*,*,#14818,.T.);
#14909=EDGE_CURVE($,#14770,#14809,#14914,.T.);
#14914=CIRCLE($,#14915,0.149999954);
#14916=CARTESIAN_POINT('',(-3.25,-0.75,0.051));
#14915=AXIS2_PLACEMENT_3D($,#14916,#14917,#14918);
#14917=DIRECTION('',(0.0,0.0,-1.0));
#14918=DIRECTION('',(0.0,-1.0,0.0));
#14908=ORIENTED_EDGE('',*,*,#14909,.F.);
#14919=STYLED_ITEM('color',(#34),#14920);
#14920=ADVANCED_FACE($,(#14926),#14921,.T.);
#14921=PLANE($,#14922);
#14922=AXIS2_PLACEMENT_3D($,#14923,#14924,#14925);
#14923=CARTESIAN_POINT('',(-3.25,-0.9,0.0));
#14924=DIRECTION('',(0.0,0.0,-1.0));
#14925=DIRECTION('',(1.,0.,0.));
#14926=FACE_OUTER_BOUND($,#14927,.T.);
#14927=EDGE_LOOP($,(#14930, #14940, #14950, #14960));
#14930=ORIENTED_EDGE('',*,*,#14858,.T.);
#14940=ORIENTED_EDGE('',*,*,#14641,.T.);
#14950=ORIENTED_EDGE('',*,*,#14789,.T.);
#14961=EDGE_CURVE($,#14811,#14780,#14966,.T.);
#14966=CIRCLE($,#14967,0.149999954);
#14968=CARTESIAN_POINT('',(-3.25,-0.75,0.0));
#14967=AXIS2_PLACEMENT_3D($,#14968,#14969,#14970);
#14969=DIRECTION('',(0.0,0.0,1.0));
#14970=DIRECTION('',(0.0,1.0,0.0));
#14960=ORIENTED_EDGE('',*,*,#14961,.F.);
#14971=STYLED_ITEM('color',(#34),#14972);
#14972=ADVANCED_FACE($,(#14978),#14973,.T.);
#14973=CYLINDRICAL_SURFACE($,#14974,0.149999954);
#14974=AXIS2_PLACEMENT_3D($,#14975,#14976,#14977);
#14975=CARTESIAN_POINT('',(-3.25,-0.75,0.0));
#14976=DIRECTION('',(0.,0.,1.));
#14977=DIRECTION('',(0.,1.,0.));
#14978=FACE_OUTER_BOUND($,#14979,.T.);
#14979=EDGE_LOOP($,(#15002, #14980, #15012, #14991));
#15002=ORIENTED_EDGE('',*,*,#14808,.T.);
#14980=ORIENTED_EDGE('',*,*,#14961,.T.);
#15012=ORIENTED_EDGE('',*,*,#14779,.T.);
#14991=ORIENTED_EDGE('',*,*,#14909,.T.);
#15024=STYLED_ITEM('',(#34),#15025);
#15025=ADVANCED_FACE('',(#15031),#15026,.T.);
#15026=PLANE('',#15027);
#15027=AXIS2_PLACEMENT_3D('',#15028,#15029,#15030);
#15028=CARTESIAN_POINT('',(-3.55,-0.6,0.0));
#15029=DIRECTION('',(-1.0,0.0,0.0));
#15030=DIRECTION('',(0.,0.,1.));
#15031=FACE_OUTER_BOUND('',#15032,.T.);
#15032=EDGE_LOOP('',(#15033,#15043,#15053,#15063));
#15033=ORIENTED_EDGE('',*,*,#14661,.T.);
#15043=ORIENTED_EDGE('',*,*,#14828,.T.);
#15053=ORIENTED_EDGE('',*,*,#14889,.T.);
#15063=ORIENTED_EDGE('',*,*,#14759,.T.);
#15491=MANIFOLD_SOLID_BREP($,#15492);
#15492=CLOSED_SHELL('',(#15494,#15543,#15592,#15661,#15730,#15782,#15834,#15887));
#15493=STYLED_ITEM('',(#34),#15494);
#15494=ADVANCED_FACE('',(#15500),#15495,.T.);
#15495=PLANE('',#15496);
#15496=AXIS2_PLACEMENT_3D('',#15497,#15498,#15499);
#15497=CARTESIAN_POINT('',(-3.601,-0.1,0.0));
#15498=DIRECTION('',(0.0,0.0,1.0));
#15499=DIRECTION('',(0.,1.,0.));
#15500=FACE_OUTER_BOUND('',#15501,.T.);
#15501=EDGE_LOOP('',(#15502,#15512,#15522,#15532));
#15505=CARTESIAN_POINT('',(-3.601,-0.4,0.0));
#15504=VERTEX_POINT('',#15505);
#15507=CARTESIAN_POINT('',(-3.601,-0.1,0.0));
#15506=VERTEX_POINT('',#15507);
#15503=EDGE_CURVE('',#15504,#15506,#15508,.T.);
#15508=LINE('',#15505,#15510);
#15510=VECTOR('',#15511,0.299999908);
#15511=DIRECTION('',(0.0,1.0,0.0));
#15502=ORIENTED_EDGE('',*,*,#15503,.F.);
#15515=CARTESIAN_POINT('',(-3.55,-0.4,0.0));
#15514=VERTEX_POINT('',#15515);
#15513=EDGE_CURVE('',#15514,#15504,#15518,.T.);
#15518=LINE('',#15515,#15520);
#15520=VECTOR('',#15521,0.0507999991615087);
#15521=DIRECTION('',(-1.0,0.0,0.0));
#15512=ORIENTED_EDGE('',*,*,#15513,.F.);
#15525=CARTESIAN_POINT('',(-3.55,-0.1,0.0));
#15524=VERTEX_POINT('',#15525);
#15523=EDGE_CURVE('',#15524,#15514,#15528,.T.);
#15528=LINE('',#15525,#15530);
#15530=VECTOR('',#15531,0.299999905845577);
#15531=DIRECTION('',(0.0,-1.0,0.0));
#15522=ORIENTED_EDGE('',*,*,#15523,.F.);
#15533=EDGE_CURVE('',#15506,#15524,#15538,.T.);
#15538=LINE('',#15507,#15540);
#15540=VECTOR('',#15541,0.0507999991615082);
#15541=DIRECTION('',(1.0,0.0,0.0));
#15532=ORIENTED_EDGE('',*,*,#15533,.F.);
#15542=STYLED_ITEM('',(#34),#15543);
#15543=ADVANCED_FACE('',(#15549),#15544,.T.);
#15544=PLANE('',#15545);
#15545=AXIS2_PLACEMENT_3D('',#15546,#15547,#15548);
#15546=CARTESIAN_POINT('',(-3.601,-0.1,0.0));
#15547=DIRECTION('',(1.0,0.0,0.0));
#15548=DIRECTION('',(0.,0.,1.));
#15549=FACE_OUTER_BOUND('',#15550,.T.);
#15550=EDGE_LOOP('',(#15551,#15561,#15571,#15581));
#15551=ORIENTED_EDGE('',*,*,#15503,.F.);
#15561=ORIENTED_EDGE('',*,*,#15503,.T.);
#15571=ORIENTED_EDGE('',*,*,#15503,.T.);
#15581=ORIENTED_EDGE('',*,*,#15503,.T.);
#15591=STYLED_ITEM('',(#34),#15592);
#15592=ADVANCED_FACE('',(#15598),#15593,.T.);
#15593=PLANE('',#15594);
#15594=AXIS2_PLACEMENT_3D('',#15595,#15596,#15597);
#15595=CARTESIAN_POINT('',(-3.601,-0.1,0.0));
#15596=DIRECTION('',(0.0,-1.0,0.0));
#15597=DIRECTION('',(0.,0.,1.));
#15598=FACE_OUTER_BOUND('',#15599,.T.);
#15599=EDGE_LOOP('',(#15600,#15610,#15620,#15630,#15640,#15650));
#15600=ORIENTED_EDGE('',*,*,#15503,.T.);
#15610=ORIENTED_EDGE('',*,*,#15533,.T.);
#15623=CARTESIAN_POINT('',(-3.55,-0.1,0.051));
#15622=VERTEX_POINT('',#15623);
#15621=EDGE_CURVE('',#15622,#15524,#15626,.T.);
#15626=LINE('',#15623,#15628);
#15628=VECTOR('',#15629,0.0508);
#15629=DIRECTION('',(0.0,0.0,-1.0));
#15620=ORIENTED_EDGE('',*,*,#15621,.F.);
#15633=CARTESIAN_POINT('',(-3.25,-0.1,0.051));
#15632=VERTEX_POINT('',#15633);
#15631=EDGE_CURVE('',#15632,#15622,#15636,.T.);
#15636=LINE('',#15633,#15638);
#15638=VECTOR('',#15639,0.300000921852188);
#15639=DIRECTION('',(-1.0,0.0,0.0));
#15630=ORIENTED_EDGE('',*,*,#15631,.F.);
#15643=CARTESIAN_POINT('',(-3.25,-0.1,0.0));
#15642=VERTEX_POINT('',#15643);
#15641=EDGE_CURVE('',#15642,#15632,#15646,.T.);
#15646=LINE('',#15643,#15648);
#15648=VECTOR('',#15649,0.0508);
#15649=DIRECTION('',(0.0,0.0,1.0));
#15640=ORIENTED_EDGE('',*,*,#15641,.F.);
#15651=EDGE_CURVE('',#15506,#15642,#15656,.T.);
#15656=LINE('',#15507,#15658);
#15658=VECTOR('',#15659,0.350800921013696);
#15659=DIRECTION('',(1.0,0.0,0.0));
#15650=ORIENTED_EDGE('',*,*,#15651,.F.);
#15660=STYLED_ITEM('',(#34),#15661);
#15661=ADVANCED_FACE('',(#15667),#15662,.T.);
#15662=PLANE('',#15663);
#15663=AXIS2_PLACEMENT_3D('',#15664,#15665,#15666);
#15664=CARTESIAN_POINT('',(-3.25,-0.4,0.0));
#15665=DIRECTION('',(0.0,-1.0,0.0));
#15666=DIRECTION('',(0.,0.,1.));
#15667=FACE_OUTER_BOUND('',#15668,.T.);
#15668=EDGE_LOOP('',(#15669,#15679,#15689,#15699,#15709,#15719));
#15672=CARTESIAN_POINT('',(-3.25,-0.4,0.051));
#15671=VERTEX_POINT('',#15672);
#15674=CARTESIAN_POINT('',(-3.25,-0.4,0.0));
#15673=VERTEX_POINT('',#15674);
#15670=EDGE_CURVE('',#15671,#15673,#15675,.T.);
#15675=LINE('',#15672,#15677);
#15677=VECTOR('',#15678,0.0508);
#15678=DIRECTION('',(0.0,0.0,-1.0));
#15669=ORIENTED_EDGE('',*,*,#15670,.F.);
#15682=CARTESIAN_POINT('',(-3.55,-0.4,0.051));
#15681=VERTEX_POINT('',#15682);
#15680=EDGE_CURVE('',#15681,#15671,#15685,.T.);
#15685=LINE('',#15682,#15687);
#15687=VECTOR('',#15688,0.300000921852187);
#15688=DIRECTION('',(1.0,0.0,0.0));
#15679=ORIENTED_EDGE('',*,*,#15680,.F.);
#15690=EDGE_CURVE('',#15514,#15681,#15695,.T.);
#15695=LINE('',#15515,#15697);
#15697=VECTOR('',#15698,0.0508);
#15698=DIRECTION('',(0.0,0.0,1.0));
#15689=ORIENTED_EDGE('',*,*,#15690,.F.);
#15699=ORIENTED_EDGE('',*,*,#15513,.T.);
#15709=ORIENTED_EDGE('',*,*,#15503,.T.);
#15720=EDGE_CURVE('',#15673,#15504,#15725,.T.);
#15725=LINE('',#15674,#15727);
#15727=VECTOR('',#15728,0.350800921013696);
#15728=DIRECTION('',(-1.0,0.0,0.0));
#15719=ORIENTED_EDGE('',*,*,#15720,.F.);
#15729=STYLED_ITEM('color',(#34),#15730);
#15730=ADVANCED_FACE($,(#15736),#15731,.T.);
#15731=PLANE($,#15732);
#15732=AXIS2_PLACEMENT_3D($,#15733,#15734,#15735);
#15733=CARTESIAN_POINT('',(-3.55,-0.1,0.051));
#15734=DIRECTION('',(0.0,0.0,1.0));
#15735=DIRECTION('',(1.,0.,0.));
#15736=FACE_OUTER_BOUND($,#15737,.T.);
#15737=EDGE_LOOP($,(#15740, #15750, #15760, #15770));
#15740=ORIENTED_EDGE('',*,*,#15631,.T.);
#15751=EDGE_CURVE('',#15681,#15622,#15756,.T.);
#15756=LINE('',#15682,#15758);
#15758=VECTOR('',#15759,0.299999905845577);
#15759=DIRECTION('',(0.0,1.0,0.0));
#15750=ORIENTED_EDGE('',*,*,#15751,.F.);
#15760=ORIENTED_EDGE('',*,*,#15680,.T.);
#15771=EDGE_CURVE($,#15632,#15671,#15776,.T.);
#15776=CIRCLE($,#15777,0.149999954);
#15778=CARTESIAN_POINT('',(-3.25,-0.25,0.051));
#15777=AXIS2_PLACEMENT_3D($,#15778,#15779,#15780);
#15779=DIRECTION('',(0.0,0.0,-1.0));
#15780=DIRECTION('',(0.0,-1.0,0.0));
#15770=ORIENTED_EDGE('',*,*,#15771,.F.);
#15781=STYLED_ITEM('color',(#34),#15782);
#15782=ADVANCED_FACE($,(#15788),#15783,.T.);
#15783=PLANE($,#15784);
#15784=AXIS2_PLACEMENT_3D($,#15785,#15786,#15787);
#15785=CARTESIAN_POINT('',(-3.25,-0.4,0.0));
#15786=DIRECTION('',(0.0,0.0,-1.0));
#15787=DIRECTION('',(1.,0.,0.));
#15788=FACE_OUTER_BOUND($,#15789,.T.);
#15789=EDGE_LOOP($,(#15792, #15802, #15812, #15822));
#15792=ORIENTED_EDGE('',*,*,#15720,.T.);
#15802=ORIENTED_EDGE('',*,*,#15503,.T.);
#15812=ORIENTED_EDGE('',*,*,#15651,.T.);
#15823=EDGE_CURVE($,#15673,#15642,#15828,.T.);
#15828=CIRCLE($,#15829,0.149999954);
#15830=CARTESIAN_POINT('',(-3.25,-0.25,0.0));
#15829=AXIS2_PLACEMENT_3D($,#15830,#15831,#15832);
#15831=DIRECTION('',(0.0,0.0,1.0));
#15832=DIRECTION('',(0.0,1.0,0.0));
#15822=ORIENTED_EDGE('',*,*,#15823,.F.);
#15833=STYLED_ITEM('color',(#34),#15834);
#15834=ADVANCED_FACE($,(#15840),#15835,.T.);
#15835=CYLINDRICAL_SURFACE($,#15836,0.149999954);
#15836=AXIS2_PLACEMENT_3D($,#15837,#15838,#15839);
#15837=CARTESIAN_POINT('',(-3.25,-0.25,0.0));
#15838=DIRECTION('',(0.,0.,1.));
#15839=DIRECTION('',(0.,1.,0.));
#15840=FACE_OUTER_BOUND($,#15841,.T.);
#15841=EDGE_LOOP($,(#15864, #15842, #15874, #15853));
#15864=ORIENTED_EDGE('',*,*,#15670,.T.);
#15842=ORIENTED_EDGE('',*,*,#15823,.T.);
#15874=ORIENTED_EDGE('',*,*,#15641,.T.);
#15853=ORIENTED_EDGE('',*,*,#15771,.T.);
#15886=STYLED_ITEM('',(#34),#15887);
#15887=ADVANCED_FACE('',(#15893),#15888,.T.);
#15888=PLANE('',#15889);
#15889=AXIS2_PLACEMENT_3D('',#15890,#15891,#15892);
#15890=CARTESIAN_POINT('',(-3.55,-0.1,0.0));
#15891=DIRECTION('',(-1.0,0.0,0.0));
#15892=DIRECTION('',(0.,0.,1.));
#15893=FACE_OUTER_BOUND('',#15894,.T.);
#15894=EDGE_LOOP('',(#15895,#15905,#15915,#15925));
#15895=ORIENTED_EDGE('',*,*,#15523,.T.);
#15905=ORIENTED_EDGE('',*,*,#15690,.T.);
#15915=ORIENTED_EDGE('',*,*,#15751,.T.);
#15925=ORIENTED_EDGE('',*,*,#15621,.T.);
#16353=MANIFOLD_SOLID_BREP($,#16354);
#16354=CLOSED_SHELL('',(#16356,#16405,#16454,#16523,#16592,#16644,#16696,#16749));
#16355=STYLED_ITEM('',(#34),#16356);
#16356=ADVANCED_FACE('',(#16362),#16357,.T.);
#16357=PLANE('',#16358);
#16358=AXIS2_PLACEMENT_3D('',#16359,#16360,#16361);
#16359=CARTESIAN_POINT('',(-3.601,0.4,0.0));
#16360=DIRECTION('',(0.0,0.0,1.0));
#16361=DIRECTION('',(0.,1.,0.));
#16362=FACE_OUTER_BOUND('',#16363,.T.);
#16363=EDGE_LOOP('',(#16364,#16374,#16384,#16394));
#16367=CARTESIAN_POINT('',(-3.601,0.1,0.0));
#16366=VERTEX_POINT('',#16367);
#16369=CARTESIAN_POINT('',(-3.601,0.4,0.0));
#16368=VERTEX_POINT('',#16369);
#16365=EDGE_CURVE('',#16366,#16368,#16370,.T.);
#16370=LINE('',#16367,#16372);
#16372=VECTOR('',#16373,0.299999908);
#16373=DIRECTION('',(0.0,1.0,0.0));
#16364=ORIENTED_EDGE('',*,*,#16365,.F.);
#16377=CARTESIAN_POINT('',(-3.55,0.1,0.0));
#16376=VERTEX_POINT('',#16377);
#16375=EDGE_CURVE('',#16376,#16366,#16380,.T.);
#16380=LINE('',#16377,#16382);
#16382=VECTOR('',#16383,0.0507999991615087);
#16383=DIRECTION('',(-1.0,0.0,0.0));
#16374=ORIENTED_EDGE('',*,*,#16375,.F.);
#16387=CARTESIAN_POINT('',(-3.55,0.4,0.0));
#16386=VERTEX_POINT('',#16387);
#16385=EDGE_CURVE('',#16386,#16376,#16390,.T.);
#16390=LINE('',#16387,#16392);
#16392=VECTOR('',#16393,0.299999905845577);
#16393=DIRECTION('',(0.0,-1.0,0.0));
#16384=ORIENTED_EDGE('',*,*,#16385,.F.);
#16395=EDGE_CURVE('',#16368,#16386,#16400,.T.);
#16400=LINE('',#16369,#16402);
#16402=VECTOR('',#16403,0.0507999991615082);
#16403=DIRECTION('',(1.0,0.0,0.0));
#16394=ORIENTED_EDGE('',*,*,#16395,.F.);
#16404=STYLED_ITEM('',(#34),#16405);
#16405=ADVANCED_FACE('',(#16411),#16406,.T.);
#16406=PLANE('',#16407);
#16407=AXIS2_PLACEMENT_3D('',#16408,#16409,#16410);
#16408=CARTESIAN_POINT('',(-3.601,0.4,0.0));
#16409=DIRECTION('',(1.0,0.0,0.0));
#16410=DIRECTION('',(0.,0.,1.));
#16411=FACE_OUTER_BOUND('',#16412,.T.);
#16412=EDGE_LOOP('',(#16413,#16423,#16433,#16443));
#16413=ORIENTED_EDGE('',*,*,#16365,.F.);
#16423=ORIENTED_EDGE('',*,*,#16365,.T.);
#16433=ORIENTED_EDGE('',*,*,#16365,.T.);
#16443=ORIENTED_EDGE('',*,*,#16365,.T.);
#16453=STYLED_ITEM('',(#34),#16454);
#16454=ADVANCED_FACE('',(#16460),#16455,.T.);
#16455=PLANE('',#16456);
#16456=AXIS2_PLACEMENT_3D('',#16457,#16458,#16459);
#16457=CARTESIAN_POINT('',(-3.601,0.4,0.0));
#16458=DIRECTION('',(0.0,-1.0,0.0));
#16459=DIRECTION('',(0.,0.,1.));
#16460=FACE_OUTER_BOUND('',#16461,.T.);
#16461=EDGE_LOOP('',(#16462,#16472,#16482,#16492,#16502,#16512));
#16462=ORIENTED_EDGE('',*,*,#16365,.T.);
#16472=ORIENTED_EDGE('',*,*,#16395,.T.);
#16485=CARTESIAN_POINT('',(-3.55,0.4,0.051));
#16484=VERTEX_POINT('',#16485);
#16483=EDGE_CURVE('',#16484,#16386,#16488,.T.);
#16488=LINE('',#16485,#16490);
#16490=VECTOR('',#16491,0.0508);
#16491=DIRECTION('',(0.0,0.0,-1.0));
#16482=ORIENTED_EDGE('',*,*,#16483,.F.);
#16495=CARTESIAN_POINT('',(-3.25,0.4,0.051));
#16494=VERTEX_POINT('',#16495);
#16493=EDGE_CURVE('',#16494,#16484,#16498,.T.);
#16498=LINE('',#16495,#16500);
#16500=VECTOR('',#16501,0.300000921852188);
#16501=DIRECTION('',(-1.0,0.0,0.0));
#16492=ORIENTED_EDGE('',*,*,#16493,.F.);
#16505=CARTESIAN_POINT('',(-3.25,0.4,0.0));
#16504=VERTEX_POINT('',#16505);
#16503=EDGE_CURVE('',#16504,#16494,#16508,.T.);
#16508=LINE('',#16505,#16510);
#16510=VECTOR('',#16511,0.0508);
#16511=DIRECTION('',(0.0,0.0,1.0));
#16502=ORIENTED_EDGE('',*,*,#16503,.F.);
#16513=EDGE_CURVE('',#16368,#16504,#16518,.T.);
#16518=LINE('',#16369,#16520);
#16520=VECTOR('',#16521,0.350800921013696);
#16521=DIRECTION('',(1.0,0.0,0.0));
#16512=ORIENTED_EDGE('',*,*,#16513,.F.);
#16522=STYLED_ITEM('',(#34),#16523);
#16523=ADVANCED_FACE('',(#16529),#16524,.T.);
#16524=PLANE('',#16525);
#16525=AXIS2_PLACEMENT_3D('',#16526,#16527,#16528);
#16526=CARTESIAN_POINT('',(-3.25,0.1,0.0));
#16527=DIRECTION('',(0.0,-1.0,0.0));
#16528=DIRECTION('',(0.,0.,1.));
#16529=FACE_OUTER_BOUND('',#16530,.T.);
#16530=EDGE_LOOP('',(#16531,#16541,#16551,#16561,#16571,#16581));
#16534=CARTESIAN_POINT('',(-3.25,0.1,0.051));
#16533=VERTEX_POINT('',#16534);
#16536=CARTESIAN_POINT('',(-3.25,0.1,0.0));
#16535=VERTEX_POINT('',#16536);
#16532=EDGE_CURVE('',#16533,#16535,#16537,.T.);
#16537=LINE('',#16534,#16539);
#16539=VECTOR('',#16540,0.0508);
#16540=DIRECTION('',(0.0,0.0,-1.0));
#16531=ORIENTED_EDGE('',*,*,#16532,.F.);
#16544=CARTESIAN_POINT('',(-3.55,0.1,0.051));
#16543=VERTEX_POINT('',#16544);
#16542=EDGE_CURVE('',#16543,#16533,#16547,.T.);
#16547=LINE('',#16544,#16549);
#16549=VECTOR('',#16550,0.300000921852187);
#16550=DIRECTION('',(1.0,0.0,0.0));
#16541=ORIENTED_EDGE('',*,*,#16542,.F.);
#16552=EDGE_CURVE('',#16376,#16543,#16557,.T.);
#16557=LINE('',#16377,#16559);
#16559=VECTOR('',#16560,0.0508);
#16560=DIRECTION('',(0.0,0.0,1.0));
#16551=ORIENTED_EDGE('',*,*,#16552,.F.);
#16561=ORIENTED_EDGE('',*,*,#16375,.T.);
#16571=ORIENTED_EDGE('',*,*,#16365,.T.);
#16582=EDGE_CURVE('',#16535,#16366,#16587,.T.);
#16587=LINE('',#16536,#16589);
#16589=VECTOR('',#16590,0.350800921013696);
#16590=DIRECTION('',(-1.0,0.0,0.0));
#16581=ORIENTED_EDGE('',*,*,#16582,.F.);
#16591=STYLED_ITEM('color',(#34),#16592);
#16592=ADVANCED_FACE($,(#16598),#16593,.T.);
#16593=PLANE($,#16594);
#16594=AXIS2_PLACEMENT_3D($,#16595,#16596,#16597);
#16595=CARTESIAN_POINT('',(-3.55,0.4,0.051));
#16596=DIRECTION('',(0.0,0.0,1.0));
#16597=DIRECTION('',(1.,0.,0.));
#16598=FACE_OUTER_BOUND($,#16599,.T.);
#16599=EDGE_LOOP($,(#16602, #16612, #16622, #16632));
#16602=ORIENTED_EDGE('',*,*,#16493,.T.);
#16613=EDGE_CURVE('',#16543,#16484,#16618,.T.);
#16618=LINE('',#16544,#16620);
#16620=VECTOR('',#16621,0.299999905845577);
#16621=DIRECTION('',(0.0,1.0,0.0));
#16612=ORIENTED_EDGE('',*,*,#16613,.F.);
#16622=ORIENTED_EDGE('',*,*,#16542,.T.);
#16633=EDGE_CURVE($,#16494,#16533,#16638,.T.);
#16638=CIRCLE($,#16639,0.149999954);
#16640=CARTESIAN_POINT('',(-3.25,0.25,0.051));
#16639=AXIS2_PLACEMENT_3D($,#16640,#16641,#16642);
#16641=DIRECTION('',(0.0,0.0,-1.0));
#16642=DIRECTION('',(0.0,-1.0,0.0));
#16632=ORIENTED_EDGE('',*,*,#16633,.F.);
#16643=STYLED_ITEM('color',(#34),#16644);
#16644=ADVANCED_FACE($,(#16650),#16645,.T.);
#16645=PLANE($,#16646);
#16646=AXIS2_PLACEMENT_3D($,#16647,#16648,#16649);
#16647=CARTESIAN_POINT('',(-3.25,0.1,0.0));
#16648=DIRECTION('',(0.0,0.0,-1.0));
#16649=DIRECTION('',(1.,0.,0.));
#16650=FACE_OUTER_BOUND($,#16651,.T.);
#16651=EDGE_LOOP($,(#16654, #16664, #16674, #16684));
#16654=ORIENTED_EDGE('',*,*,#16582,.T.);
#16664=ORIENTED_EDGE('',*,*,#16365,.T.);
#16674=ORIENTED_EDGE('',*,*,#16513,.T.);
#16685=EDGE_CURVE($,#16535,#16504,#16690,.T.);
#16690=CIRCLE($,#16691,0.149999954);
#16692=CARTESIAN_POINT('',(-3.25,0.25,0.0));
#16691=AXIS2_PLACEMENT_3D($,#16692,#16693,#16694);
#16693=DIRECTION('',(0.0,0.0,1.0));
#16694=DIRECTION('',(0.0,1.0,0.0));
#16684=ORIENTED_EDGE('',*,*,#16685,.F.);
#16695=STYLED_ITEM('color',(#34),#16696);
#16696=ADVANCED_FACE($,(#16702),#16697,.T.);
#16697=CYLINDRICAL_SURFACE($,#16698,0.149999954);
#16698=AXIS2_PLACEMENT_3D($,#16699,#16700,#16701);
#16699=CARTESIAN_POINT('',(-3.25,0.25,0.0));
#16700=DIRECTION('',(0.,0.,1.));
#16701=DIRECTION('',(0.,1.,0.));
#16702=FACE_OUTER_BOUND($,#16703,.T.);
#16703=EDGE_LOOP($,(#16726, #16704, #16736, #16715));
#16726=ORIENTED_EDGE('',*,*,#16532,.T.);
#16704=ORIENTED_EDGE('',*,*,#16685,.T.);
#16736=ORIENTED_EDGE('',*,*,#16503,.T.);
#16715=ORIENTED_EDGE('',*,*,#16633,.T.);
#16748=STYLED_ITEM('',(#34),#16749);
#16749=ADVANCED_FACE('',(#16755),#16750,.T.);
#16750=PLANE('',#16751);
#16751=AXIS2_PLACEMENT_3D('',#16752,#16753,#16754);
#16752=CARTESIAN_POINT('',(-3.55,0.4,0.0));
#16753=DIRECTION('',(-1.0,0.0,0.0));
#16754=DIRECTION('',(0.,0.,1.));
#16755=FACE_OUTER_BOUND('',#16756,.T.);
#16756=EDGE_LOOP('',(#16757,#16767,#16777,#16787));
#16757=ORIENTED_EDGE('',*,*,#16385,.T.);
#16767=ORIENTED_EDGE('',*,*,#16552,.T.);
#16777=ORIENTED_EDGE('',*,*,#16613,.T.);
#16787=ORIENTED_EDGE('',*,*,#16483,.T.);
#17215=MANIFOLD_SOLID_BREP($,#17216);
#17216=CLOSED_SHELL('',(#17218,#17267,#17316,#17385,#17454,#17506,#17558,#17611));
#17217=STYLED_ITEM('',(#34),#17218);
#17218=ADVANCED_FACE('',(#17224),#17219,.T.);
#17219=PLANE('',#17220);
#17220=AXIS2_PLACEMENT_3D('',#17221,#17222,#17223);
#17221=CARTESIAN_POINT('',(-3.601,0.9,0.0));
#17222=DIRECTION('',(0.0,0.0,1.0));
#17223=DIRECTION('',(0.,1.,0.));
#17224=FACE_OUTER_BOUND('',#17225,.T.);
#17225=EDGE_LOOP('',(#17226,#17236,#17246,#17256));
#17229=CARTESIAN_POINT('',(-3.601,0.6,0.0));
#17228=VERTEX_POINT('',#17229);
#17231=CARTESIAN_POINT('',(-3.601,0.9,0.0));
#17230=VERTEX_POINT('',#17231);
#17227=EDGE_CURVE('',#17228,#17230,#17232,.T.);
#17232=LINE('',#17229,#17234);
#17234=VECTOR('',#17235,0.299999908);
#17235=DIRECTION('',(0.0,1.0,0.0));
#17226=ORIENTED_EDGE('',*,*,#17227,.F.);
#17239=CARTESIAN_POINT('',(-3.55,0.6,0.0));
#17238=VERTEX_POINT('',#17239);
#17237=EDGE_CURVE('',#17238,#17228,#17242,.T.);
#17242=LINE('',#17239,#17244);
#17244=VECTOR('',#17245,0.0507999991615087);
#17245=DIRECTION('',(-1.0,0.0,0.0));
#17236=ORIENTED_EDGE('',*,*,#17237,.F.);
#17249=CARTESIAN_POINT('',(-3.55,0.9,0.0));
#17248=VERTEX_POINT('',#17249);
#17247=EDGE_CURVE('',#17248,#17238,#17252,.T.);
#17252=LINE('',#17249,#17254);
#17254=VECTOR('',#17255,0.299999905845577);
#17255=DIRECTION('',(0.0,-1.0,0.0));
#17246=ORIENTED_EDGE('',*,*,#17247,.F.);
#17257=EDGE_CURVE('',#17230,#17248,#17262,.T.);
#17262=LINE('',#17231,#17264);
#17264=VECTOR('',#17265,0.0507999991615082);
#17265=DIRECTION('',(1.0,0.0,0.0));
#17256=ORIENTED_EDGE('',*,*,#17257,.F.);
#17266=STYLED_ITEM('',(#34),#17267);
#17267=ADVANCED_FACE('',(#17273),#17268,.T.);
#17268=PLANE('',#17269);
#17269=AXIS2_PLACEMENT_3D('',#17270,#17271,#17272);
#17270=CARTESIAN_POINT('',(-3.601,0.9,0.0));
#17271=DIRECTION('',(1.0,0.0,0.0));
#17272=DIRECTION('',(0.,0.,1.));
#17273=FACE_OUTER_BOUND('',#17274,.T.);
#17274=EDGE_LOOP('',(#17275,#17285,#17295,#17305));
#17275=ORIENTED_EDGE('',*,*,#17227,.F.);
#17285=ORIENTED_EDGE('',*,*,#17227,.T.);
#17295=ORIENTED_EDGE('',*,*,#17227,.T.);
#17305=ORIENTED_EDGE('',*,*,#17227,.T.);
#17315=STYLED_ITEM('',(#34),#17316);
#17316=ADVANCED_FACE('',(#17322),#17317,.T.);
#17317=PLANE('',#17318);
#17318=AXIS2_PLACEMENT_3D('',#17319,#17320,#17321);
#17319=CARTESIAN_POINT('',(-3.601,0.9,0.0));
#17320=DIRECTION('',(0.0,-1.0,0.0));
#17321=DIRECTION('',(0.,0.,1.));
#17322=FACE_OUTER_BOUND('',#17323,.T.);
#17323=EDGE_LOOP('',(#17324,#17334,#17344,#17354,#17364,#17374));
#17324=ORIENTED_EDGE('',*,*,#17227,.T.);
#17334=ORIENTED_EDGE('',*,*,#17257,.T.);
#17347=CARTESIAN_POINT('',(-3.55,0.9,0.051));
#17346=VERTEX_POINT('',#17347);
#17345=EDGE_CURVE('',#17346,#17248,#17350,.T.);
#17350=LINE('',#17347,#17352);
#17352=VECTOR('',#17353,0.0508);
#17353=DIRECTION('',(0.0,0.0,-1.0));
#17344=ORIENTED_EDGE('',*,*,#17345,.F.);
#17357=CARTESIAN_POINT('',(-3.25,0.9,0.051));
#17356=VERTEX_POINT('',#17357);
#17355=EDGE_CURVE('',#17356,#17346,#17360,.T.);
#17360=LINE('',#17357,#17362);
#17362=VECTOR('',#17363,0.300000921852188);
#17363=DIRECTION('',(-1.0,0.0,0.0));
#17354=ORIENTED_EDGE('',*,*,#17355,.F.);
#17367=CARTESIAN_POINT('',(-3.25,0.9,0.0));
#17366=VERTEX_POINT('',#17367);
#17365=EDGE_CURVE('',#17366,#17356,#17370,.T.);
#17370=LINE('',#17367,#17372);
#17372=VECTOR('',#17373,0.0508);
#17373=DIRECTION('',(0.0,0.0,1.0));
#17364=ORIENTED_EDGE('',*,*,#17365,.F.);
#17375=EDGE_CURVE('',#17230,#17366,#17380,.T.);
#17380=LINE('',#17231,#17382);
#17382=VECTOR('',#17383,0.350800921013696);
#17383=DIRECTION('',(1.0,0.0,0.0));
#17374=ORIENTED_EDGE('',*,*,#17375,.F.);
#17384=STYLED_ITEM('',(#34),#17385);
#17385=ADVANCED_FACE('',(#17391),#17386,.T.);
#17386=PLANE('',#17387);
#17387=AXIS2_PLACEMENT_3D('',#17388,#17389,#17390);
#17388=CARTESIAN_POINT('',(-3.25,0.6,0.0));
#17389=DIRECTION('',(0.0,-1.0,0.0));
#17390=DIRECTION('',(0.,0.,1.));
#17391=FACE_OUTER_BOUND('',#17392,.T.);
#17392=EDGE_LOOP('',(#17393,#17403,#17413,#17423,#17433,#17443));
#17396=CARTESIAN_POINT('',(-3.25,0.6,0.051));
#17395=VERTEX_POINT('',#17396);
#17398=CARTESIAN_POINT('',(-3.25,0.6,0.0));
#17397=VERTEX_POINT('',#17398);
#17394=EDGE_CURVE('',#17395,#17397,#17399,.T.);
#17399=LINE('',#17396,#17401);
#17401=VECTOR('',#17402,0.0508);
#17402=DIRECTION('',(0.0,0.0,-1.0));
#17393=ORIENTED_EDGE('',*,*,#17394,.F.);
#17406=CARTESIAN_POINT('',(-3.55,0.6,0.051));
#17405=VERTEX_POINT('',#17406);
#17404=EDGE_CURVE('',#17405,#17395,#17409,.T.);
#17409=LINE('',#17406,#17411);
#17411=VECTOR('',#17412,0.300000921852187);
#17412=DIRECTION('',(1.0,0.0,0.0));
#17403=ORIENTED_EDGE('',*,*,#17404,.F.);
#17414=EDGE_CURVE('',#17238,#17405,#17419,.T.);
#17419=LINE('',#17239,#17421);
#17421=VECTOR('',#17422,0.0508);
#17422=DIRECTION('',(0.0,0.0,1.0));
#17413=ORIENTED_EDGE('',*,*,#17414,.F.);
#17423=ORIENTED_EDGE('',*,*,#17237,.T.);
#17433=ORIENTED_EDGE('',*,*,#17227,.T.);
#17444=EDGE_CURVE('',#17397,#17228,#17449,.T.);
#17449=LINE('',#17398,#17451);
#17451=VECTOR('',#17452,0.350800921013696);
#17452=DIRECTION('',(-1.0,0.0,0.0));
#17443=ORIENTED_EDGE('',*,*,#17444,.F.);
#17453=STYLED_ITEM('color',(#34),#17454);
#17454=ADVANCED_FACE($,(#17460),#17455,.T.);
#17455=PLANE($,#17456);
#17456=AXIS2_PLACEMENT_3D($,#17457,#17458,#17459);
#17457=CARTESIAN_POINT('',(-3.55,0.9,0.051));
#17458=DIRECTION('',(0.0,0.0,1.0));
#17459=DIRECTION('',(1.,0.,0.));
#17460=FACE_OUTER_BOUND($,#17461,.T.);
#17461=EDGE_LOOP($,(#17464, #17474, #17484, #17494));
#17464=ORIENTED_EDGE('',*,*,#17355,.T.);
#17475=EDGE_CURVE('',#17405,#17346,#17480,.T.);
#17480=LINE('',#17406,#17482);
#17482=VECTOR('',#17483,0.299999905845577);
#17483=DIRECTION('',(0.0,1.0,0.0));
#17474=ORIENTED_EDGE('',*,*,#17475,.F.);
#17484=ORIENTED_EDGE('',*,*,#17404,.T.);
#17495=EDGE_CURVE($,#17356,#17395,#17500,.T.);
#17500=CIRCLE($,#17501,0.149999954);
#17502=CARTESIAN_POINT('',(-3.25,0.75,0.051));
#17501=AXIS2_PLACEMENT_3D($,#17502,#17503,#17504);
#17503=DIRECTION('',(0.0,0.0,-1.0));
#17504=DIRECTION('',(0.0,-1.0,0.0));
#17494=ORIENTED_EDGE('',*,*,#17495,.F.);
#17505=STYLED_ITEM('color',(#34),#17506);
#17506=ADVANCED_FACE($,(#17512),#17507,.T.);
#17507=PLANE($,#17508);
#17508=AXIS2_PLACEMENT_3D($,#17509,#17510,#17511);
#17509=CARTESIAN_POINT('',(-3.25,0.6,0.0));
#17510=DIRECTION('',(0.0,0.0,-1.0));
#17511=DIRECTION('',(1.,0.,0.));
#17512=FACE_OUTER_BOUND($,#17513,.T.);
#17513=EDGE_LOOP($,(#17516, #17526, #17536, #17546));
#17516=ORIENTED_EDGE('',*,*,#17444,.T.);
#17526=ORIENTED_EDGE('',*,*,#17227,.T.);
#17536=ORIENTED_EDGE('',*,*,#17375,.T.);
#17547=EDGE_CURVE($,#17397,#17366,#17552,.T.);
#17552=CIRCLE($,#17553,0.149999954);
#17554=CARTESIAN_POINT('',(-3.25,0.75,0.0));
#17553=AXIS2_PLACEMENT_3D($,#17554,#17555,#17556);
#17555=DIRECTION('',(0.0,0.0,1.0));
#17556=DIRECTION('',(0.0,1.0,0.0));
#17546=ORIENTED_EDGE('',*,*,#17547,.F.);
#17557=STYLED_ITEM('color',(#34),#17558);
#17558=ADVANCED_FACE($,(#17564),#17559,.T.);
#17559=CYLINDRICAL_SURFACE($,#17560,0.149999954);
#17560=AXIS2_PLACEMENT_3D($,#17561,#17562,#17563);
#17561=CARTESIAN_POINT('',(-3.25,0.75,0.0));
#17562=DIRECTION('',(0.,0.,1.));
#17563=DIRECTION('',(0.,1.,0.));
#17564=FACE_OUTER_BOUND($,#17565,.T.);
#17565=EDGE_LOOP($,(#17588, #17566, #17598, #17577));
#17588=ORIENTED_EDGE('',*,*,#17394,.T.);
#17566=ORIENTED_EDGE('',*,*,#17547,.T.);
#17598=ORIENTED_EDGE('',*,*,#17365,.T.);
#17577=ORIENTED_EDGE('',*,*,#17495,.T.);
#17610=STYLED_ITEM('',(#34),#17611);
#17611=ADVANCED_FACE('',(#17617),#17612,.T.);
#17612=PLANE('',#17613);
#17613=AXIS2_PLACEMENT_3D('',#17614,#17615,#17616);
#17614=CARTESIAN_POINT('',(-3.55,0.9,0.0));
#17615=DIRECTION('',(-1.0,0.0,0.0));
#17616=DIRECTION('',(0.,0.,1.));
#17617=FACE_OUTER_BOUND('',#17618,.T.);
#17618=EDGE_LOOP('',(#17619,#17629,#17639,#17649));
#17619=ORIENTED_EDGE('',*,*,#17247,.T.);
#17629=ORIENTED_EDGE('',*,*,#17414,.T.);
#17639=ORIENTED_EDGE('',*,*,#17475,.T.);
#17649=ORIENTED_EDGE('',*,*,#17345,.T.);
#18077=MANIFOLD_SOLID_BREP($,#18078);
#18078=CLOSED_SHELL('',(#18080,#18129,#18178,#18247,#18316,#18368,#18420,#18473));
#18079=STYLED_ITEM('',(#34),#18080);
#18080=ADVANCED_FACE('',(#18086),#18081,.T.);
#18081=PLANE('',#18082);
#18082=AXIS2_PLACEMENT_3D('',#18083,#18084,#18085);
#18083=CARTESIAN_POINT('',(-3.601,1.4,0.0));
#18084=DIRECTION('',(0.0,0.0,1.0));
#18085=DIRECTION('',(0.,1.,0.));
#18086=FACE_OUTER_BOUND('',#18087,.T.);
#18087=EDGE_LOOP('',(#18088,#18098,#18108,#18118));
#18091=CARTESIAN_POINT('',(-3.601,1.1,0.0));
#18090=VERTEX_POINT('',#18091);
#18093=CARTESIAN_POINT('',(-3.601,1.4,0.0));
#18092=VERTEX_POINT('',#18093);
#18089=EDGE_CURVE('',#18090,#18092,#18094,.T.);
#18094=LINE('',#18091,#18096);
#18096=VECTOR('',#18097,0.299999908);
#18097=DIRECTION('',(0.0,1.0,0.0));
#18088=ORIENTED_EDGE('',*,*,#18089,.F.);
#18101=CARTESIAN_POINT('',(-3.55,1.1,0.0));
#18100=VERTEX_POINT('',#18101);
#18099=EDGE_CURVE('',#18100,#18090,#18104,.T.);
#18104=LINE('',#18101,#18106);
#18106=VECTOR('',#18107,0.0507999991615087);
#18107=DIRECTION('',(-1.0,0.0,0.0));
#18098=ORIENTED_EDGE('',*,*,#18099,.F.);
#18111=CARTESIAN_POINT('',(-3.55,1.4,0.0));
#18110=VERTEX_POINT('',#18111);
#18109=EDGE_CURVE('',#18110,#18100,#18114,.T.);
#18114=LINE('',#18111,#18116);
#18116=VECTOR('',#18117,0.299999905845577);
#18117=DIRECTION('',(0.0,-1.0,0.0));
#18108=ORIENTED_EDGE('',*,*,#18109,.F.);
#18119=EDGE_CURVE('',#18092,#18110,#18124,.T.);
#18124=LINE('',#18093,#18126);
#18126=VECTOR('',#18127,0.0507999991615082);
#18127=DIRECTION('',(1.0,0.0,0.0));
#18118=ORIENTED_EDGE('',*,*,#18119,.F.);
#18128=STYLED_ITEM('',(#34),#18129);
#18129=ADVANCED_FACE('',(#18135),#18130,.T.);
#18130=PLANE('',#18131);
#18131=AXIS2_PLACEMENT_3D('',#18132,#18133,#18134);
#18132=CARTESIAN_POINT('',(-3.601,1.4,0.0));
#18133=DIRECTION('',(1.0,0.0,0.0));
#18134=DIRECTION('',(0.,0.,1.));
#18135=FACE_OUTER_BOUND('',#18136,.T.);
#18136=EDGE_LOOP('',(#18137,#18147,#18157,#18167));
#18137=ORIENTED_EDGE('',*,*,#18089,.F.);
#18147=ORIENTED_EDGE('',*,*,#18089,.T.);
#18157=ORIENTED_EDGE('',*,*,#18089,.T.);
#18167=ORIENTED_EDGE('',*,*,#18089,.T.);
#18177=STYLED_ITEM('',(#34),#18178);
#18178=ADVANCED_FACE('',(#18184),#18179,.T.);
#18179=PLANE('',#18180);
#18180=AXIS2_PLACEMENT_3D('',#18181,#18182,#18183);
#18181=CARTESIAN_POINT('',(-3.601,1.4,0.0));
#18182=DIRECTION('',(0.0,-1.0,0.0));
#18183=DIRECTION('',(0.,0.,1.));
#18184=FACE_OUTER_BOUND('',#18185,.T.);
#18185=EDGE_LOOP('',(#18186,#18196,#18206,#18216,#18226,#18236));
#18186=ORIENTED_EDGE('',*,*,#18089,.T.);
#18196=ORIENTED_EDGE('',*,*,#18119,.T.);
#18209=CARTESIAN_POINT('',(-3.55,1.4,0.051));
#18208=VERTEX_POINT('',#18209);
#18207=EDGE_CURVE('',#18208,#18110,#18212,.T.);
#18212=LINE('',#18209,#18214);
#18214=VECTOR('',#18215,0.0508);
#18215=DIRECTION('',(0.0,0.0,-1.0));
#18206=ORIENTED_EDGE('',*,*,#18207,.F.);
#18219=CARTESIAN_POINT('',(-3.25,1.4,0.051));
#18218=VERTEX_POINT('',#18219);
#18217=EDGE_CURVE('',#18218,#18208,#18222,.T.);
#18222=LINE('',#18219,#18224);
#18224=VECTOR('',#18225,0.300000921852188);
#18225=DIRECTION('',(-1.0,0.0,0.0));
#18216=ORIENTED_EDGE('',*,*,#18217,.F.);
#18229=CARTESIAN_POINT('',(-3.25,1.4,0.0));
#18228=VERTEX_POINT('',#18229);
#18227=EDGE_CURVE('',#18228,#18218,#18232,.T.);
#18232=LINE('',#18229,#18234);
#18234=VECTOR('',#18235,0.0508);
#18235=DIRECTION('',(0.0,0.0,1.0));
#18226=ORIENTED_EDGE('',*,*,#18227,.F.);
#18237=EDGE_CURVE('',#18092,#18228,#18242,.T.);
#18242=LINE('',#18093,#18244);
#18244=VECTOR('',#18245,0.350800921013696);
#18245=DIRECTION('',(1.0,0.0,0.0));
#18236=ORIENTED_EDGE('',*,*,#18237,.F.);
#18246=STYLED_ITEM('',(#34),#18247);
#18247=ADVANCED_FACE('',(#18253),#18248,.T.);
#18248=PLANE('',#18249);
#18249=AXIS2_PLACEMENT_3D('',#18250,#18251,#18252);
#18250=CARTESIAN_POINT('',(-3.25,1.1,0.0));
#18251=DIRECTION('',(0.0,-1.0,0.0));
#18252=DIRECTION('',(0.,0.,1.));
#18253=FACE_OUTER_BOUND('',#18254,.T.);
#18254=EDGE_LOOP('',(#18255,#18265,#18275,#18285,#18295,#18305));
#18258=CARTESIAN_POINT('',(-3.25,1.1,0.051));
#18257=VERTEX_POINT('',#18258);
#18260=CARTESIAN_POINT('',(-3.25,1.1,0.0));
#18259=VERTEX_POINT('',#18260);
#18256=EDGE_CURVE('',#18257,#18259,#18261,.T.);
#18261=LINE('',#18258,#18263);
#18263=VECTOR('',#18264,0.0508);
#18264=DIRECTION('',(0.0,0.0,-1.0));
#18255=ORIENTED_EDGE('',*,*,#18256,.F.);
#18268=CARTESIAN_POINT('',(-3.55,1.1,0.051));
#18267=VERTEX_POINT('',#18268);
#18266=EDGE_CURVE('',#18267,#18257,#18271,.T.);
#18271=LINE('',#18268,#18273);
#18273=VECTOR('',#18274,0.300000921852187);
#18274=DIRECTION('',(1.0,0.0,0.0));
#18265=ORIENTED_EDGE('',*,*,#18266,.F.);
#18276=EDGE_CURVE('',#18100,#18267,#18281,.T.);
#18281=LINE('',#18101,#18283);
#18283=VECTOR('',#18284,0.0508);
#18284=DIRECTION('',(0.0,0.0,1.0));
#18275=ORIENTED_EDGE('',*,*,#18276,.F.);
#18285=ORIENTED_EDGE('',*,*,#18099,.T.);
#18295=ORIENTED_EDGE('',*,*,#18089,.T.);
#18306=EDGE_CURVE('',#18259,#18090,#18311,.T.);
#18311=LINE('',#18260,#18313);
#18313=VECTOR('',#18314,0.350800921013696);
#18314=DIRECTION('',(-1.0,0.0,0.0));
#18305=ORIENTED_EDGE('',*,*,#18306,.F.);
#18315=STYLED_ITEM('color',(#34),#18316);
#18316=ADVANCED_FACE($,(#18322),#18317,.T.);
#18317=PLANE($,#18318);
#18318=AXIS2_PLACEMENT_3D($,#18319,#18320,#18321);
#18319=CARTESIAN_POINT('',(-3.55,1.4,0.051));
#18320=DIRECTION('',(0.0,0.0,1.0));
#18321=DIRECTION('',(1.,0.,0.));
#18322=FACE_OUTER_BOUND($,#18323,.T.);
#18323=EDGE_LOOP($,(#18326, #18336, #18346, #18356));
#18326=ORIENTED_EDGE('',*,*,#18217,.T.);
#18337=EDGE_CURVE('',#18267,#18208,#18342,.T.);
#18342=LINE('',#18268,#18344);
#18344=VECTOR('',#18345,0.299999905845577);
#18345=DIRECTION('',(0.0,1.0,0.0));
#18336=ORIENTED_EDGE('',*,*,#18337,.F.);
#18346=ORIENTED_EDGE('',*,*,#18266,.T.);
#18357=EDGE_CURVE($,#18218,#18257,#18362,.T.);
#18362=CIRCLE($,#18363,0.149999954);
#18364=CARTESIAN_POINT('',(-3.25,1.25,0.051));
#18363=AXIS2_PLACEMENT_3D($,#18364,#18365,#18366);
#18365=DIRECTION('',(0.0,0.0,-1.0));
#18366=DIRECTION('',(0.0,-1.0,0.0));
#18356=ORIENTED_EDGE('',*,*,#18357,.F.);
#18367=STYLED_ITEM('color',(#34),#18368);
#18368=ADVANCED_FACE($,(#18374),#18369,.T.);
#18369=PLANE($,#18370);
#18370=AXIS2_PLACEMENT_3D($,#18371,#18372,#18373);
#18371=CARTESIAN_POINT('',(-3.25,1.1,0.0));
#18372=DIRECTION('',(0.0,0.0,-1.0));
#18373=DIRECTION('',(1.,0.,0.));
#18374=FACE_OUTER_BOUND($,#18375,.T.);
#18375=EDGE_LOOP($,(#18378, #18388, #18398, #18408));
#18378=ORIENTED_EDGE('',*,*,#18306,.T.);
#18388=ORIENTED_EDGE('',*,*,#18089,.T.);
#18398=ORIENTED_EDGE('',*,*,#18237,.T.);
#18409=EDGE_CURVE($,#18259,#18228,#18414,.T.);
#18414=CIRCLE($,#18415,0.149999954);
#18416=CARTESIAN_POINT('',(-3.25,1.25,0.0));
#18415=AXIS2_PLACEMENT_3D($,#18416,#18417,#18418);
#18417=DIRECTION('',(0.0,0.0,1.0));
#18418=DIRECTION('',(0.0,1.0,0.0));
#18408=ORIENTED_EDGE('',*,*,#18409,.F.);
#18419=STYLED_ITEM('color',(#34),#18420);
#18420=ADVANCED_FACE($,(#18426),#18421,.T.);
#18421=CYLINDRICAL_SURFACE($,#18422,0.149999954);
#18422=AXIS2_PLACEMENT_3D($,#18423,#18424,#18425);
#18423=CARTESIAN_POINT('',(-3.25,1.25,0.0));
#18424=DIRECTION('',(0.,0.,1.));
#18425=DIRECTION('',(0.,1.,0.));
#18426=FACE_OUTER_BOUND($,#18427,.T.);
#18427=EDGE_LOOP($,(#18450, #18428, #18460, #18439));
#18450=ORIENTED_EDGE('',*,*,#18256,.T.);
#18428=ORIENTED_EDGE('',*,*,#18409,.T.);
#18460=ORIENTED_EDGE('',*,*,#18227,.T.);
#18439=ORIENTED_EDGE('',*,*,#18357,.T.);
#18472=STYLED_ITEM('',(#34),#18473);
#18473=ADVANCED_FACE('',(#18479),#18474,.T.);
#18474=PLANE('',#18475);
#18475=AXIS2_PLACEMENT_3D('',#18476,#18477,#18478);
#18476=CARTESIAN_POINT('',(-3.55,1.4,0.0));
#18477=DIRECTION('',(-1.0,0.0,0.0));
#18478=DIRECTION('',(0.,0.,1.));
#18479=FACE_OUTER_BOUND('',#18480,.T.);
#18480=EDGE_LOOP('',(#18481,#18491,#18501,#18511));
#18481=ORIENTED_EDGE('',*,*,#18109,.T.);
#18491=ORIENTED_EDGE('',*,*,#18276,.T.);
#18501=ORIENTED_EDGE('',*,*,#18337,.T.);
#18511=ORIENTED_EDGE('',*,*,#18207,.T.);
#18939=MANIFOLD_SOLID_BREP($,#18940);
#18940=CLOSED_SHELL('',(#18942,#18991,#19040,#19109,#19178,#19230,#19282,#19335));
#18941=STYLED_ITEM('',(#34),#18942);
#18942=ADVANCED_FACE('',(#18948),#18943,.T.);
#18943=PLANE('',#18944);
#18944=AXIS2_PLACEMENT_3D('',#18945,#18946,#18947);
#18945=CARTESIAN_POINT('',(-3.601,1.9,0.0));
#18946=DIRECTION('',(0.0,0.0,1.0));
#18947=DIRECTION('',(0.,1.,0.));
#18948=FACE_OUTER_BOUND('',#18949,.T.);
#18949=EDGE_LOOP('',(#18950,#18960,#18970,#18980));
#18953=CARTESIAN_POINT('',(-3.601,1.6,0.0));
#18952=VERTEX_POINT('',#18953);
#18955=CARTESIAN_POINT('',(-3.601,1.9,0.0));
#18954=VERTEX_POINT('',#18955);
#18951=EDGE_CURVE('',#18952,#18954,#18956,.T.);
#18956=LINE('',#18953,#18958);
#18958=VECTOR('',#18959,0.299999908);
#18959=DIRECTION('',(0.0,1.0,0.0));
#18950=ORIENTED_EDGE('',*,*,#18951,.F.);
#18963=CARTESIAN_POINT('',(-3.55,1.6,0.0));
#18962=VERTEX_POINT('',#18963);
#18961=EDGE_CURVE('',#18962,#18952,#18966,.T.);
#18966=LINE('',#18963,#18968);
#18968=VECTOR('',#18969,0.0507999991615087);
#18969=DIRECTION('',(-1.0,0.0,0.0));
#18960=ORIENTED_EDGE('',*,*,#18961,.F.);
#18973=CARTESIAN_POINT('',(-3.55,1.9,0.0));
#18972=VERTEX_POINT('',#18973);
#18971=EDGE_CURVE('',#18972,#18962,#18976,.T.);
#18976=LINE('',#18973,#18978);
#18978=VECTOR('',#18979,0.299999905845577);
#18979=DIRECTION('',(0.0,-1.0,0.0));
#18970=ORIENTED_EDGE('',*,*,#18971,.F.);
#18981=EDGE_CURVE('',#18954,#18972,#18986,.T.);
#18986=LINE('',#18955,#18988);
#18988=VECTOR('',#18989,0.0507999991615082);
#18989=DIRECTION('',(1.0,0.0,0.0));
#18980=ORIENTED_EDGE('',*,*,#18981,.F.);
#18990=STYLED_ITEM('',(#34),#18991);
#18991=ADVANCED_FACE('',(#18997),#18992,.T.);
#18992=PLANE('',#18993);
#18993=AXIS2_PLACEMENT_3D('',#18994,#18995,#18996);
#18994=CARTESIAN_POINT('',(-3.601,1.9,0.0));
#18995=DIRECTION('',(1.0,0.0,0.0));
#18996=DIRECTION('',(0.,0.,1.));
#18997=FACE_OUTER_BOUND('',#18998,.T.);
#18998=EDGE_LOOP('',(#18999,#19009,#19019,#19029));
#18999=ORIENTED_EDGE('',*,*,#18951,.F.);
#19009=ORIENTED_EDGE('',*,*,#18951,.T.);
#19019=ORIENTED_EDGE('',*,*,#18951,.T.);
#19029=ORIENTED_EDGE('',*,*,#18951,.T.);
#19039=STYLED_ITEM('',(#34),#19040);
#19040=ADVANCED_FACE('',(#19046),#19041,.T.);
#19041=PLANE('',#19042);
#19042=AXIS2_PLACEMENT_3D('',#19043,#19044,#19045);
#19043=CARTESIAN_POINT('',(-3.601,1.9,0.0));
#19044=DIRECTION('',(0.0,-1.0,0.0));
#19045=DIRECTION('',(0.,0.,1.));
#19046=FACE_OUTER_BOUND('',#19047,.T.);
#19047=EDGE_LOOP('',(#19048,#19058,#19068,#19078,#19088,#19098));
#19048=ORIENTED_EDGE('',*,*,#18951,.T.);
#19058=ORIENTED_EDGE('',*,*,#18981,.T.);
#19071=CARTESIAN_POINT('',(-3.55,1.9,0.051));
#19070=VERTEX_POINT('',#19071);
#19069=EDGE_CURVE('',#19070,#18972,#19074,.T.);
#19074=LINE('',#19071,#19076);
#19076=VECTOR('',#19077,0.0508);
#19077=DIRECTION('',(0.0,0.0,-1.0));
#19068=ORIENTED_EDGE('',*,*,#19069,.F.);
#19081=CARTESIAN_POINT('',(-3.25,1.9,0.051));
#19080=VERTEX_POINT('',#19081);
#19079=EDGE_CURVE('',#19080,#19070,#19084,.T.);
#19084=LINE('',#19081,#19086);
#19086=VECTOR('',#19087,0.300000921852188);
#19087=DIRECTION('',(-1.0,0.0,0.0));
#19078=ORIENTED_EDGE('',*,*,#19079,.F.);
#19091=CARTESIAN_POINT('',(-3.25,1.9,0.0));
#19090=VERTEX_POINT('',#19091);
#19089=EDGE_CURVE('',#19090,#19080,#19094,.T.);
#19094=LINE('',#19091,#19096);
#19096=VECTOR('',#19097,0.0508);
#19097=DIRECTION('',(0.0,0.0,1.0));
#19088=ORIENTED_EDGE('',*,*,#19089,.F.);
#19099=EDGE_CURVE('',#18954,#19090,#19104,.T.);
#19104=LINE('',#18955,#19106);
#19106=VECTOR('',#19107,0.350800921013696);
#19107=DIRECTION('',(1.0,0.0,0.0));
#19098=ORIENTED_EDGE('',*,*,#19099,.F.);
#19108=STYLED_ITEM('',(#34),#19109);
#19109=ADVANCED_FACE('',(#19115),#19110,.T.);
#19110=PLANE('',#19111);
#19111=AXIS2_PLACEMENT_3D('',#19112,#19113,#19114);
#19112=CARTESIAN_POINT('',(-3.25,1.6,0.0));
#19113=DIRECTION('',(0.0,-1.0,0.0));
#19114=DIRECTION('',(0.,0.,1.));
#19115=FACE_OUTER_BOUND('',#19116,.T.);
#19116=EDGE_LOOP('',(#19117,#19127,#19137,#19147,#19157,#19167));
#19120=CARTESIAN_POINT('',(-3.25,1.6,0.051));
#19119=VERTEX_POINT('',#19120);
#19122=CARTESIAN_POINT('',(-3.25,1.6,0.0));
#19121=VERTEX_POINT('',#19122);
#19118=EDGE_CURVE('',#19119,#19121,#19123,.T.);
#19123=LINE('',#19120,#19125);
#19125=VECTOR('',#19126,0.0508);
#19126=DIRECTION('',(0.0,0.0,-1.0));
#19117=ORIENTED_EDGE('',*,*,#19118,.F.);
#19130=CARTESIAN_POINT('',(-3.55,1.6,0.051));
#19129=VERTEX_POINT('',#19130);
#19128=EDGE_CURVE('',#19129,#19119,#19133,.T.);
#19133=LINE('',#19130,#19135);
#19135=VECTOR('',#19136,0.300000921852187);
#19136=DIRECTION('',(1.0,0.0,0.0));
#19127=ORIENTED_EDGE('',*,*,#19128,.F.);
#19138=EDGE_CURVE('',#18962,#19129,#19143,.T.);
#19143=LINE('',#18963,#19145);
#19145=VECTOR('',#19146,0.0508);
#19146=DIRECTION('',(0.0,0.0,1.0));
#19137=ORIENTED_EDGE('',*,*,#19138,.F.);
#19147=ORIENTED_EDGE('',*,*,#18961,.T.);
#19157=ORIENTED_EDGE('',*,*,#18951,.T.);
#19168=EDGE_CURVE('',#19121,#18952,#19173,.T.);
#19173=LINE('',#19122,#19175);
#19175=VECTOR('',#19176,0.350800921013696);
#19176=DIRECTION('',(-1.0,0.0,0.0));
#19167=ORIENTED_EDGE('',*,*,#19168,.F.);
#19177=STYLED_ITEM('color',(#34),#19178);
#19178=ADVANCED_FACE($,(#19184),#19179,.T.);
#19179=PLANE($,#19180);
#19180=AXIS2_PLACEMENT_3D($,#19181,#19182,#19183);
#19181=CARTESIAN_POINT('',(-3.55,1.9,0.051));
#19182=DIRECTION('',(0.0,0.0,1.0));
#19183=DIRECTION('',(1.,0.,0.));
#19184=FACE_OUTER_BOUND($,#19185,.T.);
#19185=EDGE_LOOP($,(#19188, #19198, #19208, #19218));
#19188=ORIENTED_EDGE('',*,*,#19079,.T.);
#19199=EDGE_CURVE('',#19129,#19070,#19204,.T.);
#19204=LINE('',#19130,#19206);
#19206=VECTOR('',#19207,0.299999905845577);
#19207=DIRECTION('',(0.0,1.0,0.0));
#19198=ORIENTED_EDGE('',*,*,#19199,.F.);
#19208=ORIENTED_EDGE('',*,*,#19128,.T.);
#19219=EDGE_CURVE($,#19080,#19119,#19224,.T.);
#19224=CIRCLE($,#19225,0.149999954);
#19226=CARTESIAN_POINT('',(-3.25,1.75,0.051));
#19225=AXIS2_PLACEMENT_3D($,#19226,#19227,#19228);
#19227=DIRECTION('',(0.0,0.0,-1.0));
#19228=DIRECTION('',(0.0,-1.0,0.0));
#19218=ORIENTED_EDGE('',*,*,#19219,.F.);
#19229=STYLED_ITEM('color',(#34),#19230);
#19230=ADVANCED_FACE($,(#19236),#19231,.T.);
#19231=PLANE($,#19232);
#19232=AXIS2_PLACEMENT_3D($,#19233,#19234,#19235);
#19233=CARTESIAN_POINT('',(-3.25,1.6,0.0));
#19234=DIRECTION('',(0.0,0.0,-1.0));
#19235=DIRECTION('',(1.,0.,0.));
#19236=FACE_OUTER_BOUND($,#19237,.T.);
#19237=EDGE_LOOP($,(#19240, #19250, #19260, #19270));
#19240=ORIENTED_EDGE('',*,*,#19168,.T.);
#19250=ORIENTED_EDGE('',*,*,#18951,.T.);
#19260=ORIENTED_EDGE('',*,*,#19099,.T.);
#19271=EDGE_CURVE($,#19121,#19090,#19276,.T.);
#19276=CIRCLE($,#19277,0.149999954);
#19278=CARTESIAN_POINT('',(-3.25,1.75,0.0));
#19277=AXIS2_PLACEMENT_3D($,#19278,#19279,#19280);
#19279=DIRECTION('',(0.0,0.0,1.0));
#19280=DIRECTION('',(0.0,1.0,0.0));
#19270=ORIENTED_EDGE('',*,*,#19271,.F.);
#19281=STYLED_ITEM('color',(#34),#19282);
#19282=ADVANCED_FACE($,(#19288),#19283,.T.);
#19283=CYLINDRICAL_SURFACE($,#19284,0.149999954);
#19284=AXIS2_PLACEMENT_3D($,#19285,#19286,#19287);
#19285=CARTESIAN_POINT('',(-3.25,1.75,0.0));
#19286=DIRECTION('',(0.,0.,1.));
#19287=DIRECTION('',(0.,1.,0.));
#19288=FACE_OUTER_BOUND($,#19289,.T.);
#19289=EDGE_LOOP($,(#19312, #19290, #19322, #19301));
#19312=ORIENTED_EDGE('',*,*,#19118,.T.);
#19290=ORIENTED_EDGE('',*,*,#19271,.T.);
#19322=ORIENTED_EDGE('',*,*,#19089,.T.);
#19301=ORIENTED_EDGE('',*,*,#19219,.T.);
#19334=STYLED_ITEM('',(#34),#19335);
#19335=ADVANCED_FACE('',(#19341),#19336,.T.);
#19336=PLANE('',#19337);
#19337=AXIS2_PLACEMENT_3D('',#19338,#19339,#19340);
#19338=CARTESIAN_POINT('',(-3.55,1.9,0.0));
#19339=DIRECTION('',(-1.0,0.0,0.0));
#19340=DIRECTION('',(0.,0.,1.));
#19341=FACE_OUTER_BOUND('',#19342,.T.);
#19342=EDGE_LOOP('',(#19343,#19353,#19363,#19373));
#19343=ORIENTED_EDGE('',*,*,#18971,.T.);
#19353=ORIENTED_EDGE('',*,*,#19138,.T.);
#19363=ORIENTED_EDGE('',*,*,#19199,.T.);
#19373=ORIENTED_EDGE('',*,*,#19069,.T.);
#19801=MANIFOLD_SOLID_BREP($,#19802);
#19802=CLOSED_SHELL('',(#19804,#19853,#19902,#19971,#20040,#20092,#20144,#20197));
#19803=STYLED_ITEM('',(#34),#19804);
#19804=ADVANCED_FACE('',(#19810),#19805,.T.);
#19805=PLANE('',#19806);
#19806=AXIS2_PLACEMENT_3D('',#19807,#19808,#19809);
#19807=CARTESIAN_POINT('',(-3.601,2.4,0.0));
#19808=DIRECTION('',(0.0,0.0,1.0));
#19809=DIRECTION('',(0.,1.,0.));
#19810=FACE_OUTER_BOUND('',#19811,.T.);
#19811=EDGE_LOOP('',(#19812,#19822,#19832,#19842));
#19815=CARTESIAN_POINT('',(-3.601,2.1,0.0));
#19814=VERTEX_POINT('',#19815);
#19817=CARTESIAN_POINT('',(-3.601,2.4,0.0));
#19816=VERTEX_POINT('',#19817);
#19813=EDGE_CURVE('',#19814,#19816,#19818,.T.);
#19818=LINE('',#19815,#19820);
#19820=VECTOR('',#19821,0.299999908);
#19821=DIRECTION('',(0.0,1.0,0.0));
#19812=ORIENTED_EDGE('',*,*,#19813,.F.);
#19825=CARTESIAN_POINT('',(-3.55,2.1,0.0));
#19824=VERTEX_POINT('',#19825);
#19823=EDGE_CURVE('',#19824,#19814,#19828,.T.);
#19828=LINE('',#19825,#19830);
#19830=VECTOR('',#19831,0.0507999991615087);
#19831=DIRECTION('',(-1.0,0.0,0.0));
#19822=ORIENTED_EDGE('',*,*,#19823,.F.);
#19835=CARTESIAN_POINT('',(-3.55,2.4,0.0));
#19834=VERTEX_POINT('',#19835);
#19833=EDGE_CURVE('',#19834,#19824,#19838,.T.);
#19838=LINE('',#19835,#19840);
#19840=VECTOR('',#19841,0.299999905845577);
#19841=DIRECTION('',(0.0,-1.0,0.0));
#19832=ORIENTED_EDGE('',*,*,#19833,.F.);
#19843=EDGE_CURVE('',#19816,#19834,#19848,.T.);
#19848=LINE('',#19817,#19850);
#19850=VECTOR('',#19851,0.0507999991615082);
#19851=DIRECTION('',(1.0,0.0,0.0));
#19842=ORIENTED_EDGE('',*,*,#19843,.F.);
#19852=STYLED_ITEM('',(#34),#19853);
#19853=ADVANCED_FACE('',(#19859),#19854,.T.);
#19854=PLANE('',#19855);
#19855=AXIS2_PLACEMENT_3D('',#19856,#19857,#19858);
#19856=CARTESIAN_POINT('',(-3.601,2.4,0.0));
#19857=DIRECTION('',(1.0,0.0,0.0));
#19858=DIRECTION('',(0.,0.,1.));
#19859=FACE_OUTER_BOUND('',#19860,.T.);
#19860=EDGE_LOOP('',(#19861,#19871,#19881,#19891));
#19861=ORIENTED_EDGE('',*,*,#19813,.F.);
#19871=ORIENTED_EDGE('',*,*,#19813,.T.);
#19881=ORIENTED_EDGE('',*,*,#19813,.T.);
#19891=ORIENTED_EDGE('',*,*,#19813,.T.);
#19901=STYLED_ITEM('',(#34),#19902);
#19902=ADVANCED_FACE('',(#19908),#19903,.T.);
#19903=PLANE('',#19904);
#19904=AXIS2_PLACEMENT_3D('',#19905,#19906,#19907);
#19905=CARTESIAN_POINT('',(-3.601,2.4,0.0));
#19906=DIRECTION('',(0.0,-1.0,0.0));
#19907=DIRECTION('',(0.,0.,1.));
#19908=FACE_OUTER_BOUND('',#19909,.T.);
#19909=EDGE_LOOP('',(#19910,#19920,#19930,#19940,#19950,#19960));
#19910=ORIENTED_EDGE('',*,*,#19813,.T.);
#19920=ORIENTED_EDGE('',*,*,#19843,.T.);
#19933=CARTESIAN_POINT('',(-3.55,2.4,0.051));
#19932=VERTEX_POINT('',#19933);
#19931=EDGE_CURVE('',#19932,#19834,#19936,.T.);
#19936=LINE('',#19933,#19938);
#19938=VECTOR('',#19939,0.0508);
#19939=DIRECTION('',(0.0,0.0,-1.0));
#19930=ORIENTED_EDGE('',*,*,#19931,.F.);
#19943=CARTESIAN_POINT('',(-3.25,2.4,0.051));
#19942=VERTEX_POINT('',#19943);
#19941=EDGE_CURVE('',#19942,#19932,#19946,.T.);
#19946=LINE('',#19943,#19948);
#19948=VECTOR('',#19949,0.300000921852188);
#19949=DIRECTION('',(-1.0,0.0,0.0));
#19940=ORIENTED_EDGE('',*,*,#19941,.F.);
#19953=CARTESIAN_POINT('',(-3.25,2.4,0.0));
#19952=VERTEX_POINT('',#19953);
#19951=EDGE_CURVE('',#19952,#19942,#19956,.T.);
#19956=LINE('',#19953,#19958);
#19958=VECTOR('',#19959,0.0508);
#19959=DIRECTION('',(0.0,0.0,1.0));
#19950=ORIENTED_EDGE('',*,*,#19951,.F.);
#19961=EDGE_CURVE('',#19816,#19952,#19966,.T.);
#19966=LINE('',#19817,#19968);
#19968=VECTOR('',#19969,0.350800921013696);
#19969=DIRECTION('',(1.0,0.0,0.0));
#19960=ORIENTED_EDGE('',*,*,#19961,.F.);
#19970=STYLED_ITEM('',(#34),#19971);
#19971=ADVANCED_FACE('',(#19977),#19972,.T.);
#19972=PLANE('',#19973);
#19973=AXIS2_PLACEMENT_3D('',#19974,#19975,#19976);
#19974=CARTESIAN_POINT('',(-3.25,2.1,0.0));
#19975=DIRECTION('',(0.0,-1.0,0.0));
#19976=DIRECTION('',(0.,0.,1.));
#19977=FACE_OUTER_BOUND('',#19978,.T.);
#19978=EDGE_LOOP('',(#19979,#19989,#19999,#20009,#20019,#20029));
#19982=CARTESIAN_POINT('',(-3.25,2.1,0.051));
#19981=VERTEX_POINT('',#19982);
#19984=CARTESIAN_POINT('',(-3.25,2.1,0.0));
#19983=VERTEX_POINT('',#19984);
#19980=EDGE_CURVE('',#19981,#19983,#19985,.T.);
#19985=LINE('',#19982,#19987);
#19987=VECTOR('',#19988,0.0508);
#19988=DIRECTION('',(0.0,0.0,-1.0));
#19979=ORIENTED_EDGE('',*,*,#19980,.F.);
#19992=CARTESIAN_POINT('',(-3.55,2.1,0.051));
#19991=VERTEX_POINT('',#19992);
#19990=EDGE_CURVE('',#19991,#19981,#19995,.T.);
#19995=LINE('',#19992,#19997);
#19997=VECTOR('',#19998,0.300000921852187);
#19998=DIRECTION('',(1.0,0.0,0.0));
#19989=ORIENTED_EDGE('',*,*,#19990,.F.);
#20000=EDGE_CURVE('',#19824,#19991,#20005,.T.);
#20005=LINE('',#19825,#20007);
#20007=VECTOR('',#20008,0.0508);
#20008=DIRECTION('',(0.0,0.0,1.0));
#19999=ORIENTED_EDGE('',*,*,#20000,.F.);
#20009=ORIENTED_EDGE('',*,*,#19823,.T.);
#20019=ORIENTED_EDGE('',*,*,#19813,.T.);
#20030=EDGE_CURVE('',#19983,#19814,#20035,.T.);
#20035=LINE('',#19984,#20037);
#20037=VECTOR('',#20038,0.350800921013696);
#20038=DIRECTION('',(-1.0,0.0,0.0));
#20029=ORIENTED_EDGE('',*,*,#20030,.F.);
#20039=STYLED_ITEM('color',(#34),#20040);
#20040=ADVANCED_FACE($,(#20046),#20041,.T.);
#20041=PLANE($,#20042);
#20042=AXIS2_PLACEMENT_3D($,#20043,#20044,#20045);
#20043=CARTESIAN_POINT('',(-3.55,2.4,0.051));
#20044=DIRECTION('',(0.0,0.0,1.0));
#20045=DIRECTION('',(1.,0.,0.));
#20046=FACE_OUTER_BOUND($,#20047,.T.);
#20047=EDGE_LOOP($,(#20050, #20060, #20070, #20080));
#20050=ORIENTED_EDGE('',*,*,#19941,.T.);
#20061=EDGE_CURVE('',#19991,#19932,#20066,.T.);
#20066=LINE('',#19992,#20068);
#20068=VECTOR('',#20069,0.299999905845577);
#20069=DIRECTION('',(0.0,1.0,0.0));
#20060=ORIENTED_EDGE('',*,*,#20061,.F.);
#20070=ORIENTED_EDGE('',*,*,#19990,.T.);
#20081=EDGE_CURVE($,#19942,#19981,#20086,.T.);
#20086=CIRCLE($,#20087,0.149999954);
#20088=CARTESIAN_POINT('',(-3.25,2.25,0.051));
#20087=AXIS2_PLACEMENT_3D($,#20088,#20089,#20090);
#20089=DIRECTION('',(0.0,0.0,-1.0));
#20090=DIRECTION('',(0.0,-1.0,0.0));
#20080=ORIENTED_EDGE('',*,*,#20081,.F.);
#20091=STYLED_ITEM('color',(#34),#20092);
#20092=ADVANCED_FACE($,(#20098),#20093,.T.);
#20093=PLANE($,#20094);
#20094=AXIS2_PLACEMENT_3D($,#20095,#20096,#20097);
#20095=CARTESIAN_POINT('',(-3.25,2.1,0.0));
#20096=DIRECTION('',(0.0,0.0,-1.0));
#20097=DIRECTION('',(1.,0.,0.));
#20098=FACE_OUTER_BOUND($,#20099,.T.);
#20099=EDGE_LOOP($,(#20102, #20112, #20122, #20132));
#20102=ORIENTED_EDGE('',*,*,#20030,.T.);
#20112=ORIENTED_EDGE('',*,*,#19813,.T.);
#20122=ORIENTED_EDGE('',*,*,#19961,.T.);
#20133=EDGE_CURVE($,#19983,#19952,#20138,.T.);
#20138=CIRCLE($,#20139,0.149999954);
#20140=CARTESIAN_POINT('',(-3.25,2.25,0.0));
#20139=AXIS2_PLACEMENT_3D($,#20140,#20141,#20142);
#20141=DIRECTION('',(0.0,0.0,1.0));
#20142=DIRECTION('',(0.0,1.0,0.0));
#20132=ORIENTED_EDGE('',*,*,#20133,.F.);
#20143=STYLED_ITEM('color',(#34),#20144);
#20144=ADVANCED_FACE($,(#20150),#20145,.T.);
#20145=CYLINDRICAL_SURFACE($,#20146,0.149999954);
#20146=AXIS2_PLACEMENT_3D($,#20147,#20148,#20149);
#20147=CARTESIAN_POINT('',(-3.25,2.25,0.0));
#20148=DIRECTION('',(0.,0.,1.));
#20149=DIRECTION('',(0.,1.,0.));
#20150=FACE_OUTER_BOUND($,#20151,.T.);
#20151=EDGE_LOOP($,(#20174, #20152, #20184, #20163));
#20174=ORIENTED_EDGE('',*,*,#19980,.T.);
#20152=ORIENTED_EDGE('',*,*,#20133,.T.);
#20184=ORIENTED_EDGE('',*,*,#19951,.T.);
#20163=ORIENTED_EDGE('',*,*,#20081,.T.);
#20196=STYLED_ITEM('',(#34),#20197);
#20197=ADVANCED_FACE('',(#20203),#20198,.T.);
#20198=PLANE('',#20199);
#20199=AXIS2_PLACEMENT_3D('',#20200,#20201,#20202);
#20200=CARTESIAN_POINT('',(-3.55,2.4,0.0));
#20201=DIRECTION('',(-1.0,0.0,0.0));
#20202=DIRECTION('',(0.,0.,1.));
#20203=FACE_OUTER_BOUND('',#20204,.T.);
#20204=EDGE_LOOP('',(#20205,#20215,#20225,#20235));
#20205=ORIENTED_EDGE('',*,*,#19833,.T.);
#20215=ORIENTED_EDGE('',*,*,#20000,.T.);
#20225=ORIENTED_EDGE('',*,*,#20061,.T.);
#20235=ORIENTED_EDGE('',*,*,#19931,.T.);
#20663=MANIFOLD_SOLID_BREP($,#20664);
#20664=CLOSED_SHELL('',(#20666,#20715,#20764,#20833,#20902,#20954,#21006,#21059));
#20665=STYLED_ITEM('',(#34),#20666);
#20666=ADVANCED_FACE('',(#20672),#20667,.T.);
#20667=PLANE('',#20668);
#20668=AXIS2_PLACEMENT_3D('',#20669,#20670,#20671);
#20669=CARTESIAN_POINT('',(-3.601,2.9,0.0));
#20670=DIRECTION('',(0.0,0.0,1.0));
#20671=DIRECTION('',(0.,1.,0.));
#20672=FACE_OUTER_BOUND('',#20673,.T.);
#20673=EDGE_LOOP('',(#20674,#20684,#20694,#20704));
#20677=CARTESIAN_POINT('',(-3.601,2.6,0.0));
#20676=VERTEX_POINT('',#20677);
#20679=CARTESIAN_POINT('',(-3.601,2.9,0.0));
#20678=VERTEX_POINT('',#20679);
#20675=EDGE_CURVE('',#20676,#20678,#20680,.T.);
#20680=LINE('',#20677,#20682);
#20682=VECTOR('',#20683,0.299999908);
#20683=DIRECTION('',(0.0,1.0,0.0));
#20674=ORIENTED_EDGE('',*,*,#20675,.F.);
#20687=CARTESIAN_POINT('',(-3.55,2.6,0.0));
#20686=VERTEX_POINT('',#20687);
#20685=EDGE_CURVE('',#20686,#20676,#20690,.T.);
#20690=LINE('',#20687,#20692);
#20692=VECTOR('',#20693,0.0507999991615087);
#20693=DIRECTION('',(-1.0,0.0,0.0));
#20684=ORIENTED_EDGE('',*,*,#20685,.F.);
#20697=CARTESIAN_POINT('',(-3.55,2.9,0.0));
#20696=VERTEX_POINT('',#20697);
#20695=EDGE_CURVE('',#20696,#20686,#20700,.T.);
#20700=LINE('',#20697,#20702);
#20702=VECTOR('',#20703,0.299999905845577);
#20703=DIRECTION('',(0.0,-1.0,0.0));
#20694=ORIENTED_EDGE('',*,*,#20695,.F.);
#20705=EDGE_CURVE('',#20678,#20696,#20710,.T.);
#20710=LINE('',#20679,#20712);
#20712=VECTOR('',#20713,0.0507999991615082);
#20713=DIRECTION('',(1.0,0.0,0.0));
#20704=ORIENTED_EDGE('',*,*,#20705,.F.);
#20714=STYLED_ITEM('',(#34),#20715);
#20715=ADVANCED_FACE('',(#20721),#20716,.T.);
#20716=PLANE('',#20717);
#20717=AXIS2_PLACEMENT_3D('',#20718,#20719,#20720);
#20718=CARTESIAN_POINT('',(-3.601,2.9,0.0));
#20719=DIRECTION('',(1.0,0.0,0.0));
#20720=DIRECTION('',(0.,0.,1.));
#20721=FACE_OUTER_BOUND('',#20722,.T.);
#20722=EDGE_LOOP('',(#20723,#20733,#20743,#20753));
#20723=ORIENTED_EDGE('',*,*,#20675,.F.);
#20733=ORIENTED_EDGE('',*,*,#20675,.T.);
#20743=ORIENTED_EDGE('',*,*,#20675,.T.);
#20753=ORIENTED_EDGE('',*,*,#20675,.T.);
#20763=STYLED_ITEM('',(#34),#20764);
#20764=ADVANCED_FACE('',(#20770),#20765,.T.);
#20765=PLANE('',#20766);
#20766=AXIS2_PLACEMENT_3D('',#20767,#20768,#20769);
#20767=CARTESIAN_POINT('',(-3.601,2.9,0.0));
#20768=DIRECTION('',(0.0,-1.0,0.0));
#20769=DIRECTION('',(0.,0.,1.));
#20770=FACE_OUTER_BOUND('',#20771,.T.);
#20771=EDGE_LOOP('',(#20772,#20782,#20792,#20802,#20812,#20822));
#20772=ORIENTED_EDGE('',*,*,#20675,.T.);
#20782=ORIENTED_EDGE('',*,*,#20705,.T.);
#20795=CARTESIAN_POINT('',(-3.55,2.9,0.051));
#20794=VERTEX_POINT('',#20795);
#20793=EDGE_CURVE('',#20794,#20696,#20798,.T.);
#20798=LINE('',#20795,#20800);
#20800=VECTOR('',#20801,0.0508);
#20801=DIRECTION('',(0.0,0.0,-1.0));
#20792=ORIENTED_EDGE('',*,*,#20793,.F.);
#20805=CARTESIAN_POINT('',(-3.25,2.9,0.051));
#20804=VERTEX_POINT('',#20805);
#20803=EDGE_CURVE('',#20804,#20794,#20808,.T.);
#20808=LINE('',#20805,#20810);
#20810=VECTOR('',#20811,0.300000921852188);
#20811=DIRECTION('',(-1.0,0.0,0.0));
#20802=ORIENTED_EDGE('',*,*,#20803,.F.);
#20815=CARTESIAN_POINT('',(-3.25,2.9,0.0));
#20814=VERTEX_POINT('',#20815);
#20813=EDGE_CURVE('',#20814,#20804,#20818,.T.);
#20818=LINE('',#20815,#20820);
#20820=VECTOR('',#20821,0.0508);
#20821=DIRECTION('',(0.0,0.0,1.0));
#20812=ORIENTED_EDGE('',*,*,#20813,.F.);
#20823=EDGE_CURVE('',#20678,#20814,#20828,.T.);
#20828=LINE('',#20679,#20830);
#20830=VECTOR('',#20831,0.350800921013696);
#20831=DIRECTION('',(1.0,0.0,0.0));
#20822=ORIENTED_EDGE('',*,*,#20823,.F.);
#20832=STYLED_ITEM('',(#34),#20833);
#20833=ADVANCED_FACE('',(#20839),#20834,.T.);
#20834=PLANE('',#20835);
#20835=AXIS2_PLACEMENT_3D('',#20836,#20837,#20838);
#20836=CARTESIAN_POINT('',(-3.25,2.6,0.0));
#20837=DIRECTION('',(0.0,-1.0,0.0));
#20838=DIRECTION('',(0.,0.,1.));
#20839=FACE_OUTER_BOUND('',#20840,.T.);
#20840=EDGE_LOOP('',(#20841,#20851,#20861,#20871,#20881,#20891));
#20844=CARTESIAN_POINT('',(-3.25,2.6,0.051));
#20843=VERTEX_POINT('',#20844);
#20846=CARTESIAN_POINT('',(-3.25,2.6,0.0));
#20845=VERTEX_POINT('',#20846);
#20842=EDGE_CURVE('',#20843,#20845,#20847,.T.);
#20847=LINE('',#20844,#20849);
#20849=VECTOR('',#20850,0.0508);
#20850=DIRECTION('',(0.0,0.0,-1.0));
#20841=ORIENTED_EDGE('',*,*,#20842,.F.);
#20854=CARTESIAN_POINT('',(-3.55,2.6,0.051));
#20853=VERTEX_POINT('',#20854);
#20852=EDGE_CURVE('',#20853,#20843,#20857,.T.);
#20857=LINE('',#20854,#20859);
#20859=VECTOR('',#20860,0.300000921852187);
#20860=DIRECTION('',(1.0,0.0,0.0));
#20851=ORIENTED_EDGE('',*,*,#20852,.F.);
#20862=EDGE_CURVE('',#20686,#20853,#20867,.T.);
#20867=LINE('',#20687,#20869);
#20869=VECTOR('',#20870,0.0508);
#20870=DIRECTION('',(0.0,0.0,1.0));
#20861=ORIENTED_EDGE('',*,*,#20862,.F.);
#20871=ORIENTED_EDGE('',*,*,#20685,.T.);
#20881=ORIENTED_EDGE('',*,*,#20675,.T.);
#20892=EDGE_CURVE('',#20845,#20676,#20897,.T.);
#20897=LINE('',#20846,#20899);
#20899=VECTOR('',#20900,0.350800921013696);
#20900=DIRECTION('',(-1.0,0.0,0.0));
#20891=ORIENTED_EDGE('',*,*,#20892,.F.);
#20901=STYLED_ITEM('color',(#34),#20902);
#20902=ADVANCED_FACE($,(#20908),#20903,.T.);
#20903=PLANE($,#20904);
#20904=AXIS2_PLACEMENT_3D($,#20905,#20906,#20907);
#20905=CARTESIAN_POINT('',(-3.55,2.9,0.051));
#20906=DIRECTION('',(0.0,0.0,1.0));
#20907=DIRECTION('',(1.,0.,0.));
#20908=FACE_OUTER_BOUND($,#20909,.T.);
#20909=EDGE_LOOP($,(#20912, #20922, #20932, #20942));
#20912=ORIENTED_EDGE('',*,*,#20803,.T.);
#20923=EDGE_CURVE('',#20853,#20794,#20928,.T.);
#20928=LINE('',#20854,#20930);
#20930=VECTOR('',#20931,0.299999905845577);
#20931=DIRECTION('',(0.0,1.0,0.0));
#20922=ORIENTED_EDGE('',*,*,#20923,.F.);
#20932=ORIENTED_EDGE('',*,*,#20852,.T.);
#20943=EDGE_CURVE($,#20804,#20843,#20948,.T.);
#20948=CIRCLE($,#20949,0.149999954);
#20950=CARTESIAN_POINT('',(-3.25,2.75,0.051));
#20949=AXIS2_PLACEMENT_3D($,#20950,#20951,#20952);
#20951=DIRECTION('',(0.0,0.0,-1.0));
#20952=DIRECTION('',(0.0,-1.0,0.0));
#20942=ORIENTED_EDGE('',*,*,#20943,.F.);
#20953=STYLED_ITEM('color',(#34),#20954);
#20954=ADVANCED_FACE($,(#20960),#20955,.T.);
#20955=PLANE($,#20956);
#20956=AXIS2_PLACEMENT_3D($,#20957,#20958,#20959);
#20957=CARTESIAN_POINT('',(-3.25,2.6,0.0));
#20958=DIRECTION('',(0.0,0.0,-1.0));
#20959=DIRECTION('',(1.,0.,0.));
#20960=FACE_OUTER_BOUND($,#20961,.T.);
#20961=EDGE_LOOP($,(#20964, #20974, #20984, #20994));
#20964=ORIENTED_EDGE('',*,*,#20892,.T.);
#20974=ORIENTED_EDGE('',*,*,#20675,.T.);
#20984=ORIENTED_EDGE('',*,*,#20823,.T.);
#20995=EDGE_CURVE($,#20845,#20814,#21000,.T.);
#21000=CIRCLE($,#21001,0.149999954);
#21002=CARTESIAN_POINT('',(-3.25,2.75,0.0));
#21001=AXIS2_PLACEMENT_3D($,#21002,#21003,#21004);
#21003=DIRECTION('',(0.0,0.0,1.0));
#21004=DIRECTION('',(0.0,1.0,0.0));
#20994=ORIENTED_EDGE('',*,*,#20995,.F.);
#21005=STYLED_ITEM('color',(#34),#21006);
#21006=ADVANCED_FACE($,(#21012),#21007,.T.);
#21007=CYLINDRICAL_SURFACE($,#21008,0.149999954);
#21008=AXIS2_PLACEMENT_3D($,#21009,#21010,#21011);
#21009=CARTESIAN_POINT('',(-3.25,2.75,0.0));
#21010=DIRECTION('',(0.,0.,1.));
#21011=DIRECTION('',(0.,1.,0.));
#21012=FACE_OUTER_BOUND($,#21013,.T.);
#21013=EDGE_LOOP($,(#21036, #21014, #21046, #21025));
#21036=ORIENTED_EDGE('',*,*,#20842,.T.);
#21014=ORIENTED_EDGE('',*,*,#20995,.T.);
#21046=ORIENTED_EDGE('',*,*,#20813,.T.);
#21025=ORIENTED_EDGE('',*,*,#20943,.T.);
#21058=STYLED_ITEM('',(#34),#21059);
#21059=ADVANCED_FACE('',(#21065),#21060,.T.);
#21060=PLANE('',#21061);
#21061=AXIS2_PLACEMENT_3D('',#21062,#21063,#21064);
#21062=CARTESIAN_POINT('',(-3.55,2.9,0.0));
#21063=DIRECTION('',(-1.0,0.0,0.0));
#21064=DIRECTION('',(0.,0.,1.));
#21065=FACE_OUTER_BOUND('',#21066,.T.);
#21066=EDGE_LOOP('',(#21067,#21077,#21087,#21097));
#21067=ORIENTED_EDGE('',*,*,#20695,.T.);
#21077=ORIENTED_EDGE('',*,*,#20862,.T.);
#21087=ORIENTED_EDGE('',*,*,#20923,.T.);
#21097=ORIENTED_EDGE('',*,*,#20793,.T.);
#21525=MANIFOLD_SOLID_BREP($,#21526);
#21526=CLOSED_SHELL('',(#21528,#21577,#21626,#21695,#21764,#21816,#21868,#21921));
#21527=STYLED_ITEM('',(#34),#21528);
#21528=ADVANCED_FACE('',(#21534),#21529,.T.);
#21529=PLANE('',#21530);
#21530=AXIS2_PLACEMENT_3D('',#21531,#21532,#21533);
#21531=CARTESIAN_POINT('',(2.9,3.601,0.0));
#21532=DIRECTION('',(0.0,0.0,1.0));
#21533=DIRECTION('',(0.,1.,0.));
#21534=FACE_OUTER_BOUND('',#21535,.T.);
#21535=EDGE_LOOP('',(#21536,#21546,#21556,#21566));
#21539=CARTESIAN_POINT('',(2.6,3.601,0.0));
#21538=VERTEX_POINT('',#21539);
#21541=CARTESIAN_POINT('',(2.9,3.601,0.0));
#21540=VERTEX_POINT('',#21541);
#21537=EDGE_CURVE('',#21538,#21540,#21542,.T.);
#21542=LINE('',#21539,#21544);
#21544=VECTOR('',#21545,0.299999908);
#21545=DIRECTION('',(1.0,0.0,0.0));
#21536=ORIENTED_EDGE('',*,*,#21537,.F.);
#21549=CARTESIAN_POINT('',(2.6,3.55,0.0));
#21548=VERTEX_POINT('',#21549);
#21547=EDGE_CURVE('',#21548,#21538,#21552,.T.);
#21552=LINE('',#21549,#21554);
#21554=VECTOR('',#21555,0.0507999991615086);
#21555=DIRECTION('',(0.0,1.0,0.0));
#21546=ORIENTED_EDGE('',*,*,#21547,.F.);
#21559=CARTESIAN_POINT('',(2.9,3.55,0.0));
#21558=VERTEX_POINT('',#21559);
#21557=EDGE_CURVE('',#21558,#21548,#21562,.T.);
#21562=LINE('',#21559,#21564);
#21564=VECTOR('',#21565,0.299999905845577);
#21565=DIRECTION('',(-1.0,0.0,0.0));
#21556=ORIENTED_EDGE('',*,*,#21557,.F.);
#21567=EDGE_CURVE('',#21540,#21558,#21572,.T.);
#21572=LINE('',#21541,#21574);
#21574=VECTOR('',#21575,0.0507999991615095);
#21575=DIRECTION('',(0.0,-1.0,0.0));
#21566=ORIENTED_EDGE('',*,*,#21567,.F.);
#21576=STYLED_ITEM('',(#34),#21577);
#21577=ADVANCED_FACE('',(#21583),#21578,.T.);
#21578=PLANE('',#21579);
#21579=AXIS2_PLACEMENT_3D('',#21580,#21581,#21582);
#21580=CARTESIAN_POINT('',(2.9,3.601,0.0));
#21581=DIRECTION('',(1.0,0.0,0.0));
#21582=DIRECTION('',(0.,0.,1.));
#21583=FACE_OUTER_BOUND('',#21584,.T.);
#21584=EDGE_LOOP('',(#21585,#21595,#21605,#21615));
#21585=ORIENTED_EDGE('',*,*,#21537,.F.);
#21595=ORIENTED_EDGE('',*,*,#21537,.T.);
#21605=ORIENTED_EDGE('',*,*,#21537,.T.);
#21615=ORIENTED_EDGE('',*,*,#21537,.T.);
#21625=STYLED_ITEM('',(#34),#21626);
#21626=ADVANCED_FACE('',(#21632),#21627,.T.);
#21627=PLANE('',#21628);
#21628=AXIS2_PLACEMENT_3D('',#21629,#21630,#21631);
#21629=CARTESIAN_POINT('',(2.9,3.601,0.0));
#21630=DIRECTION('',(-1.0,0.0,0.0));
#21631=DIRECTION('',(0.,0.,1.));
#21632=FACE_OUTER_BOUND('',#21633,.T.);
#21633=EDGE_LOOP('',(#21634,#21644,#21654,#21664,#21674,#21684));
#21634=ORIENTED_EDGE('',*,*,#21537,.T.);
#21644=ORIENTED_EDGE('',*,*,#21567,.T.);
#21657=CARTESIAN_POINT('',(2.9,3.55,0.051));
#21656=VERTEX_POINT('',#21657);
#21655=EDGE_CURVE('',#21656,#21558,#21660,.T.);
#21660=LINE('',#21657,#21662);
#21662=VECTOR('',#21663,0.0508);
#21663=DIRECTION('',(0.0,0.0,-1.0));
#21654=ORIENTED_EDGE('',*,*,#21655,.F.);
#21667=CARTESIAN_POINT('',(2.9,3.25,0.051));
#21666=VERTEX_POINT('',#21667);
#21665=EDGE_CURVE('',#21666,#21656,#21670,.T.);
#21670=LINE('',#21667,#21672);
#21672=VECTOR('',#21673,0.300000921852187);
#21673=DIRECTION('',(0.0,1.0,0.0));
#21664=ORIENTED_EDGE('',*,*,#21665,.F.);
#21677=CARTESIAN_POINT('',(2.9,3.25,0.0));
#21676=VERTEX_POINT('',#21677);
#21675=EDGE_CURVE('',#21676,#21666,#21680,.T.);
#21680=LINE('',#21677,#21682);
#21682=VECTOR('',#21683,0.0508);
#21683=DIRECTION('',(0.0,0.0,1.0));
#21674=ORIENTED_EDGE('',*,*,#21675,.F.);
#21685=EDGE_CURVE('',#21540,#21676,#21690,.T.);
#21690=LINE('',#21541,#21692);
#21692=VECTOR('',#21693,0.350800921013696);
#21693=DIRECTION('',(0.0,-1.0,0.0));
#21684=ORIENTED_EDGE('',*,*,#21685,.F.);
#21694=STYLED_ITEM('',(#34),#21695);
#21695=ADVANCED_FACE('',(#21701),#21696,.T.);
#21696=PLANE('',#21697);
#21697=AXIS2_PLACEMENT_3D('',#21698,#21699,#21700);
#21698=CARTESIAN_POINT('',(2.6,3.25,0.0));
#21699=DIRECTION('',(-1.0,0.0,0.0));
#21700=DIRECTION('',(0.,0.,1.));
#21701=FACE_OUTER_BOUND('',#21702,.T.);
#21702=EDGE_LOOP('',(#21703,#21713,#21723,#21733,#21743,#21753));
#21706=CARTESIAN_POINT('',(2.6,3.25,0.051));
#21705=VERTEX_POINT('',#21706);
#21708=CARTESIAN_POINT('',(2.6,3.25,0.0));
#21707=VERTEX_POINT('',#21708);
#21704=EDGE_CURVE('',#21705,#21707,#21709,.T.);
#21709=LINE('',#21706,#21711);
#21711=VECTOR('',#21712,0.0508);
#21712=DIRECTION('',(0.0,0.0,-1.0));
#21703=ORIENTED_EDGE('',*,*,#21704,.F.);
#21716=CARTESIAN_POINT('',(2.6,3.55,0.051));
#21715=VERTEX_POINT('',#21716);
#21714=EDGE_CURVE('',#21715,#21705,#21719,.T.);
#21719=LINE('',#21716,#21721);
#21721=VECTOR('',#21722,0.300000921852187);
#21722=DIRECTION('',(0.0,-1.0,0.0));
#21713=ORIENTED_EDGE('',*,*,#21714,.F.);
#21724=EDGE_CURVE('',#21548,#21715,#21729,.T.);
#21729=LINE('',#21549,#21731);
#21731=VECTOR('',#21732,0.0508);
#21732=DIRECTION('',(0.0,0.0,1.0));
#21723=ORIENTED_EDGE('',*,*,#21724,.F.);
#21733=ORIENTED_EDGE('',*,*,#21547,.T.);
#21743=ORIENTED_EDGE('',*,*,#21537,.T.);
#21754=EDGE_CURVE('',#21707,#21538,#21759,.T.);
#21759=LINE('',#21708,#21761);
#21761=VECTOR('',#21762,0.350800921013696);
#21762=DIRECTION('',(0.0,1.0,0.0));
#21753=ORIENTED_EDGE('',*,*,#21754,.F.);
#21763=STYLED_ITEM('color',(#34),#21764);
#21764=ADVANCED_FACE($,(#21770),#21765,.T.);
#21765=PLANE($,#21766);
#21766=AXIS2_PLACEMENT_3D($,#21767,#21768,#21769);
#21767=CARTESIAN_POINT('',(2.9,3.55,0.051));
#21768=DIRECTION('',(0.0,0.0,1.0));
#21769=DIRECTION('',(1.,0.,0.));
#21770=FACE_OUTER_BOUND($,#21771,.T.);
#21771=EDGE_LOOP($,(#21774, #21784, #21794, #21804));
#21774=ORIENTED_EDGE('',*,*,#21665,.T.);
#21785=EDGE_CURVE('',#21715,#21656,#21790,.T.);
#21790=LINE('',#21716,#21792);
#21792=VECTOR('',#21793,0.299999905845577);
#21793=DIRECTION('',(1.0,0.0,0.0));
#21784=ORIENTED_EDGE('',*,*,#21785,.F.);
#21794=ORIENTED_EDGE('',*,*,#21714,.T.);
#21805=EDGE_CURVE($,#21666,#21705,#21810,.T.);
#21810=CIRCLE($,#21811,0.149999954);
#21812=CARTESIAN_POINT('',(2.75,3.25,0.051));
#21811=AXIS2_PLACEMENT_3D($,#21812,#21813,#21814);
#21813=DIRECTION('',(0.0,0.0,-1.0));
#21814=DIRECTION('',(-1.0,0.0,0.0));
#21804=ORIENTED_EDGE('',*,*,#21805,.F.);
#21815=STYLED_ITEM('color',(#34),#21816);
#21816=ADVANCED_FACE($,(#21822),#21817,.T.);
#21817=PLANE($,#21818);
#21818=AXIS2_PLACEMENT_3D($,#21819,#21820,#21821);
#21819=CARTESIAN_POINT('',(2.6,3.25,0.0));
#21820=DIRECTION('',(0.0,0.0,-1.0));
#21821=DIRECTION('',(1.,0.,0.));
#21822=FACE_OUTER_BOUND($,#21823,.T.);
#21823=EDGE_LOOP($,(#21826, #21836, #21846, #21856));
#21826=ORIENTED_EDGE('',*,*,#21754,.T.);
#21836=ORIENTED_EDGE('',*,*,#21537,.T.);
#21846=ORIENTED_EDGE('',*,*,#21685,.T.);
#21857=EDGE_CURVE($,#21707,#21676,#21862,.T.);
#21862=CIRCLE($,#21863,0.149999954);
#21864=CARTESIAN_POINT('',(2.75,3.25,0.0));
#21863=AXIS2_PLACEMENT_3D($,#21864,#21865,#21866);
#21865=DIRECTION('',(0.0,0.0,1.0));
#21866=DIRECTION('',(1.0,0.0,0.0));
#21856=ORIENTED_EDGE('',*,*,#21857,.F.);
#21867=STYLED_ITEM('color',(#34),#21868);
#21868=ADVANCED_FACE($,(#21874),#21869,.T.);
#21869=CYLINDRICAL_SURFACE($,#21870,0.149999954);
#21870=AXIS2_PLACEMENT_3D($,#21871,#21872,#21873);
#21871=CARTESIAN_POINT('',(2.75,3.25,0.0));
#21872=DIRECTION('',(0.,0.,1.));
#21873=DIRECTION('',(0.,1.,0.));
#21874=FACE_OUTER_BOUND($,#21875,.T.);
#21875=EDGE_LOOP($,(#21898, #21876, #21908, #21887));
#21898=ORIENTED_EDGE('',*,*,#21704,.T.);
#21876=ORIENTED_EDGE('',*,*,#21857,.T.);
#21908=ORIENTED_EDGE('',*,*,#21675,.T.);
#21887=ORIENTED_EDGE('',*,*,#21805,.T.);
#21920=STYLED_ITEM('',(#34),#21921);
#21921=ADVANCED_FACE('',(#21927),#21922,.T.);
#21922=PLANE('',#21923);
#21923=AXIS2_PLACEMENT_3D('',#21924,#21925,#21926);
#21924=CARTESIAN_POINT('',(2.9,3.55,0.0));
#21925=DIRECTION('',(0.0,1.0,0.0));
#21926=DIRECTION('',(0.,0.,1.));
#21927=FACE_OUTER_BOUND('',#21928,.T.);
#21928=EDGE_LOOP('',(#21929,#21939,#21949,#21959));
#21929=ORIENTED_EDGE('',*,*,#21557,.T.);
#21939=ORIENTED_EDGE('',*,*,#21724,.T.);
#21949=ORIENTED_EDGE('',*,*,#21785,.T.);
#21959=ORIENTED_EDGE('',*,*,#21655,.T.);
#22387=MANIFOLD_SOLID_BREP($,#22388);
#22388=CLOSED_SHELL('',(#22390,#22439,#22488,#22557,#22626,#22678,#22730,#22783));
#22389=STYLED_ITEM('',(#34),#22390);
#22390=ADVANCED_FACE('',(#22396),#22391,.T.);
#22391=PLANE('',#22392);
#22392=AXIS2_PLACEMENT_3D('',#22393,#22394,#22395);
#22393=CARTESIAN_POINT('',(2.4,3.601,0.0));
#22394=DIRECTION('',(0.0,0.0,1.0));
#22395=DIRECTION('',(0.,1.,0.));
#22396=FACE_OUTER_BOUND('',#22397,.T.);
#22397=EDGE_LOOP('',(#22398,#22408,#22418,#22428));
#22401=CARTESIAN_POINT('',(2.1,3.601,0.0));
#22400=VERTEX_POINT('',#22401);
#22403=CARTESIAN_POINT('',(2.4,3.601,0.0));
#22402=VERTEX_POINT('',#22403);
#22399=EDGE_CURVE('',#22400,#22402,#22404,.T.);
#22404=LINE('',#22401,#22406);
#22406=VECTOR('',#22407,0.299999908);
#22407=DIRECTION('',(1.0,0.0,0.0));
#22398=ORIENTED_EDGE('',*,*,#22399,.F.);
#22411=CARTESIAN_POINT('',(2.1,3.55,0.0));
#22410=VERTEX_POINT('',#22411);
#22409=EDGE_CURVE('',#22410,#22400,#22414,.T.);
#22414=LINE('',#22411,#22416);
#22416=VECTOR('',#22417,0.0507999991615086);
#22417=DIRECTION('',(0.0,1.0,0.0));
#22408=ORIENTED_EDGE('',*,*,#22409,.F.);
#22421=CARTESIAN_POINT('',(2.4,3.55,0.0));
#22420=VERTEX_POINT('',#22421);
#22419=EDGE_CURVE('',#22420,#22410,#22424,.T.);
#22424=LINE('',#22421,#22426);
#22426=VECTOR('',#22427,0.299999905845577);
#22427=DIRECTION('',(-1.0,0.0,0.0));
#22418=ORIENTED_EDGE('',*,*,#22419,.F.);
#22429=EDGE_CURVE('',#22402,#22420,#22434,.T.);
#22434=LINE('',#22403,#22436);
#22436=VECTOR('',#22437,0.0507999991615095);
#22437=DIRECTION('',(0.0,-1.0,0.0));
#22428=ORIENTED_EDGE('',*,*,#22429,.F.);
#22438=STYLED_ITEM('',(#34),#22439);
#22439=ADVANCED_FACE('',(#22445),#22440,.T.);
#22440=PLANE('',#22441);
#22441=AXIS2_PLACEMENT_3D('',#22442,#22443,#22444);
#22442=CARTESIAN_POINT('',(2.4,3.601,0.0));
#22443=DIRECTION('',(1.0,0.0,0.0));
#22444=DIRECTION('',(0.,0.,1.));
#22445=FACE_OUTER_BOUND('',#22446,.T.);
#22446=EDGE_LOOP('',(#22447,#22457,#22467,#22477));
#22447=ORIENTED_EDGE('',*,*,#22399,.F.);
#22457=ORIENTED_EDGE('',*,*,#22399,.T.);
#22467=ORIENTED_EDGE('',*,*,#22399,.T.);
#22477=ORIENTED_EDGE('',*,*,#22399,.T.);
#22487=STYLED_ITEM('',(#34),#22488);
#22488=ADVANCED_FACE('',(#22494),#22489,.T.);
#22489=PLANE('',#22490);
#22490=AXIS2_PLACEMENT_3D('',#22491,#22492,#22493);
#22491=CARTESIAN_POINT('',(2.4,3.601,0.0));
#22492=DIRECTION('',(-1.0,0.0,0.0));
#22493=DIRECTION('',(0.,0.,1.));
#22494=FACE_OUTER_BOUND('',#22495,.T.);
#22495=EDGE_LOOP('',(#22496,#22506,#22516,#22526,#22536,#22546));
#22496=ORIENTED_EDGE('',*,*,#22399,.T.);
#22506=ORIENTED_EDGE('',*,*,#22429,.T.);
#22519=CARTESIAN_POINT('',(2.4,3.55,0.051));
#22518=VERTEX_POINT('',#22519);
#22517=EDGE_CURVE('',#22518,#22420,#22522,.T.);
#22522=LINE('',#22519,#22524);
#22524=VECTOR('',#22525,0.0508);
#22525=DIRECTION('',(0.0,0.0,-1.0));
#22516=ORIENTED_EDGE('',*,*,#22517,.F.);
#22529=CARTESIAN_POINT('',(2.4,3.25,0.051));
#22528=VERTEX_POINT('',#22529);
#22527=EDGE_CURVE('',#22528,#22518,#22532,.T.);
#22532=LINE('',#22529,#22534);
#22534=VECTOR('',#22535,0.300000921852187);
#22535=DIRECTION('',(0.0,1.0,0.0));
#22526=ORIENTED_EDGE('',*,*,#22527,.F.);
#22539=CARTESIAN_POINT('',(2.4,3.25,0.0));
#22538=VERTEX_POINT('',#22539);
#22537=EDGE_CURVE('',#22538,#22528,#22542,.T.);
#22542=LINE('',#22539,#22544);
#22544=VECTOR('',#22545,0.0508);
#22545=DIRECTION('',(0.0,0.0,1.0));
#22536=ORIENTED_EDGE('',*,*,#22537,.F.);
#22547=EDGE_CURVE('',#22402,#22538,#22552,.T.);
#22552=LINE('',#22403,#22554);
#22554=VECTOR('',#22555,0.350800921013696);
#22555=DIRECTION('',(0.0,-1.0,0.0));
#22546=ORIENTED_EDGE('',*,*,#22547,.F.);
#22556=STYLED_ITEM('',(#34),#22557);
#22557=ADVANCED_FACE('',(#22563),#22558,.T.);
#22558=PLANE('',#22559);
#22559=AXIS2_PLACEMENT_3D('',#22560,#22561,#22562);
#22560=CARTESIAN_POINT('',(2.1,3.25,0.0));
#22561=DIRECTION('',(-1.0,0.0,0.0));
#22562=DIRECTION('',(0.,0.,1.));
#22563=FACE_OUTER_BOUND('',#22564,.T.);
#22564=EDGE_LOOP('',(#22565,#22575,#22585,#22595,#22605,#22615));
#22568=CARTESIAN_POINT('',(2.1,3.25,0.051));
#22567=VERTEX_POINT('',#22568);
#22570=CARTESIAN_POINT('',(2.1,3.25,0.0));
#22569=VERTEX_POINT('',#22570);
#22566=EDGE_CURVE('',#22567,#22569,#22571,.T.);
#22571=LINE('',#22568,#22573);
#22573=VECTOR('',#22574,0.0508);
#22574=DIRECTION('',(0.0,0.0,-1.0));
#22565=ORIENTED_EDGE('',*,*,#22566,.F.);
#22578=CARTESIAN_POINT('',(2.1,3.55,0.051));
#22577=VERTEX_POINT('',#22578);
#22576=EDGE_CURVE('',#22577,#22567,#22581,.T.);
#22581=LINE('',#22578,#22583);
#22583=VECTOR('',#22584,0.300000921852187);
#22584=DIRECTION('',(0.0,-1.0,0.0));
#22575=ORIENTED_EDGE('',*,*,#22576,.F.);
#22586=EDGE_CURVE('',#22410,#22577,#22591,.T.);
#22591=LINE('',#22411,#22593);
#22593=VECTOR('',#22594,0.0508);
#22594=DIRECTION('',(0.0,0.0,1.0));
#22585=ORIENTED_EDGE('',*,*,#22586,.F.);
#22595=ORIENTED_EDGE('',*,*,#22409,.T.);
#22605=ORIENTED_EDGE('',*,*,#22399,.T.);
#22616=EDGE_CURVE('',#22569,#22400,#22621,.T.);
#22621=LINE('',#22570,#22623);
#22623=VECTOR('',#22624,0.350800921013696);
#22624=DIRECTION('',(0.0,1.0,0.0));
#22615=ORIENTED_EDGE('',*,*,#22616,.F.);
#22625=STYLED_ITEM('color',(#34),#22626);
#22626=ADVANCED_FACE($,(#22632),#22627,.T.);
#22627=PLANE($,#22628);
#22628=AXIS2_PLACEMENT_3D($,#22629,#22630,#22631);
#22629=CARTESIAN_POINT('',(2.4,3.55,0.051));
#22630=DIRECTION('',(0.0,0.0,1.0));
#22631=DIRECTION('',(1.,0.,0.));
#22632=FACE_OUTER_BOUND($,#22633,.T.);
#22633=EDGE_LOOP($,(#22636, #22646, #22656, #22666));
#22636=ORIENTED_EDGE('',*,*,#22527,.T.);
#22647=EDGE_CURVE('',#22577,#22518,#22652,.T.);
#22652=LINE('',#22578,#22654);
#22654=VECTOR('',#22655,0.299999905845577);
#22655=DIRECTION('',(1.0,0.0,0.0));
#22646=ORIENTED_EDGE('',*,*,#22647,.F.);
#22656=ORIENTED_EDGE('',*,*,#22576,.T.);
#22667=EDGE_CURVE($,#22528,#22567,#22672,.T.);
#22672=CIRCLE($,#22673,0.149999954);
#22674=CARTESIAN_POINT('',(2.25,3.25,0.051));
#22673=AXIS2_PLACEMENT_3D($,#22674,#22675,#22676);
#22675=DIRECTION('',(0.0,0.0,-1.0));
#22676=DIRECTION('',(-1.0,0.0,0.0));
#22666=ORIENTED_EDGE('',*,*,#22667,.F.);
#22677=STYLED_ITEM('color',(#34),#22678);
#22678=ADVANCED_FACE($,(#22684),#22679,.T.);
#22679=PLANE($,#22680);
#22680=AXIS2_PLACEMENT_3D($,#22681,#22682,#22683);
#22681=CARTESIAN_POINT('',(2.1,3.25,0.0));
#22682=DIRECTION('',(0.0,0.0,-1.0));
#22683=DIRECTION('',(1.,0.,0.));
#22684=FACE_OUTER_BOUND($,#22685,.T.);
#22685=EDGE_LOOP($,(#22688, #22698, #22708, #22718));
#22688=ORIENTED_EDGE('',*,*,#22616,.T.);
#22698=ORIENTED_EDGE('',*,*,#22399,.T.);
#22708=ORIENTED_EDGE('',*,*,#22547,.T.);
#22719=EDGE_CURVE($,#22569,#22538,#22724,.T.);
#22724=CIRCLE($,#22725,0.149999954);
#22726=CARTESIAN_POINT('',(2.25,3.25,0.0));
#22725=AXIS2_PLACEMENT_3D($,#22726,#22727,#22728);
#22727=DIRECTION('',(0.0,0.0,1.0));
#22728=DIRECTION('',(1.0,0.0,0.0));
#22718=ORIENTED_EDGE('',*,*,#22719,.F.);
#22729=STYLED_ITEM('color',(#34),#22730);
#22730=ADVANCED_FACE($,(#22736),#22731,.T.);
#22731=CYLINDRICAL_SURFACE($,#22732,0.149999954);
#22732=AXIS2_PLACEMENT_3D($,#22733,#22734,#22735);
#22733=CARTESIAN_POINT('',(2.25,3.25,0.0));
#22734=DIRECTION('',(0.,0.,1.));
#22735=DIRECTION('',(0.,1.,0.));
#22736=FACE_OUTER_BOUND($,#22737,.T.);
#22737=EDGE_LOOP($,(#22760, #22738, #22770, #22749));
#22760=ORIENTED_EDGE('',*,*,#22566,.T.);
#22738=ORIENTED_EDGE('',*,*,#22719,.T.);
#22770=ORIENTED_EDGE('',*,*,#22537,.T.);
#22749=ORIENTED_EDGE('',*,*,#22667,.T.);
#22782=STYLED_ITEM('',(#34),#22783);
#22783=ADVANCED_FACE('',(#22789),#22784,.T.);
#22784=PLANE('',#22785);
#22785=AXIS2_PLACEMENT_3D('',#22786,#22787,#22788);
#22786=CARTESIAN_POINT('',(2.4,3.55,0.0));
#22787=DIRECTION('',(0.0,1.0,0.0));
#22788=DIRECTION('',(0.,0.,1.));
#22789=FACE_OUTER_BOUND('',#22790,.T.);
#22790=EDGE_LOOP('',(#22791,#22801,#22811,#22821));
#22791=ORIENTED_EDGE('',*,*,#22419,.T.);
#22801=ORIENTED_EDGE('',*,*,#22586,.T.);
#22811=ORIENTED_EDGE('',*,*,#22647,.T.);
#22821=ORIENTED_EDGE('',*,*,#22517,.T.);
#23249=MANIFOLD_SOLID_BREP($,#23250);
#23250=CLOSED_SHELL('',(#23252,#23301,#23350,#23419,#23488,#23540,#23592,#23645));
#23251=STYLED_ITEM('',(#34),#23252);
#23252=ADVANCED_FACE('',(#23258),#23253,.T.);
#23253=PLANE('',#23254);
#23254=AXIS2_PLACEMENT_3D('',#23255,#23256,#23257);
#23255=CARTESIAN_POINT('',(1.9,3.601,0.0));
#23256=DIRECTION('',(0.0,0.0,1.0));
#23257=DIRECTION('',(0.,1.,0.));
#23258=FACE_OUTER_BOUND('',#23259,.T.);
#23259=EDGE_LOOP('',(#23260,#23270,#23280,#23290));
#23263=CARTESIAN_POINT('',(1.6,3.601,0.0));
#23262=VERTEX_POINT('',#23263);
#23265=CARTESIAN_POINT('',(1.9,3.601,0.0));
#23264=VERTEX_POINT('',#23265);
#23261=EDGE_CURVE('',#23262,#23264,#23266,.T.);
#23266=LINE('',#23263,#23268);
#23268=VECTOR('',#23269,0.299999908);
#23269=DIRECTION('',(1.0,0.0,0.0));
#23260=ORIENTED_EDGE('',*,*,#23261,.F.);
#23273=CARTESIAN_POINT('',(1.6,3.55,0.0));
#23272=VERTEX_POINT('',#23273);
#23271=EDGE_CURVE('',#23272,#23262,#23276,.T.);
#23276=LINE('',#23273,#23278);
#23278=VECTOR('',#23279,0.0507999991615086);
#23279=DIRECTION('',(0.0,1.0,0.0));
#23270=ORIENTED_EDGE('',*,*,#23271,.F.);
#23283=CARTESIAN_POINT('',(1.9,3.55,0.0));
#23282=VERTEX_POINT('',#23283);
#23281=EDGE_CURVE('',#23282,#23272,#23286,.T.);
#23286=LINE('',#23283,#23288);
#23288=VECTOR('',#23289,0.299999905845577);
#23289=DIRECTION('',(-1.0,0.0,0.0));
#23280=ORIENTED_EDGE('',*,*,#23281,.F.);
#23291=EDGE_CURVE('',#23264,#23282,#23296,.T.);
#23296=LINE('',#23265,#23298);
#23298=VECTOR('',#23299,0.0507999991615095);
#23299=DIRECTION('',(0.0,-1.0,0.0));
#23290=ORIENTED_EDGE('',*,*,#23291,.F.);
#23300=STYLED_ITEM('',(#34),#23301);
#23301=ADVANCED_FACE('',(#23307),#23302,.T.);
#23302=PLANE('',#23303);
#23303=AXIS2_PLACEMENT_3D('',#23304,#23305,#23306);
#23304=CARTESIAN_POINT('',(1.9,3.601,0.0));
#23305=DIRECTION('',(1.0,0.0,0.0));
#23306=DIRECTION('',(0.,0.,1.));
#23307=FACE_OUTER_BOUND('',#23308,.T.);
#23308=EDGE_LOOP('',(#23309,#23319,#23329,#23339));
#23309=ORIENTED_EDGE('',*,*,#23261,.F.);
#23319=ORIENTED_EDGE('',*,*,#23261,.T.);
#23329=ORIENTED_EDGE('',*,*,#23261,.T.);
#23339=ORIENTED_EDGE('',*,*,#23261,.T.);
#23349=STYLED_ITEM('',(#34),#23350);
#23350=ADVANCED_FACE('',(#23356),#23351,.T.);
#23351=PLANE('',#23352);
#23352=AXIS2_PLACEMENT_3D('',#23353,#23354,#23355);
#23353=CARTESIAN_POINT('',(1.9,3.601,0.0));
#23354=DIRECTION('',(-1.0,0.0,0.0));
#23355=DIRECTION('',(0.,0.,1.));
#23356=FACE_OUTER_BOUND('',#23357,.T.);
#23357=EDGE_LOOP('',(#23358,#23368,#23378,#23388,#23398,#23408));
#23358=ORIENTED_EDGE('',*,*,#23261,.T.);
#23368=ORIENTED_EDGE('',*,*,#23291,.T.);
#23381=CARTESIAN_POINT('',(1.9,3.55,0.051));
#23380=VERTEX_POINT('',#23381);
#23379=EDGE_CURVE('',#23380,#23282,#23384,.T.);
#23384=LINE('',#23381,#23386);
#23386=VECTOR('',#23387,0.0508);
#23387=DIRECTION('',(0.0,0.0,-1.0));
#23378=ORIENTED_EDGE('',*,*,#23379,.F.);
#23391=CARTESIAN_POINT('',(1.9,3.25,0.051));
#23390=VERTEX_POINT('',#23391);
#23389=EDGE_CURVE('',#23390,#23380,#23394,.T.);
#23394=LINE('',#23391,#23396);
#23396=VECTOR('',#23397,0.300000921852187);
#23397=DIRECTION('',(0.0,1.0,0.0));
#23388=ORIENTED_EDGE('',*,*,#23389,.F.);
#23401=CARTESIAN_POINT('',(1.9,3.25,0.0));
#23400=VERTEX_POINT('',#23401);
#23399=EDGE_CURVE('',#23400,#23390,#23404,.T.);
#23404=LINE('',#23401,#23406);
#23406=VECTOR('',#23407,0.0508);
#23407=DIRECTION('',(0.0,0.0,1.0));
#23398=ORIENTED_EDGE('',*,*,#23399,.F.);
#23409=EDGE_CURVE('',#23264,#23400,#23414,.T.);
#23414=LINE('',#23265,#23416);
#23416=VECTOR('',#23417,0.350800921013696);
#23417=DIRECTION('',(0.0,-1.0,0.0));
#23408=ORIENTED_EDGE('',*,*,#23409,.F.);
#23418=STYLED_ITEM('',(#34),#23419);
#23419=ADVANCED_FACE('',(#23425),#23420,.T.);
#23420=PLANE('',#23421);
#23421=AXIS2_PLACEMENT_3D('',#23422,#23423,#23424);
#23422=CARTESIAN_POINT('',(1.6,3.25,0.0));
#23423=DIRECTION('',(-1.0,0.0,0.0));
#23424=DIRECTION('',(0.,0.,1.));
#23425=FACE_OUTER_BOUND('',#23426,.T.);
#23426=EDGE_LOOP('',(#23427,#23437,#23447,#23457,#23467,#23477));
#23430=CARTESIAN_POINT('',(1.6,3.25,0.051));
#23429=VERTEX_POINT('',#23430);
#23432=CARTESIAN_POINT('',(1.6,3.25,0.0));
#23431=VERTEX_POINT('',#23432);
#23428=EDGE_CURVE('',#23429,#23431,#23433,.T.);
#23433=LINE('',#23430,#23435);
#23435=VECTOR('',#23436,0.0508);
#23436=DIRECTION('',(0.0,0.0,-1.0));
#23427=ORIENTED_EDGE('',*,*,#23428,.F.);
#23440=CARTESIAN_POINT('',(1.6,3.55,0.051));
#23439=VERTEX_POINT('',#23440);
#23438=EDGE_CURVE('',#23439,#23429,#23443,.T.);
#23443=LINE('',#23440,#23445);
#23445=VECTOR('',#23446,0.300000921852187);
#23446=DIRECTION('',(0.0,-1.0,0.0));
#23437=ORIENTED_EDGE('',*,*,#23438,.F.);
#23448=EDGE_CURVE('',#23272,#23439,#23453,.T.);
#23453=LINE('',#23273,#23455);
#23455=VECTOR('',#23456,0.0508);
#23456=DIRECTION('',(0.0,0.0,1.0));
#23447=ORIENTED_EDGE('',*,*,#23448,.F.);
#23457=ORIENTED_EDGE('',*,*,#23271,.T.);
#23467=ORIENTED_EDGE('',*,*,#23261,.T.);
#23478=EDGE_CURVE('',#23431,#23262,#23483,.T.);
#23483=LINE('',#23432,#23485);
#23485=VECTOR('',#23486,0.350800921013696);
#23486=DIRECTION('',(0.0,1.0,0.0));
#23477=ORIENTED_EDGE('',*,*,#23478,.F.);
#23487=STYLED_ITEM('color',(#34),#23488);
#23488=ADVANCED_FACE($,(#23494),#23489,.T.);
#23489=PLANE($,#23490);
#23490=AXIS2_PLACEMENT_3D($,#23491,#23492,#23493);
#23491=CARTESIAN_POINT('',(1.9,3.55,0.051));
#23492=DIRECTION('',(0.0,0.0,1.0));
#23493=DIRECTION('',(1.,0.,0.));
#23494=FACE_OUTER_BOUND($,#23495,.T.);
#23495=EDGE_LOOP($,(#23498, #23508, #23518, #23528));
#23498=ORIENTED_EDGE('',*,*,#23389,.T.);
#23509=EDGE_CURVE('',#23439,#23380,#23514,.T.);
#23514=LINE('',#23440,#23516);
#23516=VECTOR('',#23517,0.299999905845577);
#23517=DIRECTION('',(1.0,0.0,0.0));
#23508=ORIENTED_EDGE('',*,*,#23509,.F.);
#23518=ORIENTED_EDGE('',*,*,#23438,.T.);
#23529=EDGE_CURVE($,#23390,#23429,#23534,.T.);
#23534=CIRCLE($,#23535,0.149999954);
#23536=CARTESIAN_POINT('',(1.75,3.25,0.051));
#23535=AXIS2_PLACEMENT_3D($,#23536,#23537,#23538);
#23537=DIRECTION('',(0.0,0.0,-1.0));
#23538=DIRECTION('',(-1.0,0.0,0.0));
#23528=ORIENTED_EDGE('',*,*,#23529,.F.);
#23539=STYLED_ITEM('color',(#34),#23540);
#23540=ADVANCED_FACE($,(#23546),#23541,.T.);
#23541=PLANE($,#23542);
#23542=AXIS2_PLACEMENT_3D($,#23543,#23544,#23545);
#23543=CARTESIAN_POINT('',(1.6,3.25,0.0));
#23544=DIRECTION('',(0.0,0.0,-1.0));
#23545=DIRECTION('',(1.,0.,0.));
#23546=FACE_OUTER_BOUND($,#23547,.T.);
#23547=EDGE_LOOP($,(#23550, #23560, #23570, #23580));
#23550=ORIENTED_EDGE('',*,*,#23478,.T.);
#23560=ORIENTED_EDGE('',*,*,#23261,.T.);
#23570=ORIENTED_EDGE('',*,*,#23409,.T.);
#23581=EDGE_CURVE($,#23431,#23400,#23586,.T.);
#23586=CIRCLE($,#23587,0.149999954);
#23588=CARTESIAN_POINT('',(1.75,3.25,0.0));
#23587=AXIS2_PLACEMENT_3D($,#23588,#23589,#23590);
#23589=DIRECTION('',(0.0,0.0,1.0));
#23590=DIRECTION('',(1.0,0.0,0.0));
#23580=ORIENTED_EDGE('',*,*,#23581,.F.);
#23591=STYLED_ITEM('color',(#34),#23592);
#23592=ADVANCED_FACE($,(#23598),#23593,.T.);
#23593=CYLINDRICAL_SURFACE($,#23594,0.149999954);
#23594=AXIS2_PLACEMENT_3D($,#23595,#23596,#23597);
#23595=CARTESIAN_POINT('',(1.75,3.25,0.0));
#23596=DIRECTION('',(0.,0.,1.));
#23597=DIRECTION('',(0.,1.,0.));
#23598=FACE_OUTER_BOUND($,#23599,.T.);
#23599=EDGE_LOOP($,(#23622, #23600, #23632, #23611));
#23622=ORIENTED_EDGE('',*,*,#23428,.T.);
#23600=ORIENTED_EDGE('',*,*,#23581,.T.);
#23632=ORIENTED_EDGE('',*,*,#23399,.T.);
#23611=ORIENTED_EDGE('',*,*,#23529,.T.);
#23644=STYLED_ITEM('',(#34),#23645);
#23645=ADVANCED_FACE('',(#23651),#23646,.T.);
#23646=PLANE('',#23647);
#23647=AXIS2_PLACEMENT_3D('',#23648,#23649,#23650);
#23648=CARTESIAN_POINT('',(1.9,3.55,0.0));
#23649=DIRECTION('',(0.0,1.0,0.0));
#23650=DIRECTION('',(0.,0.,1.));
#23651=FACE_OUTER_BOUND('',#23652,.T.);
#23652=EDGE_LOOP('',(#23653,#23663,#23673,#23683));
#23653=ORIENTED_EDGE('',*,*,#23281,.T.);
#23663=ORIENTED_EDGE('',*,*,#23448,.T.);
#23673=ORIENTED_EDGE('',*,*,#23509,.T.);
#23683=ORIENTED_EDGE('',*,*,#23379,.T.);
#24111=MANIFOLD_SOLID_BREP($,#24112);
#24112=CLOSED_SHELL('',(#24114,#24163,#24212,#24281,#24350,#24402,#24454,#24507));
#24113=STYLED_ITEM('',(#34),#24114);
#24114=ADVANCED_FACE('',(#24120),#24115,.T.);
#24115=PLANE('',#24116);
#24116=AXIS2_PLACEMENT_3D('',#24117,#24118,#24119);
#24117=CARTESIAN_POINT('',(1.4,3.601,0.0));
#24118=DIRECTION('',(0.0,0.0,1.0));
#24119=DIRECTION('',(0.,1.,0.));
#24120=FACE_OUTER_BOUND('',#24121,.T.);
#24121=EDGE_LOOP('',(#24122,#24132,#24142,#24152));
#24125=CARTESIAN_POINT('',(1.1,3.601,0.0));
#24124=VERTEX_POINT('',#24125);
#24127=CARTESIAN_POINT('',(1.4,3.601,0.0));
#24126=VERTEX_POINT('',#24127);
#24123=EDGE_CURVE('',#24124,#24126,#24128,.T.);
#24128=LINE('',#24125,#24130);
#24130=VECTOR('',#24131,0.299999908);
#24131=DIRECTION('',(1.0,0.0,0.0));
#24122=ORIENTED_EDGE('',*,*,#24123,.F.);
#24135=CARTESIAN_POINT('',(1.1,3.55,0.0));
#24134=VERTEX_POINT('',#24135);
#24133=EDGE_CURVE('',#24134,#24124,#24138,.T.);
#24138=LINE('',#24135,#24140);
#24140=VECTOR('',#24141,0.0507999991615086);
#24141=DIRECTION('',(0.0,1.0,0.0));
#24132=ORIENTED_EDGE('',*,*,#24133,.F.);
#24145=CARTESIAN_POINT('',(1.4,3.55,0.0));
#24144=VERTEX_POINT('',#24145);
#24143=EDGE_CURVE('',#24144,#24134,#24148,.T.);
#24148=LINE('',#24145,#24150);
#24150=VECTOR('',#24151,0.299999905845577);
#24151=DIRECTION('',(-1.0,0.0,0.0));
#24142=ORIENTED_EDGE('',*,*,#24143,.F.);
#24153=EDGE_CURVE('',#24126,#24144,#24158,.T.);
#24158=LINE('',#24127,#24160);
#24160=VECTOR('',#24161,0.0507999991615095);
#24161=DIRECTION('',(0.0,-1.0,0.0));
#24152=ORIENTED_EDGE('',*,*,#24153,.F.);
#24162=STYLED_ITEM('',(#34),#24163);
#24163=ADVANCED_FACE('',(#24169),#24164,.T.);
#24164=PLANE('',#24165);
#24165=AXIS2_PLACEMENT_3D('',#24166,#24167,#24168);
#24166=CARTESIAN_POINT('',(1.4,3.601,0.0));
#24167=DIRECTION('',(1.0,0.0,0.0));
#24168=DIRECTION('',(0.,0.,1.));
#24169=FACE_OUTER_BOUND('',#24170,.T.);
#24170=EDGE_LOOP('',(#24171,#24181,#24191,#24201));
#24171=ORIENTED_EDGE('',*,*,#24123,.F.);
#24181=ORIENTED_EDGE('',*,*,#24123,.T.);
#24191=ORIENTED_EDGE('',*,*,#24123,.T.);
#24201=ORIENTED_EDGE('',*,*,#24123,.T.);
#24211=STYLED_ITEM('',(#34),#24212);
#24212=ADVANCED_FACE('',(#24218),#24213,.T.);
#24213=PLANE('',#24214);
#24214=AXIS2_PLACEMENT_3D('',#24215,#24216,#24217);
#24215=CARTESIAN_POINT('',(1.4,3.601,0.0));
#24216=DIRECTION('',(-1.0,0.0,0.0));
#24217=DIRECTION('',(0.,0.,1.));
#24218=FACE_OUTER_BOUND('',#24219,.T.);
#24219=EDGE_LOOP('',(#24220,#24230,#24240,#24250,#24260,#24270));
#24220=ORIENTED_EDGE('',*,*,#24123,.T.);
#24230=ORIENTED_EDGE('',*,*,#24153,.T.);
#24243=CARTESIAN_POINT('',(1.4,3.55,0.051));
#24242=VERTEX_POINT('',#24243);
#24241=EDGE_CURVE('',#24242,#24144,#24246,.T.);
#24246=LINE('',#24243,#24248);
#24248=VECTOR('',#24249,0.0508);
#24249=DIRECTION('',(0.0,0.0,-1.0));
#24240=ORIENTED_EDGE('',*,*,#24241,.F.);
#24253=CARTESIAN_POINT('',(1.4,3.25,0.051));
#24252=VERTEX_POINT('',#24253);
#24251=EDGE_CURVE('',#24252,#24242,#24256,.T.);
#24256=LINE('',#24253,#24258);
#24258=VECTOR('',#24259,0.300000921852187);
#24259=DIRECTION('',(0.0,1.0,0.0));
#24250=ORIENTED_EDGE('',*,*,#24251,.F.);
#24263=CARTESIAN_POINT('',(1.4,3.25,0.0));
#24262=VERTEX_POINT('',#24263);
#24261=EDGE_CURVE('',#24262,#24252,#24266,.T.);
#24266=LINE('',#24263,#24268);
#24268=VECTOR('',#24269,0.0508);
#24269=DIRECTION('',(0.0,0.0,1.0));
#24260=ORIENTED_EDGE('',*,*,#24261,.F.);
#24271=EDGE_CURVE('',#24126,#24262,#24276,.T.);
#24276=LINE('',#24127,#24278);
#24278=VECTOR('',#24279,0.350800921013696);
#24279=DIRECTION('',(0.0,-1.0,0.0));
#24270=ORIENTED_EDGE('',*,*,#24271,.F.);
#24280=STYLED_ITEM('',(#34),#24281);
#24281=ADVANCED_FACE('',(#24287),#24282,.T.);
#24282=PLANE('',#24283);
#24283=AXIS2_PLACEMENT_3D('',#24284,#24285,#24286);
#24284=CARTESIAN_POINT('',(1.1,3.25,0.0));
#24285=DIRECTION('',(-1.0,0.0,0.0));
#24286=DIRECTION('',(0.,0.,1.));
#24287=FACE_OUTER_BOUND('',#24288,.T.);
#24288=EDGE_LOOP('',(#24289,#24299,#24309,#24319,#24329,#24339));
#24292=CARTESIAN_POINT('',(1.1,3.25,0.051));
#24291=VERTEX_POINT('',#24292);
#24294=CARTESIAN_POINT('',(1.1,3.25,0.0));
#24293=VERTEX_POINT('',#24294);
#24290=EDGE_CURVE('',#24291,#24293,#24295,.T.);
#24295=LINE('',#24292,#24297);
#24297=VECTOR('',#24298,0.0508);
#24298=DIRECTION('',(0.0,0.0,-1.0));
#24289=ORIENTED_EDGE('',*,*,#24290,.F.);
#24302=CARTESIAN_POINT('',(1.1,3.55,0.051));
#24301=VERTEX_POINT('',#24302);
#24300=EDGE_CURVE('',#24301,#24291,#24305,.T.);
#24305=LINE('',#24302,#24307);
#24307=VECTOR('',#24308,0.300000921852187);
#24308=DIRECTION('',(0.0,-1.0,0.0));
#24299=ORIENTED_EDGE('',*,*,#24300,.F.);
#24310=EDGE_CURVE('',#24134,#24301,#24315,.T.);
#24315=LINE('',#24135,#24317);
#24317=VECTOR('',#24318,0.0508);
#24318=DIRECTION('',(0.0,0.0,1.0));
#24309=ORIENTED_EDGE('',*,*,#24310,.F.);
#24319=ORIENTED_EDGE('',*,*,#24133,.T.);
#24329=ORIENTED_EDGE('',*,*,#24123,.T.);
#24340=EDGE_CURVE('',#24293,#24124,#24345,.T.);
#24345=LINE('',#24294,#24347);
#24347=VECTOR('',#24348,0.350800921013696);
#24348=DIRECTION('',(0.0,1.0,0.0));
#24339=ORIENTED_EDGE('',*,*,#24340,.F.);
#24349=STYLED_ITEM('color',(#34),#24350);
#24350=ADVANCED_FACE($,(#24356),#24351,.T.);
#24351=PLANE($,#24352);
#24352=AXIS2_PLACEMENT_3D($,#24353,#24354,#24355);
#24353=CARTESIAN_POINT('',(1.4,3.55,0.051));
#24354=DIRECTION('',(0.0,0.0,1.0));
#24355=DIRECTION('',(1.,0.,0.));
#24356=FACE_OUTER_BOUND($,#24357,.T.);
#24357=EDGE_LOOP($,(#24360, #24370, #24380, #24390));
#24360=ORIENTED_EDGE('',*,*,#24251,.T.);
#24371=EDGE_CURVE('',#24301,#24242,#24376,.T.);
#24376=LINE('',#24302,#24378);
#24378=VECTOR('',#24379,0.299999905845577);
#24379=DIRECTION('',(1.0,0.0,0.0));
#24370=ORIENTED_EDGE('',*,*,#24371,.F.);
#24380=ORIENTED_EDGE('',*,*,#24300,.T.);
#24391=EDGE_CURVE($,#24252,#24291,#24396,.T.);
#24396=CIRCLE($,#24397,0.149999954);
#24398=CARTESIAN_POINT('',(1.25,3.25,0.051));
#24397=AXIS2_PLACEMENT_3D($,#24398,#24399,#24400);
#24399=DIRECTION('',(0.0,0.0,-1.0));
#24400=DIRECTION('',(-1.0,0.0,0.0));
#24390=ORIENTED_EDGE('',*,*,#24391,.F.);
#24401=STYLED_ITEM('color',(#34),#24402);
#24402=ADVANCED_FACE($,(#24408),#24403,.T.);
#24403=PLANE($,#24404);
#24404=AXIS2_PLACEMENT_3D($,#24405,#24406,#24407);
#24405=CARTESIAN_POINT('',(1.1,3.25,0.0));
#24406=DIRECTION('',(0.0,0.0,-1.0));
#24407=DIRECTION('',(1.,0.,0.));
#24408=FACE_OUTER_BOUND($,#24409,.T.);
#24409=EDGE_LOOP($,(#24412, #24422, #24432, #24442));
#24412=ORIENTED_EDGE('',*,*,#24340,.T.);
#24422=ORIENTED_EDGE('',*,*,#24123,.T.);
#24432=ORIENTED_EDGE('',*,*,#24271,.T.);
#24443=EDGE_CURVE($,#24293,#24262,#24448,.T.);
#24448=CIRCLE($,#24449,0.149999954);
#24450=CARTESIAN_POINT('',(1.25,3.25,0.0));
#24449=AXIS2_PLACEMENT_3D($,#24450,#24451,#24452);
#24451=DIRECTION('',(0.0,0.0,1.0));
#24452=DIRECTION('',(1.0,0.0,0.0));
#24442=ORIENTED_EDGE('',*,*,#24443,.F.);
#24453=STYLED_ITEM('color',(#34),#24454);
#24454=ADVANCED_FACE($,(#24460),#24455,.T.);
#24455=CYLINDRICAL_SURFACE($,#24456,0.149999954);
#24456=AXIS2_PLACEMENT_3D($,#24457,#24458,#24459);
#24457=CARTESIAN_POINT('',(1.25,3.25,0.0));
#24458=DIRECTION('',(0.,0.,1.));
#24459=DIRECTION('',(0.,1.,0.));
#24460=FACE_OUTER_BOUND($,#24461,.T.);
#24461=EDGE_LOOP($,(#24484, #24462, #24494, #24473));
#24484=ORIENTED_EDGE('',*,*,#24290,.T.);
#24462=ORIENTED_EDGE('',*,*,#24443,.T.);
#24494=ORIENTED_EDGE('',*,*,#24261,.T.);
#24473=ORIENTED_EDGE('',*,*,#24391,.T.);
#24506=STYLED_ITEM('',(#34),#24507);
#24507=ADVANCED_FACE('',(#24513),#24508,.T.);
#24508=PLANE('',#24509);
#24509=AXIS2_PLACEMENT_3D('',#24510,#24511,#24512);
#24510=CARTESIAN_POINT('',(1.4,3.55,0.0));
#24511=DIRECTION('',(0.0,1.0,0.0));
#24512=DIRECTION('',(0.,0.,1.));
#24513=FACE_OUTER_BOUND('',#24514,.T.);
#24514=EDGE_LOOP('',(#24515,#24525,#24535,#24545));
#24515=ORIENTED_EDGE('',*,*,#24143,.T.);
#24525=ORIENTED_EDGE('',*,*,#24310,.T.);
#24535=ORIENTED_EDGE('',*,*,#24371,.T.);
#24545=ORIENTED_EDGE('',*,*,#24241,.T.);
#24973=MANIFOLD_SOLID_BREP($,#24974);
#24974=CLOSED_SHELL('',(#24976,#25025,#25074,#25143,#25212,#25264,#25316,#25369));
#24975=STYLED_ITEM('',(#34),#24976);
#24976=ADVANCED_FACE('',(#24982),#24977,.T.);
#24977=PLANE('',#24978);
#24978=AXIS2_PLACEMENT_3D('',#24979,#24980,#24981);
#24979=CARTESIAN_POINT('',(0.9,3.601,0.0));
#24980=DIRECTION('',(0.0,0.0,1.0));
#24981=DIRECTION('',(0.,1.,0.));
#24982=FACE_OUTER_BOUND('',#24983,.T.);
#24983=EDGE_LOOP('',(#24984,#24994,#25004,#25014));
#24987=CARTESIAN_POINT('',(0.6,3.601,0.0));
#24986=VERTEX_POINT('',#24987);
#24989=CARTESIAN_POINT('',(0.9,3.601,0.0));
#24988=VERTEX_POINT('',#24989);
#24985=EDGE_CURVE('',#24986,#24988,#24990,.T.);
#24990=LINE('',#24987,#24992);
#24992=VECTOR('',#24993,0.299999908);
#24993=DIRECTION('',(1.0,0.0,0.0));
#24984=ORIENTED_EDGE('',*,*,#24985,.F.);
#24997=CARTESIAN_POINT('',(0.6,3.55,0.0));
#24996=VERTEX_POINT('',#24997);
#24995=EDGE_CURVE('',#24996,#24986,#25000,.T.);
#25000=LINE('',#24997,#25002);
#25002=VECTOR('',#25003,0.0507999991615086);
#25003=DIRECTION('',(0.0,1.0,0.0));
#24994=ORIENTED_EDGE('',*,*,#24995,.F.);
#25007=CARTESIAN_POINT('',(0.9,3.55,0.0));
#25006=VERTEX_POINT('',#25007);
#25005=EDGE_CURVE('',#25006,#24996,#25010,.T.);
#25010=LINE('',#25007,#25012);
#25012=VECTOR('',#25013,0.299999905845577);
#25013=DIRECTION('',(-1.0,0.0,0.0));
#25004=ORIENTED_EDGE('',*,*,#25005,.F.);
#25015=EDGE_CURVE('',#24988,#25006,#25020,.T.);
#25020=LINE('',#24989,#25022);
#25022=VECTOR('',#25023,0.0507999991615095);
#25023=DIRECTION('',(0.0,-1.0,0.0));
#25014=ORIENTED_EDGE('',*,*,#25015,.F.);
#25024=STYLED_ITEM('',(#34),#25025);
#25025=ADVANCED_FACE('',(#25031),#25026,.T.);
#25026=PLANE('',#25027);
#25027=AXIS2_PLACEMENT_3D('',#25028,#25029,#25030);
#25028=CARTESIAN_POINT('',(0.9,3.601,0.0));
#25029=DIRECTION('',(1.0,0.0,0.0));
#25030=DIRECTION('',(0.,0.,1.));
#25031=FACE_OUTER_BOUND('',#25032,.T.);
#25032=EDGE_LOOP('',(#25033,#25043,#25053,#25063));
#25033=ORIENTED_EDGE('',*,*,#24985,.F.);
#25043=ORIENTED_EDGE('',*,*,#24985,.T.);
#25053=ORIENTED_EDGE('',*,*,#24985,.T.);
#25063=ORIENTED_EDGE('',*,*,#24985,.T.);
#25073=STYLED_ITEM('',(#34),#25074);
#25074=ADVANCED_FACE('',(#25080),#25075,.T.);
#25075=PLANE('',#25076);
#25076=AXIS2_PLACEMENT_3D('',#25077,#25078,#25079);
#25077=CARTESIAN_POINT('',(0.9,3.601,0.0));
#25078=DIRECTION('',(-1.0,0.0,0.0));
#25079=DIRECTION('',(0.,0.,1.));
#25080=FACE_OUTER_BOUND('',#25081,.T.);
#25081=EDGE_LOOP('',(#25082,#25092,#25102,#25112,#25122,#25132));
#25082=ORIENTED_EDGE('',*,*,#24985,.T.);
#25092=ORIENTED_EDGE('',*,*,#25015,.T.);
#25105=CARTESIAN_POINT('',(0.9,3.55,0.051));
#25104=VERTEX_POINT('',#25105);
#25103=EDGE_CURVE('',#25104,#25006,#25108,.T.);
#25108=LINE('',#25105,#25110);
#25110=VECTOR('',#25111,0.0508);
#25111=DIRECTION('',(0.0,0.0,-1.0));
#25102=ORIENTED_EDGE('',*,*,#25103,.F.);
#25115=CARTESIAN_POINT('',(0.9,3.25,0.051));
#25114=VERTEX_POINT('',#25115);
#25113=EDGE_CURVE('',#25114,#25104,#25118,.T.);
#25118=LINE('',#25115,#25120);
#25120=VECTOR('',#25121,0.300000921852187);
#25121=DIRECTION('',(0.0,1.0,0.0));
#25112=ORIENTED_EDGE('',*,*,#25113,.F.);
#25125=CARTESIAN_POINT('',(0.9,3.25,0.0));
#25124=VERTEX_POINT('',#25125);
#25123=EDGE_CURVE('',#25124,#25114,#25128,.T.);
#25128=LINE('',#25125,#25130);
#25130=VECTOR('',#25131,0.0508);
#25131=DIRECTION('',(0.0,0.0,1.0));
#25122=ORIENTED_EDGE('',*,*,#25123,.F.);
#25133=EDGE_CURVE('',#24988,#25124,#25138,.T.);
#25138=LINE('',#24989,#25140);
#25140=VECTOR('',#25141,0.350800921013696);
#25141=DIRECTION('',(0.0,-1.0,0.0));
#25132=ORIENTED_EDGE('',*,*,#25133,.F.);
#25142=STYLED_ITEM('',(#34),#25143);
#25143=ADVANCED_FACE('',(#25149),#25144,.T.);
#25144=PLANE('',#25145);
#25145=AXIS2_PLACEMENT_3D('',#25146,#25147,#25148);
#25146=CARTESIAN_POINT('',(0.6,3.25,0.0));
#25147=DIRECTION('',(-1.0,0.0,0.0));
#25148=DIRECTION('',(0.,0.,1.));
#25149=FACE_OUTER_BOUND('',#25150,.T.);
#25150=EDGE_LOOP('',(#25151,#25161,#25171,#25181,#25191,#25201));
#25154=CARTESIAN_POINT('',(0.6,3.25,0.051));
#25153=VERTEX_POINT('',#25154);
#25156=CARTESIAN_POINT('',(0.6,3.25,0.0));
#25155=VERTEX_POINT('',#25156);
#25152=EDGE_CURVE('',#25153,#25155,#25157,.T.);
#25157=LINE('',#25154,#25159);
#25159=VECTOR('',#25160,0.0508);
#25160=DIRECTION('',(0.0,0.0,-1.0));
#25151=ORIENTED_EDGE('',*,*,#25152,.F.);
#25164=CARTESIAN_POINT('',(0.6,3.55,0.051));
#25163=VERTEX_POINT('',#25164);
#25162=EDGE_CURVE('',#25163,#25153,#25167,.T.);
#25167=LINE('',#25164,#25169);
#25169=VECTOR('',#25170,0.300000921852187);
#25170=DIRECTION('',(0.0,-1.0,0.0));
#25161=ORIENTED_EDGE('',*,*,#25162,.F.);
#25172=EDGE_CURVE('',#24996,#25163,#25177,.T.);
#25177=LINE('',#24997,#25179);
#25179=VECTOR('',#25180,0.0508);
#25180=DIRECTION('',(0.0,0.0,1.0));
#25171=ORIENTED_EDGE('',*,*,#25172,.F.);
#25181=ORIENTED_EDGE('',*,*,#24995,.T.);
#25191=ORIENTED_EDGE('',*,*,#24985,.T.);
#25202=EDGE_CURVE('',#25155,#24986,#25207,.T.);
#25207=LINE('',#25156,#25209);
#25209=VECTOR('',#25210,0.350800921013696);
#25210=DIRECTION('',(0.0,1.0,0.0));
#25201=ORIENTED_EDGE('',*,*,#25202,.F.);
#25211=STYLED_ITEM('color',(#34),#25212);
#25212=ADVANCED_FACE($,(#25218),#25213,.T.);
#25213=PLANE($,#25214);
#25214=AXIS2_PLACEMENT_3D($,#25215,#25216,#25217);
#25215=CARTESIAN_POINT('',(0.9,3.55,0.051));
#25216=DIRECTION('',(0.0,0.0,1.0));
#25217=DIRECTION('',(1.,0.,0.));
#25218=FACE_OUTER_BOUND($,#25219,.T.);
#25219=EDGE_LOOP($,(#25222, #25232, #25242, #25252));
#25222=ORIENTED_EDGE('',*,*,#25113,.T.);
#25233=EDGE_CURVE('',#25163,#25104,#25238,.T.);
#25238=LINE('',#25164,#25240);
#25240=VECTOR('',#25241,0.299999905845577);
#25241=DIRECTION('',(1.0,0.0,0.0));
#25232=ORIENTED_EDGE('',*,*,#25233,.F.);
#25242=ORIENTED_EDGE('',*,*,#25162,.T.);
#25253=EDGE_CURVE($,#25114,#25153,#25258,.T.);
#25258=CIRCLE($,#25259,0.149999954);
#25260=CARTESIAN_POINT('',(0.75,3.25,0.051));
#25259=AXIS2_PLACEMENT_3D($,#25260,#25261,#25262);
#25261=DIRECTION('',(0.0,0.0,-1.0));
#25262=DIRECTION('',(-1.0,0.0,0.0));
#25252=ORIENTED_EDGE('',*,*,#25253,.F.);
#25263=STYLED_ITEM('color',(#34),#25264);
#25264=ADVANCED_FACE($,(#25270),#25265,.T.);
#25265=PLANE($,#25266);
#25266=AXIS2_PLACEMENT_3D($,#25267,#25268,#25269);
#25267=CARTESIAN_POINT('',(0.6,3.25,0.0));
#25268=DIRECTION('',(0.0,0.0,-1.0));
#25269=DIRECTION('',(1.,0.,0.));
#25270=FACE_OUTER_BOUND($,#25271,.T.);
#25271=EDGE_LOOP($,(#25274, #25284, #25294, #25304));
#25274=ORIENTED_EDGE('',*,*,#25202,.T.);
#25284=ORIENTED_EDGE('',*,*,#24985,.T.);
#25294=ORIENTED_EDGE('',*,*,#25133,.T.);
#25305=EDGE_CURVE($,#25155,#25124,#25310,.T.);
#25310=CIRCLE($,#25311,0.149999954);
#25312=CARTESIAN_POINT('',(0.75,3.25,0.0));
#25311=AXIS2_PLACEMENT_3D($,#25312,#25313,#25314);
#25313=DIRECTION('',(0.0,0.0,1.0));
#25314=DIRECTION('',(1.0,0.0,0.0));
#25304=ORIENTED_EDGE('',*,*,#25305,.F.);
#25315=STYLED_ITEM('color',(#34),#25316);
#25316=ADVANCED_FACE($,(#25322),#25317,.T.);
#25317=CYLINDRICAL_SURFACE($,#25318,0.149999954);
#25318=AXIS2_PLACEMENT_3D($,#25319,#25320,#25321);
#25319=CARTESIAN_POINT('',(0.75,3.25,0.0));
#25320=DIRECTION('',(0.,0.,1.));
#25321=DIRECTION('',(0.,1.,0.));
#25322=FACE_OUTER_BOUND($,#25323,.T.);
#25323=EDGE_LOOP($,(#25346, #25324, #25356, #25335));
#25346=ORIENTED_EDGE('',*,*,#25152,.T.);
#25324=ORIENTED_EDGE('',*,*,#25305,.T.);
#25356=ORIENTED_EDGE('',*,*,#25123,.T.);
#25335=ORIENTED_EDGE('',*,*,#25253,.T.);
#25368=STYLED_ITEM('',(#34),#25369);
#25369=ADVANCED_FACE('',(#25375),#25370,.T.);
#25370=PLANE('',#25371);
#25371=AXIS2_PLACEMENT_3D('',#25372,#25373,#25374);
#25372=CARTESIAN_POINT('',(0.9,3.55,0.0));
#25373=DIRECTION('',(0.0,1.0,0.0));
#25374=DIRECTION('',(0.,0.,1.));
#25375=FACE_OUTER_BOUND('',#25376,.T.);
#25376=EDGE_LOOP('',(#25377,#25387,#25397,#25407));
#25377=ORIENTED_EDGE('',*,*,#25005,.T.);
#25387=ORIENTED_EDGE('',*,*,#25172,.T.);
#25397=ORIENTED_EDGE('',*,*,#25233,.T.);
#25407=ORIENTED_EDGE('',*,*,#25103,.T.);
#25835=MANIFOLD_SOLID_BREP($,#25836);
#25836=CLOSED_SHELL('',(#25838,#25887,#25936,#26005,#26074,#26126,#26178,#26231));
#25837=STYLED_ITEM('',(#34),#25838);
#25838=ADVANCED_FACE('',(#25844),#25839,.T.);
#25839=PLANE('',#25840);
#25840=AXIS2_PLACEMENT_3D('',#25841,#25842,#25843);
#25841=CARTESIAN_POINT('',(0.4,3.601,0.0));
#25842=DIRECTION('',(0.0,0.0,1.0));
#25843=DIRECTION('',(0.,1.,0.));
#25844=FACE_OUTER_BOUND('',#25845,.T.);
#25845=EDGE_LOOP('',(#25846,#25856,#25866,#25876));
#25849=CARTESIAN_POINT('',(0.1,3.601,0.0));
#25848=VERTEX_POINT('',#25849);
#25851=CARTESIAN_POINT('',(0.4,3.601,0.0));
#25850=VERTEX_POINT('',#25851);
#25847=EDGE_CURVE('',#25848,#25850,#25852,.T.);
#25852=LINE('',#25849,#25854);
#25854=VECTOR('',#25855,0.299999908);
#25855=DIRECTION('',(1.0,0.0,0.0));
#25846=ORIENTED_EDGE('',*,*,#25847,.F.);
#25859=CARTESIAN_POINT('',(0.1,3.55,0.0));
#25858=VERTEX_POINT('',#25859);
#25857=EDGE_CURVE('',#25858,#25848,#25862,.T.);
#25862=LINE('',#25859,#25864);
#25864=VECTOR('',#25865,0.0507999991615086);
#25865=DIRECTION('',(0.0,1.0,0.0));
#25856=ORIENTED_EDGE('',*,*,#25857,.F.);
#25869=CARTESIAN_POINT('',(0.4,3.55,0.0));
#25868=VERTEX_POINT('',#25869);
#25867=EDGE_CURVE('',#25868,#25858,#25872,.T.);
#25872=LINE('',#25869,#25874);
#25874=VECTOR('',#25875,0.299999905845577);
#25875=DIRECTION('',(-1.0,0.0,0.0));
#25866=ORIENTED_EDGE('',*,*,#25867,.F.);
#25877=EDGE_CURVE('',#25850,#25868,#25882,.T.);
#25882=LINE('',#25851,#25884);
#25884=VECTOR('',#25885,0.0507999991615095);
#25885=DIRECTION('',(0.0,-1.0,0.0));
#25876=ORIENTED_EDGE('',*,*,#25877,.F.);
#25886=STYLED_ITEM('',(#34),#25887);
#25887=ADVANCED_FACE('',(#25893),#25888,.T.);
#25888=PLANE('',#25889);
#25889=AXIS2_PLACEMENT_3D('',#25890,#25891,#25892);
#25890=CARTESIAN_POINT('',(0.4,3.601,0.0));
#25891=DIRECTION('',(1.0,0.0,0.0));
#25892=DIRECTION('',(0.,0.,1.));
#25893=FACE_OUTER_BOUND('',#25894,.T.);
#25894=EDGE_LOOP('',(#25895,#25905,#25915,#25925));
#25895=ORIENTED_EDGE('',*,*,#25847,.F.);
#25905=ORIENTED_EDGE('',*,*,#25847,.T.);
#25915=ORIENTED_EDGE('',*,*,#25847,.T.);
#25925=ORIENTED_EDGE('',*,*,#25847,.T.);
#25935=STYLED_ITEM('',(#34),#25936);
#25936=ADVANCED_FACE('',(#25942),#25937,.T.);
#25937=PLANE('',#25938);
#25938=AXIS2_PLACEMENT_3D('',#25939,#25940,#25941);
#25939=CARTESIAN_POINT('',(0.4,3.601,0.0));
#25940=DIRECTION('',(-1.0,0.0,0.0));
#25941=DIRECTION('',(0.,0.,1.));
#25942=FACE_OUTER_BOUND('',#25943,.T.);
#25943=EDGE_LOOP('',(#25944,#25954,#25964,#25974,#25984,#25994));
#25944=ORIENTED_EDGE('',*,*,#25847,.T.);
#25954=ORIENTED_EDGE('',*,*,#25877,.T.);
#25967=CARTESIAN_POINT('',(0.4,3.55,0.051));
#25966=VERTEX_POINT('',#25967);
#25965=EDGE_CURVE('',#25966,#25868,#25970,.T.);
#25970=LINE('',#25967,#25972);
#25972=VECTOR('',#25973,0.0508);
#25973=DIRECTION('',(0.0,0.0,-1.0));
#25964=ORIENTED_EDGE('',*,*,#25965,.F.);
#25977=CARTESIAN_POINT('',(0.4,3.25,0.051));
#25976=VERTEX_POINT('',#25977);
#25975=EDGE_CURVE('',#25976,#25966,#25980,.T.);
#25980=LINE('',#25977,#25982);
#25982=VECTOR('',#25983,0.300000921852187);
#25983=DIRECTION('',(0.0,1.0,0.0));
#25974=ORIENTED_EDGE('',*,*,#25975,.F.);
#25987=CARTESIAN_POINT('',(0.4,3.25,0.0));
#25986=VERTEX_POINT('',#25987);
#25985=EDGE_CURVE('',#25986,#25976,#25990,.T.);
#25990=LINE('',#25987,#25992);
#25992=VECTOR('',#25993,0.0508);
#25993=DIRECTION('',(0.0,0.0,1.0));
#25984=ORIENTED_EDGE('',*,*,#25985,.F.);
#25995=EDGE_CURVE('',#25850,#25986,#26000,.T.);
#26000=LINE('',#25851,#26002);
#26002=VECTOR('',#26003,0.350800921013696);
#26003=DIRECTION('',(0.0,-1.0,0.0));
#25994=ORIENTED_EDGE('',*,*,#25995,.F.);
#26004=STYLED_ITEM('',(#34),#26005);
#26005=ADVANCED_FACE('',(#26011),#26006,.T.);
#26006=PLANE('',#26007);
#26007=AXIS2_PLACEMENT_3D('',#26008,#26009,#26010);
#26008=CARTESIAN_POINT('',(0.1,3.25,0.0));
#26009=DIRECTION('',(-1.0,0.0,0.0));
#26010=DIRECTION('',(0.,0.,1.));
#26011=FACE_OUTER_BOUND('',#26012,.T.);
#26012=EDGE_LOOP('',(#26013,#26023,#26033,#26043,#26053,#26063));
#26016=CARTESIAN_POINT('',(0.1,3.25,0.051));
#26015=VERTEX_POINT('',#26016);
#26018=CARTESIAN_POINT('',(0.1,3.25,0.0));
#26017=VERTEX_POINT('',#26018);
#26014=EDGE_CURVE('',#26015,#26017,#26019,.T.);
#26019=LINE('',#26016,#26021);
#26021=VECTOR('',#26022,0.0508);
#26022=DIRECTION('',(0.0,0.0,-1.0));
#26013=ORIENTED_EDGE('',*,*,#26014,.F.);
#26026=CARTESIAN_POINT('',(0.1,3.55,0.051));
#26025=VERTEX_POINT('',#26026);
#26024=EDGE_CURVE('',#26025,#26015,#26029,.T.);
#26029=LINE('',#26026,#26031);
#26031=VECTOR('',#26032,0.300000921852187);
#26032=DIRECTION('',(0.0,-1.0,0.0));
#26023=ORIENTED_EDGE('',*,*,#26024,.F.);
#26034=EDGE_CURVE('',#25858,#26025,#26039,.T.);
#26039=LINE('',#25859,#26041);
#26041=VECTOR('',#26042,0.0508);
#26042=DIRECTION('',(0.0,0.0,1.0));
#26033=ORIENTED_EDGE('',*,*,#26034,.F.);
#26043=ORIENTED_EDGE('',*,*,#25857,.T.);
#26053=ORIENTED_EDGE('',*,*,#25847,.T.);
#26064=EDGE_CURVE('',#26017,#25848,#26069,.T.);
#26069=LINE('',#26018,#26071);
#26071=VECTOR('',#26072,0.350800921013696);
#26072=DIRECTION('',(0.0,1.0,0.0));
#26063=ORIENTED_EDGE('',*,*,#26064,.F.);
#26073=STYLED_ITEM('color',(#34),#26074);
#26074=ADVANCED_FACE($,(#26080),#26075,.T.);
#26075=PLANE($,#26076);
#26076=AXIS2_PLACEMENT_3D($,#26077,#26078,#26079);
#26077=CARTESIAN_POINT('',(0.4,3.55,0.051));
#26078=DIRECTION('',(0.0,0.0,1.0));
#26079=DIRECTION('',(1.,0.,0.));
#26080=FACE_OUTER_BOUND($,#26081,.T.);
#26081=EDGE_LOOP($,(#26084, #26094, #26104, #26114));
#26084=ORIENTED_EDGE('',*,*,#25975,.T.);
#26095=EDGE_CURVE('',#26025,#25966,#26100,.T.);
#26100=LINE('',#26026,#26102);
#26102=VECTOR('',#26103,0.299999905845577);
#26103=DIRECTION('',(1.0,0.0,0.0));
#26094=ORIENTED_EDGE('',*,*,#26095,.F.);
#26104=ORIENTED_EDGE('',*,*,#26024,.T.);
#26115=EDGE_CURVE($,#25976,#26015,#26120,.T.);
#26120=CIRCLE($,#26121,0.149999954);
#26122=CARTESIAN_POINT('',(0.25,3.25,0.051));
#26121=AXIS2_PLACEMENT_3D($,#26122,#26123,#26124);
#26123=DIRECTION('',(0.0,0.0,-1.0));
#26124=DIRECTION('',(-1.0,0.0,0.0));
#26114=ORIENTED_EDGE('',*,*,#26115,.F.);
#26125=STYLED_ITEM('color',(#34),#26126);
#26126=ADVANCED_FACE($,(#26132),#26127,.T.);
#26127=PLANE($,#26128);
#26128=AXIS2_PLACEMENT_3D($,#26129,#26130,#26131);
#26129=CARTESIAN_POINT('',(0.1,3.25,0.0));
#26130=DIRECTION('',(0.0,0.0,-1.0));
#26131=DIRECTION('',(1.,0.,0.));
#26132=FACE_OUTER_BOUND($,#26133,.T.);
#26133=EDGE_LOOP($,(#26136, #26146, #26156, #26166));
#26136=ORIENTED_EDGE('',*,*,#26064,.T.);
#26146=ORIENTED_EDGE('',*,*,#25847,.T.);
#26156=ORIENTED_EDGE('',*,*,#25995,.T.);
#26167=EDGE_CURVE($,#26017,#25986,#26172,.T.);
#26172=CIRCLE($,#26173,0.149999954);
#26174=CARTESIAN_POINT('',(0.25,3.25,0.0));
#26173=AXIS2_PLACEMENT_3D($,#26174,#26175,#26176);
#26175=DIRECTION('',(0.0,0.0,1.0));
#26176=DIRECTION('',(1.0,0.0,0.0));
#26166=ORIENTED_EDGE('',*,*,#26167,.F.);
#26177=STYLED_ITEM('color',(#34),#26178);
#26178=ADVANCED_FACE($,(#26184),#26179,.T.);
#26179=CYLINDRICAL_SURFACE($,#26180,0.149999954);
#26180=AXIS2_PLACEMENT_3D($,#26181,#26182,#26183);
#26181=CARTESIAN_POINT('',(0.25,3.25,0.0));
#26182=DIRECTION('',(0.,0.,1.));
#26183=DIRECTION('',(0.,1.,0.));
#26184=FACE_OUTER_BOUND($,#26185,.T.);
#26185=EDGE_LOOP($,(#26208, #26186, #26218, #26197));
#26208=ORIENTED_EDGE('',*,*,#26014,.T.);
#26186=ORIENTED_EDGE('',*,*,#26167,.T.);
#26218=ORIENTED_EDGE('',*,*,#25985,.T.);
#26197=ORIENTED_EDGE('',*,*,#26115,.T.);
#26230=STYLED_ITEM('',(#34),#26231);
#26231=ADVANCED_FACE('',(#26237),#26232,.T.);
#26232=PLANE('',#26233);
#26233=AXIS2_PLACEMENT_3D('',#26234,#26235,#26236);
#26234=CARTESIAN_POINT('',(0.4,3.55,0.0));
#26235=DIRECTION('',(0.0,1.0,0.0));
#26236=DIRECTION('',(0.,0.,1.));
#26237=FACE_OUTER_BOUND('',#26238,.T.);
#26238=EDGE_LOOP('',(#26239,#26249,#26259,#26269));
#26239=ORIENTED_EDGE('',*,*,#25867,.T.);
#26249=ORIENTED_EDGE('',*,*,#26034,.T.);
#26259=ORIENTED_EDGE('',*,*,#26095,.T.);
#26269=ORIENTED_EDGE('',*,*,#25965,.T.);
#26697=MANIFOLD_SOLID_BREP($,#26698);
#26698=CLOSED_SHELL('',(#26700,#26749,#26798,#26867,#26936,#26988,#27040,#27093));
#26699=STYLED_ITEM('',(#34),#26700);
#26700=ADVANCED_FACE('',(#26706),#26701,.T.);
#26701=PLANE('',#26702);
#26702=AXIS2_PLACEMENT_3D('',#26703,#26704,#26705);
#26703=CARTESIAN_POINT('',(-0.1,3.601,0.0));
#26704=DIRECTION('',(0.0,0.0,1.0));
#26705=DIRECTION('',(0.,1.,0.));
#26706=FACE_OUTER_BOUND('',#26707,.T.);
#26707=EDGE_LOOP('',(#26708,#26718,#26728,#26738));
#26711=CARTESIAN_POINT('',(-0.4,3.601,0.0));
#26710=VERTEX_POINT('',#26711);
#26713=CARTESIAN_POINT('',(-0.1,3.601,0.0));
#26712=VERTEX_POINT('',#26713);
#26709=EDGE_CURVE('',#26710,#26712,#26714,.T.);
#26714=LINE('',#26711,#26716);
#26716=VECTOR('',#26717,0.299999908);
#26717=DIRECTION('',(1.0,0.0,0.0));
#26708=ORIENTED_EDGE('',*,*,#26709,.F.);
#26721=CARTESIAN_POINT('',(-0.4,3.55,0.0));
#26720=VERTEX_POINT('',#26721);
#26719=EDGE_CURVE('',#26720,#26710,#26724,.T.);
#26724=LINE('',#26721,#26726);
#26726=VECTOR('',#26727,0.0507999991615086);
#26727=DIRECTION('',(0.0,1.0,0.0));
#26718=ORIENTED_EDGE('',*,*,#26719,.F.);
#26731=CARTESIAN_POINT('',(-0.1,3.55,0.0));
#26730=VERTEX_POINT('',#26731);
#26729=EDGE_CURVE('',#26730,#26720,#26734,.T.);
#26734=LINE('',#26731,#26736);
#26736=VECTOR('',#26737,0.299999905845577);
#26737=DIRECTION('',(-1.0,0.0,0.0));
#26728=ORIENTED_EDGE('',*,*,#26729,.F.);
#26739=EDGE_CURVE('',#26712,#26730,#26744,.T.);
#26744=LINE('',#26713,#26746);
#26746=VECTOR('',#26747,0.0507999991615095);
#26747=DIRECTION('',(0.0,-1.0,0.0));
#26738=ORIENTED_EDGE('',*,*,#26739,.F.);
#26748=STYLED_ITEM('',(#34),#26749);
#26749=ADVANCED_FACE('',(#26755),#26750,.T.);
#26750=PLANE('',#26751);
#26751=AXIS2_PLACEMENT_3D('',#26752,#26753,#26754);
#26752=CARTESIAN_POINT('',(-0.1,3.601,0.0));
#26753=DIRECTION('',(1.0,0.0,0.0));
#26754=DIRECTION('',(0.,0.,1.));
#26755=FACE_OUTER_BOUND('',#26756,.T.);
#26756=EDGE_LOOP('',(#26757,#26767,#26777,#26787));
#26757=ORIENTED_EDGE('',*,*,#26709,.F.);
#26767=ORIENTED_EDGE('',*,*,#26709,.T.);
#26777=ORIENTED_EDGE('',*,*,#26709,.T.);
#26787=ORIENTED_EDGE('',*,*,#26709,.T.);
#26797=STYLED_ITEM('',(#34),#26798);
#26798=ADVANCED_FACE('',(#26804),#26799,.T.);
#26799=PLANE('',#26800);
#26800=AXIS2_PLACEMENT_3D('',#26801,#26802,#26803);
#26801=CARTESIAN_POINT('',(-0.1,3.601,0.0));
#26802=DIRECTION('',(-1.0,0.0,0.0));
#26803=DIRECTION('',(0.,0.,1.));
#26804=FACE_OUTER_BOUND('',#26805,.T.);
#26805=EDGE_LOOP('',(#26806,#26816,#26826,#26836,#26846,#26856));
#26806=ORIENTED_EDGE('',*,*,#26709,.T.);
#26816=ORIENTED_EDGE('',*,*,#26739,.T.);
#26829=CARTESIAN_POINT('',(-0.1,3.55,0.051));
#26828=VERTEX_POINT('',#26829);
#26827=EDGE_CURVE('',#26828,#26730,#26832,.T.);
#26832=LINE('',#26829,#26834);
#26834=VECTOR('',#26835,0.0508);
#26835=DIRECTION('',(0.0,0.0,-1.0));
#26826=ORIENTED_EDGE('',*,*,#26827,.F.);
#26839=CARTESIAN_POINT('',(-0.1,3.25,0.051));
#26838=VERTEX_POINT('',#26839);
#26837=EDGE_CURVE('',#26838,#26828,#26842,.T.);
#26842=LINE('',#26839,#26844);
#26844=VECTOR('',#26845,0.300000921852187);
#26845=DIRECTION('',(0.0,1.0,0.0));
#26836=ORIENTED_EDGE('',*,*,#26837,.F.);
#26849=CARTESIAN_POINT('',(-0.1,3.25,0.0));
#26848=VERTEX_POINT('',#26849);
#26847=EDGE_CURVE('',#26848,#26838,#26852,.T.);
#26852=LINE('',#26849,#26854);
#26854=VECTOR('',#26855,0.0508);
#26855=DIRECTION('',(0.0,0.0,1.0));
#26846=ORIENTED_EDGE('',*,*,#26847,.F.);
#26857=EDGE_CURVE('',#26712,#26848,#26862,.T.);
#26862=LINE('',#26713,#26864);
#26864=VECTOR('',#26865,0.350800921013696);
#26865=DIRECTION('',(0.0,-1.0,0.0));
#26856=ORIENTED_EDGE('',*,*,#26857,.F.);
#26866=STYLED_ITEM('',(#34),#26867);
#26867=ADVANCED_FACE('',(#26873),#26868,.T.);
#26868=PLANE('',#26869);
#26869=AXIS2_PLACEMENT_3D('',#26870,#26871,#26872);
#26870=CARTESIAN_POINT('',(-0.4,3.25,0.0));
#26871=DIRECTION('',(-1.0,0.0,0.0));
#26872=DIRECTION('',(0.,0.,1.));
#26873=FACE_OUTER_BOUND('',#26874,.T.);
#26874=EDGE_LOOP('',(#26875,#26885,#26895,#26905,#26915,#26925));
#26878=CARTESIAN_POINT('',(-0.4,3.25,0.051));
#26877=VERTEX_POINT('',#26878);
#26880=CARTESIAN_POINT('',(-0.4,3.25,0.0));
#26879=VERTEX_POINT('',#26880);
#26876=EDGE_CURVE('',#26877,#26879,#26881,.T.);
#26881=LINE('',#26878,#26883);
#26883=VECTOR('',#26884,0.0508);
#26884=DIRECTION('',(0.0,0.0,-1.0));
#26875=ORIENTED_EDGE('',*,*,#26876,.F.);
#26888=CARTESIAN_POINT('',(-0.4,3.55,0.051));
#26887=VERTEX_POINT('',#26888);
#26886=EDGE_CURVE('',#26887,#26877,#26891,.T.);
#26891=LINE('',#26888,#26893);
#26893=VECTOR('',#26894,0.300000921852187);
#26894=DIRECTION('',(0.0,-1.0,0.0));
#26885=ORIENTED_EDGE('',*,*,#26886,.F.);
#26896=EDGE_CURVE('',#26720,#26887,#26901,.T.);
#26901=LINE('',#26721,#26903);
#26903=VECTOR('',#26904,0.0508);
#26904=DIRECTION('',(0.0,0.0,1.0));
#26895=ORIENTED_EDGE('',*,*,#26896,.F.);
#26905=ORIENTED_EDGE('',*,*,#26719,.T.);
#26915=ORIENTED_EDGE('',*,*,#26709,.T.);
#26926=EDGE_CURVE('',#26879,#26710,#26931,.T.);
#26931=LINE('',#26880,#26933);
#26933=VECTOR('',#26934,0.350800921013696);
#26934=DIRECTION('',(0.0,1.0,0.0));
#26925=ORIENTED_EDGE('',*,*,#26926,.F.);
#26935=STYLED_ITEM('color',(#34),#26936);
#26936=ADVANCED_FACE($,(#26942),#26937,.T.);
#26937=PLANE($,#26938);
#26938=AXIS2_PLACEMENT_3D($,#26939,#26940,#26941);
#26939=CARTESIAN_POINT('',(-0.1,3.55,0.051));
#26940=DIRECTION('',(0.0,0.0,1.0));
#26941=DIRECTION('',(1.,0.,0.));
#26942=FACE_OUTER_BOUND($,#26943,.T.);
#26943=EDGE_LOOP($,(#26946, #26956, #26966, #26976));
#26946=ORIENTED_EDGE('',*,*,#26837,.T.);
#26957=EDGE_CURVE('',#26887,#26828,#26962,.T.);
#26962=LINE('',#26888,#26964);
#26964=VECTOR('',#26965,0.299999905845577);
#26965=DIRECTION('',(1.0,0.0,0.0));
#26956=ORIENTED_EDGE('',*,*,#26957,.F.);
#26966=ORIENTED_EDGE('',*,*,#26886,.T.);
#26977=EDGE_CURVE($,#26838,#26877,#26982,.T.);
#26982=CIRCLE($,#26983,0.149999954);
#26984=CARTESIAN_POINT('',(-0.25,3.25,0.051));
#26983=AXIS2_PLACEMENT_3D($,#26984,#26985,#26986);
#26985=DIRECTION('',(0.0,0.0,-1.0));
#26986=DIRECTION('',(-1.0,0.0,0.0));
#26976=ORIENTED_EDGE('',*,*,#26977,.F.);
#26987=STYLED_ITEM('color',(#34),#26988);
#26988=ADVANCED_FACE($,(#26994),#26989,.T.);
#26989=PLANE($,#26990);
#26990=AXIS2_PLACEMENT_3D($,#26991,#26992,#26993);
#26991=CARTESIAN_POINT('',(-0.4,3.25,0.0));
#26992=DIRECTION('',(0.0,0.0,-1.0));
#26993=DIRECTION('',(1.,0.,0.));
#26994=FACE_OUTER_BOUND($,#26995,.T.);
#26995=EDGE_LOOP($,(#26998, #27008, #27018, #27028));
#26998=ORIENTED_EDGE('',*,*,#26926,.T.);
#27008=ORIENTED_EDGE('',*,*,#26709,.T.);
#27018=ORIENTED_EDGE('',*,*,#26857,.T.);
#27029=EDGE_CURVE($,#26879,#26848,#27034,.T.);
#27034=CIRCLE($,#27035,0.149999954);
#27036=CARTESIAN_POINT('',(-0.25,3.25,0.0));
#27035=AXIS2_PLACEMENT_3D($,#27036,#27037,#27038);
#27037=DIRECTION('',(0.0,0.0,1.0));
#27038=DIRECTION('',(1.0,0.0,0.0));
#27028=ORIENTED_EDGE('',*,*,#27029,.F.);
#27039=STYLED_ITEM('color',(#34),#27040);
#27040=ADVANCED_FACE($,(#27046),#27041,.T.);
#27041=CYLINDRICAL_SURFACE($,#27042,0.149999954);
#27042=AXIS2_PLACEMENT_3D($,#27043,#27044,#27045);
#27043=CARTESIAN_POINT('',(-0.25,3.25,0.0));
#27044=DIRECTION('',(0.,0.,1.));
#27045=DIRECTION('',(0.,1.,0.));
#27046=FACE_OUTER_BOUND($,#27047,.T.);
#27047=EDGE_LOOP($,(#27070, #27048, #27080, #27059));
#27070=ORIENTED_EDGE('',*,*,#26876,.T.);
#27048=ORIENTED_EDGE('',*,*,#27029,.T.);
#27080=ORIENTED_EDGE('',*,*,#26847,.T.);
#27059=ORIENTED_EDGE('',*,*,#26977,.T.);
#27092=STYLED_ITEM('',(#34),#27093);
#27093=ADVANCED_FACE('',(#27099),#27094,.T.);
#27094=PLANE('',#27095);
#27095=AXIS2_PLACEMENT_3D('',#27096,#27097,#27098);
#27096=CARTESIAN_POINT('',(-0.1,3.55,0.0));
#27097=DIRECTION('',(0.0,1.0,0.0));
#27098=DIRECTION('',(0.,0.,1.));
#27099=FACE_OUTER_BOUND('',#27100,.T.);
#27100=EDGE_LOOP('',(#27101,#27111,#27121,#27131));
#27101=ORIENTED_EDGE('',*,*,#26729,.T.);
#27111=ORIENTED_EDGE('',*,*,#26896,.T.);
#27121=ORIENTED_EDGE('',*,*,#26957,.T.);
#27131=ORIENTED_EDGE('',*,*,#26827,.T.);
#27559=MANIFOLD_SOLID_BREP($,#27560);
#27560=CLOSED_SHELL('',(#27562,#27611,#27660,#27729,#27798,#27850,#27902,#27955));
#27561=STYLED_ITEM('',(#34),#27562);
#27562=ADVANCED_FACE('',(#27568),#27563,.T.);
#27563=PLANE('',#27564);
#27564=AXIS2_PLACEMENT_3D('',#27565,#27566,#27567);
#27565=CARTESIAN_POINT('',(-0.6,3.601,0.0));
#27566=DIRECTION('',(0.0,0.0,1.0));
#27567=DIRECTION('',(0.,1.,0.));
#27568=FACE_OUTER_BOUND('',#27569,.T.);
#27569=EDGE_LOOP('',(#27570,#27580,#27590,#27600));
#27573=CARTESIAN_POINT('',(-0.9,3.601,0.0));
#27572=VERTEX_POINT('',#27573);
#27575=CARTESIAN_POINT('',(-0.6,3.601,0.0));
#27574=VERTEX_POINT('',#27575);
#27571=EDGE_CURVE('',#27572,#27574,#27576,.T.);
#27576=LINE('',#27573,#27578);
#27578=VECTOR('',#27579,0.299999908);
#27579=DIRECTION('',(1.0,0.0,0.0));
#27570=ORIENTED_EDGE('',*,*,#27571,.F.);
#27583=CARTESIAN_POINT('',(-0.9,3.55,0.0));
#27582=VERTEX_POINT('',#27583);
#27581=EDGE_CURVE('',#27582,#27572,#27586,.T.);
#27586=LINE('',#27583,#27588);
#27588=VECTOR('',#27589,0.0507999991615086);
#27589=DIRECTION('',(0.0,1.0,0.0));
#27580=ORIENTED_EDGE('',*,*,#27581,.F.);
#27593=CARTESIAN_POINT('',(-0.6,3.55,0.0));
#27592=VERTEX_POINT('',#27593);
#27591=EDGE_CURVE('',#27592,#27582,#27596,.T.);
#27596=LINE('',#27593,#27598);
#27598=VECTOR('',#27599,0.299999905845577);
#27599=DIRECTION('',(-1.0,0.0,0.0));
#27590=ORIENTED_EDGE('',*,*,#27591,.F.);
#27601=EDGE_CURVE('',#27574,#27592,#27606,.T.);
#27606=LINE('',#27575,#27608);
#27608=VECTOR('',#27609,0.0507999991615095);
#27609=DIRECTION('',(0.0,-1.0,0.0));
#27600=ORIENTED_EDGE('',*,*,#27601,.F.);
#27610=STYLED_ITEM('',(#34),#27611);
#27611=ADVANCED_FACE('',(#27617),#27612,.T.);
#27612=PLANE('',#27613);
#27613=AXIS2_PLACEMENT_3D('',#27614,#27615,#27616);
#27614=CARTESIAN_POINT('',(-0.6,3.601,0.0));
#27615=DIRECTION('',(1.0,0.0,0.0));
#27616=DIRECTION('',(0.,0.,1.));
#27617=FACE_OUTER_BOUND('',#27618,.T.);
#27618=EDGE_LOOP('',(#27619,#27629,#27639,#27649));
#27619=ORIENTED_EDGE('',*,*,#27571,.F.);
#27629=ORIENTED_EDGE('',*,*,#27571,.T.);
#27639=ORIENTED_EDGE('',*,*,#27571,.T.);
#27649=ORIENTED_EDGE('',*,*,#27571,.T.);
#27659=STYLED_ITEM('',(#34),#27660);
#27660=ADVANCED_FACE('',(#27666),#27661,.T.);
#27661=PLANE('',#27662);
#27662=AXIS2_PLACEMENT_3D('',#27663,#27664,#27665);
#27663=CARTESIAN_POINT('',(-0.6,3.601,0.0));
#27664=DIRECTION('',(-1.0,0.0,0.0));
#27665=DIRECTION('',(0.,0.,1.));
#27666=FACE_OUTER_BOUND('',#27667,.T.);
#27667=EDGE_LOOP('',(#27668,#27678,#27688,#27698,#27708,#27718));
#27668=ORIENTED_EDGE('',*,*,#27571,.T.);
#27678=ORIENTED_EDGE('',*,*,#27601,.T.);
#27691=CARTESIAN_POINT('',(-0.6,3.55,0.051));
#27690=VERTEX_POINT('',#27691);
#27689=EDGE_CURVE('',#27690,#27592,#27694,.T.);
#27694=LINE('',#27691,#27696);
#27696=VECTOR('',#27697,0.0508);
#27697=DIRECTION('',(0.0,0.0,-1.0));
#27688=ORIENTED_EDGE('',*,*,#27689,.F.);
#27701=CARTESIAN_POINT('',(-0.6,3.25,0.051));
#27700=VERTEX_POINT('',#27701);
#27699=EDGE_CURVE('',#27700,#27690,#27704,.T.);
#27704=LINE('',#27701,#27706);
#27706=VECTOR('',#27707,0.300000921852187);
#27707=DIRECTION('',(0.0,1.0,0.0));
#27698=ORIENTED_EDGE('',*,*,#27699,.F.);
#27711=CARTESIAN_POINT('',(-0.6,3.25,0.0));
#27710=VERTEX_POINT('',#27711);
#27709=EDGE_CURVE('',#27710,#27700,#27714,.T.);
#27714=LINE('',#27711,#27716);
#27716=VECTOR('',#27717,0.0508);
#27717=DIRECTION('',(0.0,0.0,1.0));
#27708=ORIENTED_EDGE('',*,*,#27709,.F.);
#27719=EDGE_CURVE('',#27574,#27710,#27724,.T.);
#27724=LINE('',#27575,#27726);
#27726=VECTOR('',#27727,0.350800921013696);
#27727=DIRECTION('',(0.0,-1.0,0.0));
#27718=ORIENTED_EDGE('',*,*,#27719,.F.);
#27728=STYLED_ITEM('',(#34),#27729);
#27729=ADVANCED_FACE('',(#27735),#27730,.T.);
#27730=PLANE('',#27731);
#27731=AXIS2_PLACEMENT_3D('',#27732,#27733,#27734);
#27732=CARTESIAN_POINT('',(-0.9,3.25,0.0));
#27733=DIRECTION('',(-1.0,0.0,0.0));
#27734=DIRECTION('',(0.,0.,1.));
#27735=FACE_OUTER_BOUND('',#27736,.T.);
#27736=EDGE_LOOP('',(#27737,#27747,#27757,#27767,#27777,#27787));
#27740=CARTESIAN_POINT('',(-0.9,3.25,0.051));
#27739=VERTEX_POINT('',#27740);
#27742=CARTESIAN_POINT('',(-0.9,3.25,0.0));
#27741=VERTEX_POINT('',#27742);
#27738=EDGE_CURVE('',#27739,#27741,#27743,.T.);
#27743=LINE('',#27740,#27745);
#27745=VECTOR('',#27746,0.0508);
#27746=DIRECTION('',(0.0,0.0,-1.0));
#27737=ORIENTED_EDGE('',*,*,#27738,.F.);
#27750=CARTESIAN_POINT('',(-0.9,3.55,0.051));
#27749=VERTEX_POINT('',#27750);
#27748=EDGE_CURVE('',#27749,#27739,#27753,.T.);
#27753=LINE('',#27750,#27755);
#27755=VECTOR('',#27756,0.300000921852187);
#27756=DIRECTION('',(0.0,-1.0,0.0));
#27747=ORIENTED_EDGE('',*,*,#27748,.F.);
#27758=EDGE_CURVE('',#27582,#27749,#27763,.T.);
#27763=LINE('',#27583,#27765);
#27765=VECTOR('',#27766,0.0508);
#27766=DIRECTION('',(0.0,0.0,1.0));
#27757=ORIENTED_EDGE('',*,*,#27758,.F.);
#27767=ORIENTED_EDGE('',*,*,#27581,.T.);
#27777=ORIENTED_EDGE('',*,*,#27571,.T.);
#27788=EDGE_CURVE('',#27741,#27572,#27793,.T.);
#27793=LINE('',#27742,#27795);
#27795=VECTOR('',#27796,0.350800921013696);
#27796=DIRECTION('',(0.0,1.0,0.0));
#27787=ORIENTED_EDGE('',*,*,#27788,.F.);
#27797=STYLED_ITEM('color',(#34),#27798);
#27798=ADVANCED_FACE($,(#27804),#27799,.T.);
#27799=PLANE($,#27800);
#27800=AXIS2_PLACEMENT_3D($,#27801,#27802,#27803);
#27801=CARTESIAN_POINT('',(-0.6,3.55,0.051));
#27802=DIRECTION('',(0.0,0.0,1.0));
#27803=DIRECTION('',(1.,0.,0.));
#27804=FACE_OUTER_BOUND($,#27805,.T.);
#27805=EDGE_LOOP($,(#27808, #27818, #27828, #27838));
#27808=ORIENTED_EDGE('',*,*,#27699,.T.);
#27819=EDGE_CURVE('',#27749,#27690,#27824,.T.);
#27824=LINE('',#27750,#27826);
#27826=VECTOR('',#27827,0.299999905845577);
#27827=DIRECTION('',(1.0,0.0,0.0));
#27818=ORIENTED_EDGE('',*,*,#27819,.F.);
#27828=ORIENTED_EDGE('',*,*,#27748,.T.);
#27839=EDGE_CURVE($,#27700,#27739,#27844,.T.);
#27844=CIRCLE($,#27845,0.149999954);
#27846=CARTESIAN_POINT('',(-0.75,3.25,0.051));
#27845=AXIS2_PLACEMENT_3D($,#27846,#27847,#27848);
#27847=DIRECTION('',(0.0,0.0,-1.0));
#27848=DIRECTION('',(-1.0,0.0,0.0));
#27838=ORIENTED_EDGE('',*,*,#27839,.F.);
#27849=STYLED_ITEM('color',(#34),#27850);
#27850=ADVANCED_FACE($,(#27856),#27851,.T.);
#27851=PLANE($,#27852);
#27852=AXIS2_PLACEMENT_3D($,#27853,#27854,#27855);
#27853=CARTESIAN_POINT('',(-0.9,3.25,0.0));
#27854=DIRECTION('',(0.0,0.0,-1.0));
#27855=DIRECTION('',(1.,0.,0.));
#27856=FACE_OUTER_BOUND($,#27857,.T.);
#27857=EDGE_LOOP($,(#27860, #27870, #27880, #27890));
#27860=ORIENTED_EDGE('',*,*,#27788,.T.);
#27870=ORIENTED_EDGE('',*,*,#27571,.T.);
#27880=ORIENTED_EDGE('',*,*,#27719,.T.);
#27891=EDGE_CURVE($,#27741,#27710,#27896,.T.);
#27896=CIRCLE($,#27897,0.149999954);
#27898=CARTESIAN_POINT('',(-0.75,3.25,0.0));
#27897=AXIS2_PLACEMENT_3D($,#27898,#27899,#27900);
#27899=DIRECTION('',(0.0,0.0,1.0));
#27900=DIRECTION('',(1.0,0.0,0.0));
#27890=ORIENTED_EDGE('',*,*,#27891,.F.);
#27901=STYLED_ITEM('color',(#34),#27902);
#27902=ADVANCED_FACE($,(#27908),#27903,.T.);
#27903=CYLINDRICAL_SURFACE($,#27904,0.149999954);
#27904=AXIS2_PLACEMENT_3D($,#27905,#27906,#27907);
#27905=CARTESIAN_POINT('',(-0.75,3.25,0.0));
#27906=DIRECTION('',(0.,0.,1.));
#27907=DIRECTION('',(0.,1.,0.));
#27908=FACE_OUTER_BOUND($,#27909,.T.);
#27909=EDGE_LOOP($,(#27932, #27910, #27942, #27921));
#27932=ORIENTED_EDGE('',*,*,#27738,.T.);
#27910=ORIENTED_EDGE('',*,*,#27891,.T.);
#27942=ORIENTED_EDGE('',*,*,#27709,.T.);
#27921=ORIENTED_EDGE('',*,*,#27839,.T.);
#27954=STYLED_ITEM('',(#34),#27955);
#27955=ADVANCED_FACE('',(#27961),#27956,.T.);
#27956=PLANE('',#27957);
#27957=AXIS2_PLACEMENT_3D('',#27958,#27959,#27960);
#27958=CARTESIAN_POINT('',(-0.6,3.55,0.0));
#27959=DIRECTION('',(0.0,1.0,0.0));
#27960=DIRECTION('',(0.,0.,1.));
#27961=FACE_OUTER_BOUND('',#27962,.T.);
#27962=EDGE_LOOP('',(#27963,#27973,#27983,#27993));
#27963=ORIENTED_EDGE('',*,*,#27591,.T.);
#27973=ORIENTED_EDGE('',*,*,#27758,.T.);
#27983=ORIENTED_EDGE('',*,*,#27819,.T.);
#27993=ORIENTED_EDGE('',*,*,#27689,.T.);
#28421=MANIFOLD_SOLID_BREP($,#28422);
#28422=CLOSED_SHELL('',(#28424,#28473,#28522,#28591,#28660,#28712,#28764,#28817));
#28423=STYLED_ITEM('',(#34),#28424);
#28424=ADVANCED_FACE('',(#28430),#28425,.T.);
#28425=PLANE('',#28426);
#28426=AXIS2_PLACEMENT_3D('',#28427,#28428,#28429);
#28427=CARTESIAN_POINT('',(-1.1,3.601,0.0));
#28428=DIRECTION('',(0.0,0.0,1.0));
#28429=DIRECTION('',(0.,1.,0.));
#28430=FACE_OUTER_BOUND('',#28431,.T.);
#28431=EDGE_LOOP('',(#28432,#28442,#28452,#28462));
#28435=CARTESIAN_POINT('',(-1.4,3.601,0.0));
#28434=VERTEX_POINT('',#28435);
#28437=CARTESIAN_POINT('',(-1.1,3.601,0.0));
#28436=VERTEX_POINT('',#28437);
#28433=EDGE_CURVE('',#28434,#28436,#28438,.T.);
#28438=LINE('',#28435,#28440);
#28440=VECTOR('',#28441,0.299999908);
#28441=DIRECTION('',(1.0,0.0,0.0));
#28432=ORIENTED_EDGE('',*,*,#28433,.F.);
#28445=CARTESIAN_POINT('',(-1.4,3.55,0.0));
#28444=VERTEX_POINT('',#28445);
#28443=EDGE_CURVE('',#28444,#28434,#28448,.T.);
#28448=LINE('',#28445,#28450);
#28450=VECTOR('',#28451,0.0507999991615086);
#28451=DIRECTION('',(0.0,1.0,0.0));
#28442=ORIENTED_EDGE('',*,*,#28443,.F.);
#28455=CARTESIAN_POINT('',(-1.1,3.55,0.0));
#28454=VERTEX_POINT('',#28455);
#28453=EDGE_CURVE('',#28454,#28444,#28458,.T.);
#28458=LINE('',#28455,#28460);
#28460=VECTOR('',#28461,0.299999905845577);
#28461=DIRECTION('',(-1.0,0.0,0.0));
#28452=ORIENTED_EDGE('',*,*,#28453,.F.);
#28463=EDGE_CURVE('',#28436,#28454,#28468,.T.);
#28468=LINE('',#28437,#28470);
#28470=VECTOR('',#28471,0.0507999991615095);
#28471=DIRECTION('',(0.0,-1.0,0.0));
#28462=ORIENTED_EDGE('',*,*,#28463,.F.);
#28472=STYLED_ITEM('',(#34),#28473);
#28473=ADVANCED_FACE('',(#28479),#28474,.T.);
#28474=PLANE('',#28475);
#28475=AXIS2_PLACEMENT_3D('',#28476,#28477,#28478);
#28476=CARTESIAN_POINT('',(-1.1,3.601,0.0));
#28477=DIRECTION('',(1.0,0.0,0.0));
#28478=DIRECTION('',(0.,0.,1.));
#28479=FACE_OUTER_BOUND('',#28480,.T.);
#28480=EDGE_LOOP('',(#28481,#28491,#28501,#28511));
#28481=ORIENTED_EDGE('',*,*,#28433,.F.);
#28491=ORIENTED_EDGE('',*,*,#28433,.T.);
#28501=ORIENTED_EDGE('',*,*,#28433,.T.);
#28511=ORIENTED_EDGE('',*,*,#28433,.T.);
#28521=STYLED_ITEM('',(#34),#28522);
#28522=ADVANCED_FACE('',(#28528),#28523,.T.);
#28523=PLANE('',#28524);
#28524=AXIS2_PLACEMENT_3D('',#28525,#28526,#28527);
#28525=CARTESIAN_POINT('',(-1.1,3.601,0.0));
#28526=DIRECTION('',(-1.0,0.0,0.0));
#28527=DIRECTION('',(0.,0.,1.));
#28528=FACE_OUTER_BOUND('',#28529,.T.);
#28529=EDGE_LOOP('',(#28530,#28540,#28550,#28560,#28570,#28580));
#28530=ORIENTED_EDGE('',*,*,#28433,.T.);
#28540=ORIENTED_EDGE('',*,*,#28463,.T.);
#28553=CARTESIAN_POINT('',(-1.1,3.55,0.051));
#28552=VERTEX_POINT('',#28553);
#28551=EDGE_CURVE('',#28552,#28454,#28556,.T.);
#28556=LINE('',#28553,#28558);
#28558=VECTOR('',#28559,0.0508);
#28559=DIRECTION('',(0.0,0.0,-1.0));
#28550=ORIENTED_EDGE('',*,*,#28551,.F.);
#28563=CARTESIAN_POINT('',(-1.1,3.25,0.051));
#28562=VERTEX_POINT('',#28563);
#28561=EDGE_CURVE('',#28562,#28552,#28566,.T.);
#28566=LINE('',#28563,#28568);
#28568=VECTOR('',#28569,0.300000921852187);
#28569=DIRECTION('',(0.0,1.0,0.0));
#28560=ORIENTED_EDGE('',*,*,#28561,.F.);
#28573=CARTESIAN_POINT('',(-1.1,3.25,0.0));
#28572=VERTEX_POINT('',#28573);
#28571=EDGE_CURVE('',#28572,#28562,#28576,.T.);
#28576=LINE('',#28573,#28578);
#28578=VECTOR('',#28579,0.0508);
#28579=DIRECTION('',(0.0,0.0,1.0));
#28570=ORIENTED_EDGE('',*,*,#28571,.F.);
#28581=EDGE_CURVE('',#28436,#28572,#28586,.T.);
#28586=LINE('',#28437,#28588);
#28588=VECTOR('',#28589,0.350800921013696);
#28589=DIRECTION('',(0.0,-1.0,0.0));
#28580=ORIENTED_EDGE('',*,*,#28581,.F.);
#28590=STYLED_ITEM('',(#34),#28591);
#28591=ADVANCED_FACE('',(#28597),#28592,.T.);
#28592=PLANE('',#28593);
#28593=AXIS2_PLACEMENT_3D('',#28594,#28595,#28596);
#28594=CARTESIAN_POINT('',(-1.4,3.25,0.0));
#28595=DIRECTION('',(-1.0,0.0,0.0));
#28596=DIRECTION('',(0.,0.,1.));
#28597=FACE_OUTER_BOUND('',#28598,.T.);
#28598=EDGE_LOOP('',(#28599,#28609,#28619,#28629,#28639,#28649));
#28602=CARTESIAN_POINT('',(-1.4,3.25,0.051));
#28601=VERTEX_POINT('',#28602);
#28604=CARTESIAN_POINT('',(-1.4,3.25,0.0));
#28603=VERTEX_POINT('',#28604);
#28600=EDGE_CURVE('',#28601,#28603,#28605,.T.);
#28605=LINE('',#28602,#28607);
#28607=VECTOR('',#28608,0.0508);
#28608=DIRECTION('',(0.0,0.0,-1.0));
#28599=ORIENTED_EDGE('',*,*,#28600,.F.);
#28612=CARTESIAN_POINT('',(-1.4,3.55,0.051));
#28611=VERTEX_POINT('',#28612);
#28610=EDGE_CURVE('',#28611,#28601,#28615,.T.);
#28615=LINE('',#28612,#28617);
#28617=VECTOR('',#28618,0.300000921852187);
#28618=DIRECTION('',(0.0,-1.0,0.0));
#28609=ORIENTED_EDGE('',*,*,#28610,.F.);
#28620=EDGE_CURVE('',#28444,#28611,#28625,.T.);
#28625=LINE('',#28445,#28627);
#28627=VECTOR('',#28628,0.0508);
#28628=DIRECTION('',(0.0,0.0,1.0));
#28619=ORIENTED_EDGE('',*,*,#28620,.F.);
#28629=ORIENTED_EDGE('',*,*,#28443,.T.);
#28639=ORIENTED_EDGE('',*,*,#28433,.T.);
#28650=EDGE_CURVE('',#28603,#28434,#28655,.T.);
#28655=LINE('',#28604,#28657);
#28657=VECTOR('',#28658,0.350800921013696);
#28658=DIRECTION('',(0.0,1.0,0.0));
#28649=ORIENTED_EDGE('',*,*,#28650,.F.);
#28659=STYLED_ITEM('color',(#34),#28660);
#28660=ADVANCED_FACE($,(#28666),#28661,.T.);
#28661=PLANE($,#28662);
#28662=AXIS2_PLACEMENT_3D($,#28663,#28664,#28665);
#28663=CARTESIAN_POINT('',(-1.1,3.55,0.051));
#28664=DIRECTION('',(0.0,0.0,1.0));
#28665=DIRECTION('',(1.,0.,0.));
#28666=FACE_OUTER_BOUND($,#28667,.T.);
#28667=EDGE_LOOP($,(#28670, #28680, #28690, #28700));
#28670=ORIENTED_EDGE('',*,*,#28561,.T.);
#28681=EDGE_CURVE('',#28611,#28552,#28686,.T.);
#28686=LINE('',#28612,#28688);
#28688=VECTOR('',#28689,0.299999905845577);
#28689=DIRECTION('',(1.0,0.0,0.0));
#28680=ORIENTED_EDGE('',*,*,#28681,.F.);
#28690=ORIENTED_EDGE('',*,*,#28610,.T.);
#28701=EDGE_CURVE($,#28562,#28601,#28706,.T.);
#28706=CIRCLE($,#28707,0.149999954);
#28708=CARTESIAN_POINT('',(-1.25,3.25,0.051));
#28707=AXIS2_PLACEMENT_3D($,#28708,#28709,#28710);
#28709=DIRECTION('',(0.0,0.0,-1.0));
#28710=DIRECTION('',(-1.0,0.0,0.0));
#28700=ORIENTED_EDGE('',*,*,#28701,.F.);
#28711=STYLED_ITEM('color',(#34),#28712);
#28712=ADVANCED_FACE($,(#28718),#28713,.T.);
#28713=PLANE($,#28714);
#28714=AXIS2_PLACEMENT_3D($,#28715,#28716,#28717);
#28715=CARTESIAN_POINT('',(-1.4,3.25,0.0));
#28716=DIRECTION('',(0.0,0.0,-1.0));
#28717=DIRECTION('',(1.,0.,0.));
#28718=FACE_OUTER_BOUND($,#28719,.T.);
#28719=EDGE_LOOP($,(#28722, #28732, #28742, #28752));
#28722=ORIENTED_EDGE('',*,*,#28650,.T.);
#28732=ORIENTED_EDGE('',*,*,#28433,.T.);
#28742=ORIENTED_EDGE('',*,*,#28581,.T.);
#28753=EDGE_CURVE($,#28603,#28572,#28758,.T.);
#28758=CIRCLE($,#28759,0.149999954);
#28760=CARTESIAN_POINT('',(-1.25,3.25,0.0));
#28759=AXIS2_PLACEMENT_3D($,#28760,#28761,#28762);
#28761=DIRECTION('',(0.0,0.0,1.0));
#28762=DIRECTION('',(1.0,0.0,0.0));
#28752=ORIENTED_EDGE('',*,*,#28753,.F.);
#28763=STYLED_ITEM('color',(#34),#28764);
#28764=ADVANCED_FACE($,(#28770),#28765,.T.);
#28765=CYLINDRICAL_SURFACE($,#28766,0.149999954);
#28766=AXIS2_PLACEMENT_3D($,#28767,#28768,#28769);
#28767=CARTESIAN_POINT('',(-1.25,3.25,0.0));
#28768=DIRECTION('',(0.,0.,1.));
#28769=DIRECTION('',(0.,1.,0.));
#28770=FACE_OUTER_BOUND($,#28771,.T.);
#28771=EDGE_LOOP($,(#28794, #28772, #28804, #28783));
#28794=ORIENTED_EDGE('',*,*,#28600,.T.);
#28772=ORIENTED_EDGE('',*,*,#28753,.T.);
#28804=ORIENTED_EDGE('',*,*,#28571,.T.);
#28783=ORIENTED_EDGE('',*,*,#28701,.T.);
#28816=STYLED_ITEM('',(#34),#28817);
#28817=ADVANCED_FACE('',(#28823),#28818,.T.);
#28818=PLANE('',#28819);
#28819=AXIS2_PLACEMENT_3D('',#28820,#28821,#28822);
#28820=CARTESIAN_POINT('',(-1.1,3.55,0.0));
#28821=DIRECTION('',(0.0,1.0,0.0));
#28822=DIRECTION('',(0.,0.,1.));
#28823=FACE_OUTER_BOUND('',#28824,.T.);
#28824=EDGE_LOOP('',(#28825,#28835,#28845,#28855));
#28825=ORIENTED_EDGE('',*,*,#28453,.T.);
#28835=ORIENTED_EDGE('',*,*,#28620,.T.);
#28845=ORIENTED_EDGE('',*,*,#28681,.T.);
#28855=ORIENTED_EDGE('',*,*,#28551,.T.);
#29283=MANIFOLD_SOLID_BREP($,#29284);
#29284=CLOSED_SHELL('',(#29286,#29335,#29384,#29453,#29522,#29574,#29626,#29679));
#29285=STYLED_ITEM('',(#34),#29286);
#29286=ADVANCED_FACE('',(#29292),#29287,.T.);
#29287=PLANE('',#29288);
#29288=AXIS2_PLACEMENT_3D('',#29289,#29290,#29291);
#29289=CARTESIAN_POINT('',(-1.6,3.601,0.0));
#29290=DIRECTION('',(0.0,0.0,1.0));
#29291=DIRECTION('',(0.,1.,0.));
#29292=FACE_OUTER_BOUND('',#29293,.T.);
#29293=EDGE_LOOP('',(#29294,#29304,#29314,#29324));
#29297=CARTESIAN_POINT('',(-1.9,3.601,0.0));
#29296=VERTEX_POINT('',#29297);
#29299=CARTESIAN_POINT('',(-1.6,3.601,0.0));
#29298=VERTEX_POINT('',#29299);
#29295=EDGE_CURVE('',#29296,#29298,#29300,.T.);
#29300=LINE('',#29297,#29302);
#29302=VECTOR('',#29303,0.299999908);
#29303=DIRECTION('',(1.0,0.0,0.0));
#29294=ORIENTED_EDGE('',*,*,#29295,.F.);
#29307=CARTESIAN_POINT('',(-1.9,3.55,0.0));
#29306=VERTEX_POINT('',#29307);
#29305=EDGE_CURVE('',#29306,#29296,#29310,.T.);
#29310=LINE('',#29307,#29312);
#29312=VECTOR('',#29313,0.0507999991615086);
#29313=DIRECTION('',(0.0,1.0,0.0));
#29304=ORIENTED_EDGE('',*,*,#29305,.F.);
#29317=CARTESIAN_POINT('',(-1.6,3.55,0.0));
#29316=VERTEX_POINT('',#29317);
#29315=EDGE_CURVE('',#29316,#29306,#29320,.T.);
#29320=LINE('',#29317,#29322);
#29322=VECTOR('',#29323,0.299999905845577);
#29323=DIRECTION('',(-1.0,0.0,0.0));
#29314=ORIENTED_EDGE('',*,*,#29315,.F.);
#29325=EDGE_CURVE('',#29298,#29316,#29330,.T.);
#29330=LINE('',#29299,#29332);
#29332=VECTOR('',#29333,0.0507999991615095);
#29333=DIRECTION('',(0.0,-1.0,0.0));
#29324=ORIENTED_EDGE('',*,*,#29325,.F.);
#29334=STYLED_ITEM('',(#34),#29335);
#29335=ADVANCED_FACE('',(#29341),#29336,.T.);
#29336=PLANE('',#29337);
#29337=AXIS2_PLACEMENT_3D('',#29338,#29339,#29340);
#29338=CARTESIAN_POINT('',(-1.6,3.601,0.0));
#29339=DIRECTION('',(1.0,0.0,0.0));
#29340=DIRECTION('',(0.,0.,1.));
#29341=FACE_OUTER_BOUND('',#29342,.T.);
#29342=EDGE_LOOP('',(#29343,#29353,#29363,#29373));
#29343=ORIENTED_EDGE('',*,*,#29295,.F.);
#29353=ORIENTED_EDGE('',*,*,#29295,.T.);
#29363=ORIENTED_EDGE('',*,*,#29295,.T.);
#29373=ORIENTED_EDGE('',*,*,#29295,.T.);
#29383=STYLED_ITEM('',(#34),#29384);
#29384=ADVANCED_FACE('',(#29390),#29385,.T.);
#29385=PLANE('',#29386);
#29386=AXIS2_PLACEMENT_3D('',#29387,#29388,#29389);
#29387=CARTESIAN_POINT('',(-1.6,3.601,0.0));
#29388=DIRECTION('',(-1.0,0.0,0.0));
#29389=DIRECTION('',(0.,0.,1.));
#29390=FACE_OUTER_BOUND('',#29391,.T.);
#29391=EDGE_LOOP('',(#29392,#29402,#29412,#29422,#29432,#29442));
#29392=ORIENTED_EDGE('',*,*,#29295,.T.);
#29402=ORIENTED_EDGE('',*,*,#29325,.T.);
#29415=CARTESIAN_POINT('',(-1.6,3.55,0.051));
#29414=VERTEX_POINT('',#29415);
#29413=EDGE_CURVE('',#29414,#29316,#29418,.T.);
#29418=LINE('',#29415,#29420);
#29420=VECTOR('',#29421,0.0508);
#29421=DIRECTION('',(0.0,0.0,-1.0));
#29412=ORIENTED_EDGE('',*,*,#29413,.F.);
#29425=CARTESIAN_POINT('',(-1.6,3.25,0.051));
#29424=VERTEX_POINT('',#29425);
#29423=EDGE_CURVE('',#29424,#29414,#29428,.T.);
#29428=LINE('',#29425,#29430);
#29430=VECTOR('',#29431,0.300000921852187);
#29431=DIRECTION('',(0.0,1.0,0.0));
#29422=ORIENTED_EDGE('',*,*,#29423,.F.);
#29435=CARTESIAN_POINT('',(-1.6,3.25,0.0));
#29434=VERTEX_POINT('',#29435);
#29433=EDGE_CURVE('',#29434,#29424,#29438,.T.);
#29438=LINE('',#29435,#29440);
#29440=VECTOR('',#29441,0.0508);
#29441=DIRECTION('',(0.0,0.0,1.0));
#29432=ORIENTED_EDGE('',*,*,#29433,.F.);
#29443=EDGE_CURVE('',#29298,#29434,#29448,.T.);
#29448=LINE('',#29299,#29450);
#29450=VECTOR('',#29451,0.350800921013696);
#29451=DIRECTION('',(0.0,-1.0,0.0));
#29442=ORIENTED_EDGE('',*,*,#29443,.F.);
#29452=STYLED_ITEM('',(#34),#29453);
#29453=ADVANCED_FACE('',(#29459),#29454,.T.);
#29454=PLANE('',#29455);
#29455=AXIS2_PLACEMENT_3D('',#29456,#29457,#29458);
#29456=CARTESIAN_POINT('',(-1.9,3.25,0.0));
#29457=DIRECTION('',(-1.0,0.0,0.0));
#29458=DIRECTION('',(0.,0.,1.));
#29459=FACE_OUTER_BOUND('',#29460,.T.);
#29460=EDGE_LOOP('',(#29461,#29471,#29481,#29491,#29501,#29511));
#29464=CARTESIAN_POINT('',(-1.9,3.25,0.051));
#29463=VERTEX_POINT('',#29464);
#29466=CARTESIAN_POINT('',(-1.9,3.25,0.0));
#29465=VERTEX_POINT('',#29466);
#29462=EDGE_CURVE('',#29463,#29465,#29467,.T.);
#29467=LINE('',#29464,#29469);
#29469=VECTOR('',#29470,0.0508);
#29470=DIRECTION('',(0.0,0.0,-1.0));
#29461=ORIENTED_EDGE('',*,*,#29462,.F.);
#29474=CARTESIAN_POINT('',(-1.9,3.55,0.051));
#29473=VERTEX_POINT('',#29474);
#29472=EDGE_CURVE('',#29473,#29463,#29477,.T.);
#29477=LINE('',#29474,#29479);
#29479=VECTOR('',#29480,0.300000921852187);
#29480=DIRECTION('',(0.0,-1.0,0.0));
#29471=ORIENTED_EDGE('',*,*,#29472,.F.);
#29482=EDGE_CURVE('',#29306,#29473,#29487,.T.);
#29487=LINE('',#29307,#29489);
#29489=VECTOR('',#29490,0.0508);
#29490=DIRECTION('',(0.0,0.0,1.0));
#29481=ORIENTED_EDGE('',*,*,#29482,.F.);
#29491=ORIENTED_EDGE('',*,*,#29305,.T.);
#29501=ORIENTED_EDGE('',*,*,#29295,.T.);
#29512=EDGE_CURVE('',#29465,#29296,#29517,.T.);
#29517=LINE('',#29466,#29519);
#29519=VECTOR('',#29520,0.350800921013696);
#29520=DIRECTION('',(0.0,1.0,0.0));
#29511=ORIENTED_EDGE('',*,*,#29512,.F.);
#29521=STYLED_ITEM('color',(#34),#29522);
#29522=ADVANCED_FACE($,(#29528),#29523,.T.);
#29523=PLANE($,#29524);
#29524=AXIS2_PLACEMENT_3D($,#29525,#29526,#29527);
#29525=CARTESIAN_POINT('',(-1.6,3.55,0.051));
#29526=DIRECTION('',(0.0,0.0,1.0));
#29527=DIRECTION('',(1.,0.,0.));
#29528=FACE_OUTER_BOUND($,#29529,.T.);
#29529=EDGE_LOOP($,(#29532, #29542, #29552, #29562));
#29532=ORIENTED_EDGE('',*,*,#29423,.T.);
#29543=EDGE_CURVE('',#29473,#29414,#29548,.T.);
#29548=LINE('',#29474,#29550);
#29550=VECTOR('',#29551,0.299999905845577);
#29551=DIRECTION('',(1.0,0.0,0.0));
#29542=ORIENTED_EDGE('',*,*,#29543,.F.);
#29552=ORIENTED_EDGE('',*,*,#29472,.T.);
#29563=EDGE_CURVE($,#29424,#29463,#29568,.T.);
#29568=CIRCLE($,#29569,0.149999954);
#29570=CARTESIAN_POINT('',(-1.75,3.25,0.051));
#29569=AXIS2_PLACEMENT_3D($,#29570,#29571,#29572);
#29571=DIRECTION('',(0.0,0.0,-1.0));
#29572=DIRECTION('',(-1.0,0.0,0.0));
#29562=ORIENTED_EDGE('',*,*,#29563,.F.);
#29573=STYLED_ITEM('color',(#34),#29574);
#29574=ADVANCED_FACE($,(#29580),#29575,.T.);
#29575=PLANE($,#29576);
#29576=AXIS2_PLACEMENT_3D($,#29577,#29578,#29579);
#29577=CARTESIAN_POINT('',(-1.9,3.25,0.0));
#29578=DIRECTION('',(0.0,0.0,-1.0));
#29579=DIRECTION('',(1.,0.,0.));
#29580=FACE_OUTER_BOUND($,#29581,.T.);
#29581=EDGE_LOOP($,(#29584, #29594, #29604, #29614));
#29584=ORIENTED_EDGE('',*,*,#29512,.T.);
#29594=ORIENTED_EDGE('',*,*,#29295,.T.);
#29604=ORIENTED_EDGE('',*,*,#29443,.T.);
#29615=EDGE_CURVE($,#29465,#29434,#29620,.T.);
#29620=CIRCLE($,#29621,0.149999954);
#29622=CARTESIAN_POINT('',(-1.75,3.25,0.0));
#29621=AXIS2_PLACEMENT_3D($,#29622,#29623,#29624);
#29623=DIRECTION('',(0.0,0.0,1.0));
#29624=DIRECTION('',(1.0,0.0,0.0));
#29614=ORIENTED_EDGE('',*,*,#29615,.F.);
#29625=STYLED_ITEM('color',(#34),#29626);
#29626=ADVANCED_FACE($,(#29632),#29627,.T.);
#29627=CYLINDRICAL_SURFACE($,#29628,0.149999954);
#29628=AXIS2_PLACEMENT_3D($,#29629,#29630,#29631);
#29629=CARTESIAN_POINT('',(-1.75,3.25,0.0));
#29630=DIRECTION('',(0.,0.,1.));
#29631=DIRECTION('',(0.,1.,0.));
#29632=FACE_OUTER_BOUND($,#29633,.T.);
#29633=EDGE_LOOP($,(#29656, #29634, #29666, #29645));
#29656=ORIENTED_EDGE('',*,*,#29462,.T.);
#29634=ORIENTED_EDGE('',*,*,#29615,.T.);
#29666=ORIENTED_EDGE('',*,*,#29433,.T.);
#29645=ORIENTED_EDGE('',*,*,#29563,.T.);
#29678=STYLED_ITEM('',(#34),#29679);
#29679=ADVANCED_FACE('',(#29685),#29680,.T.);
#29680=PLANE('',#29681);
#29681=AXIS2_PLACEMENT_3D('',#29682,#29683,#29684);
#29682=CARTESIAN_POINT('',(-1.6,3.55,0.0));
#29683=DIRECTION('',(0.0,1.0,0.0));
#29684=DIRECTION('',(0.,0.,1.));
#29685=FACE_OUTER_BOUND('',#29686,.T.);
#29686=EDGE_LOOP('',(#29687,#29697,#29707,#29717));
#29687=ORIENTED_EDGE('',*,*,#29315,.T.);
#29697=ORIENTED_EDGE('',*,*,#29482,.T.);
#29707=ORIENTED_EDGE('',*,*,#29543,.T.);
#29717=ORIENTED_EDGE('',*,*,#29413,.T.);
#30145=MANIFOLD_SOLID_BREP($,#30146);
#30146=CLOSED_SHELL('',(#30148,#30197,#30246,#30315,#30384,#30436,#30488,#30541));
#30147=STYLED_ITEM('',(#34),#30148);
#30148=ADVANCED_FACE('',(#30154),#30149,.T.);
#30149=PLANE('',#30150);
#30150=AXIS2_PLACEMENT_3D('',#30151,#30152,#30153);
#30151=CARTESIAN_POINT('',(-2.1,3.601,0.0));
#30152=DIRECTION('',(0.0,0.0,1.0));
#30153=DIRECTION('',(0.,1.,0.));
#30154=FACE_OUTER_BOUND('',#30155,.T.);
#30155=EDGE_LOOP('',(#30156,#30166,#30176,#30186));
#30159=CARTESIAN_POINT('',(-2.4,3.601,0.0));
#30158=VERTEX_POINT('',#30159);
#30161=CARTESIAN_POINT('',(-2.1,3.601,0.0));
#30160=VERTEX_POINT('',#30161);
#30157=EDGE_CURVE('',#30158,#30160,#30162,.T.);
#30162=LINE('',#30159,#30164);
#30164=VECTOR('',#30165,0.299999908);
#30165=DIRECTION('',(1.0,0.0,0.0));
#30156=ORIENTED_EDGE('',*,*,#30157,.F.);
#30169=CARTESIAN_POINT('',(-2.4,3.55,0.0));
#30168=VERTEX_POINT('',#30169);
#30167=EDGE_CURVE('',#30168,#30158,#30172,.T.);
#30172=LINE('',#30169,#30174);
#30174=VECTOR('',#30175,0.0507999991615086);
#30175=DIRECTION('',(0.0,1.0,0.0));
#30166=ORIENTED_EDGE('',*,*,#30167,.F.);
#30179=CARTESIAN_POINT('',(-2.1,3.55,0.0));
#30178=VERTEX_POINT('',#30179);
#30177=EDGE_CURVE('',#30178,#30168,#30182,.T.);
#30182=LINE('',#30179,#30184);
#30184=VECTOR('',#30185,0.299999905845577);
#30185=DIRECTION('',(-1.0,0.0,0.0));
#30176=ORIENTED_EDGE('',*,*,#30177,.F.);
#30187=EDGE_CURVE('',#30160,#30178,#30192,.T.);
#30192=LINE('',#30161,#30194);
#30194=VECTOR('',#30195,0.0507999991615095);
#30195=DIRECTION('',(0.0,-1.0,0.0));
#30186=ORIENTED_EDGE('',*,*,#30187,.F.);
#30196=STYLED_ITEM('',(#34),#30197);
#30197=ADVANCED_FACE('',(#30203),#30198,.T.);
#30198=PLANE('',#30199);
#30199=AXIS2_PLACEMENT_3D('',#30200,#30201,#30202);
#30200=CARTESIAN_POINT('',(-2.1,3.601,0.0));
#30201=DIRECTION('',(1.0,0.0,0.0));
#30202=DIRECTION('',(0.,0.,1.));
#30203=FACE_OUTER_BOUND('',#30204,.T.);
#30204=EDGE_LOOP('',(#30205,#30215,#30225,#30235));
#30205=ORIENTED_EDGE('',*,*,#30157,.F.);
#30215=ORIENTED_EDGE('',*,*,#30157,.T.);
#30225=ORIENTED_EDGE('',*,*,#30157,.T.);
#30235=ORIENTED_EDGE('',*,*,#30157,.T.);
#30245=STYLED_ITEM('',(#34),#30246);
#30246=ADVANCED_FACE('',(#30252),#30247,.T.);
#30247=PLANE('',#30248);
#30248=AXIS2_PLACEMENT_3D('',#30249,#30250,#30251);
#30249=CARTESIAN_POINT('',(-2.1,3.601,0.0));
#30250=DIRECTION('',(-1.0,0.0,0.0));
#30251=DIRECTION('',(0.,0.,1.));
#30252=FACE_OUTER_BOUND('',#30253,.T.);
#30253=EDGE_LOOP('',(#30254,#30264,#30274,#30284,#30294,#30304));
#30254=ORIENTED_EDGE('',*,*,#30157,.T.);
#30264=ORIENTED_EDGE('',*,*,#30187,.T.);
#30277=CARTESIAN_POINT('',(-2.1,3.55,0.051));
#30276=VERTEX_POINT('',#30277);
#30275=EDGE_CURVE('',#30276,#30178,#30280,.T.);
#30280=LINE('',#30277,#30282);
#30282=VECTOR('',#30283,0.0508);
#30283=DIRECTION('',(0.0,0.0,-1.0));
#30274=ORIENTED_EDGE('',*,*,#30275,.F.);
#30287=CARTESIAN_POINT('',(-2.1,3.25,0.051));
#30286=VERTEX_POINT('',#30287);
#30285=EDGE_CURVE('',#30286,#30276,#30290,.T.);
#30290=LINE('',#30287,#30292);
#30292=VECTOR('',#30293,0.300000921852187);
#30293=DIRECTION('',(0.0,1.0,0.0));
#30284=ORIENTED_EDGE('',*,*,#30285,.F.);
#30297=CARTESIAN_POINT('',(-2.1,3.25,0.0));
#30296=VERTEX_POINT('',#30297);
#30295=EDGE_CURVE('',#30296,#30286,#30300,.T.);
#30300=LINE('',#30297,#30302);
#30302=VECTOR('',#30303,0.0508);
#30303=DIRECTION('',(0.0,0.0,1.0));
#30294=ORIENTED_EDGE('',*,*,#30295,.F.);
#30305=EDGE_CURVE('',#30160,#30296,#30310,.T.);
#30310=LINE('',#30161,#30312);
#30312=VECTOR('',#30313,0.350800921013696);
#30313=DIRECTION('',(0.0,-1.0,0.0));
#30304=ORIENTED_EDGE('',*,*,#30305,.F.);
#30314=STYLED_ITEM('',(#34),#30315);
#30315=ADVANCED_FACE('',(#30321),#30316,.T.);
#30316=PLANE('',#30317);
#30317=AXIS2_PLACEMENT_3D('',#30318,#30319,#30320);
#30318=CARTESIAN_POINT('',(-2.4,3.25,0.0));
#30319=DIRECTION('',(-1.0,0.0,0.0));
#30320=DIRECTION('',(0.,0.,1.));
#30321=FACE_OUTER_BOUND('',#30322,.T.);
#30322=EDGE_LOOP('',(#30323,#30333,#30343,#30353,#30363,#30373));
#30326=CARTESIAN_POINT('',(-2.4,3.25,0.051));
#30325=VERTEX_POINT('',#30326);
#30328=CARTESIAN_POINT('',(-2.4,3.25,0.0));
#30327=VERTEX_POINT('',#30328);
#30324=EDGE_CURVE('',#30325,#30327,#30329,.T.);
#30329=LINE('',#30326,#30331);
#30331=VECTOR('',#30332,0.0508);
#30332=DIRECTION('',(0.0,0.0,-1.0));
#30323=ORIENTED_EDGE('',*,*,#30324,.F.);
#30336=CARTESIAN_POINT('',(-2.4,3.55,0.051));
#30335=VERTEX_POINT('',#30336);
#30334=EDGE_CURVE('',#30335,#30325,#30339,.T.);
#30339=LINE('',#30336,#30341);
#30341=VECTOR('',#30342,0.300000921852187);
#30342=DIRECTION('',(0.0,-1.0,0.0));
#30333=ORIENTED_EDGE('',*,*,#30334,.F.);
#30344=EDGE_CURVE('',#30168,#30335,#30349,.T.);
#30349=LINE('',#30169,#30351);
#30351=VECTOR('',#30352,0.0508);
#30352=DIRECTION('',(0.0,0.0,1.0));
#30343=ORIENTED_EDGE('',*,*,#30344,.F.);
#30353=ORIENTED_EDGE('',*,*,#30167,.T.);
#30363=ORIENTED_EDGE('',*,*,#30157,.T.);
#30374=EDGE_CURVE('',#30327,#30158,#30379,.T.);
#30379=LINE('',#30328,#30381);
#30381=VECTOR('',#30382,0.350800921013696);
#30382=DIRECTION('',(0.0,1.0,0.0));
#30373=ORIENTED_EDGE('',*,*,#30374,.F.);
#30383=STYLED_ITEM('color',(#34),#30384);
#30384=ADVANCED_FACE($,(#30390),#30385,.T.);
#30385=PLANE($,#30386);
#30386=AXIS2_PLACEMENT_3D($,#30387,#30388,#30389);
#30387=CARTESIAN_POINT('',(-2.1,3.55,0.051));
#30388=DIRECTION('',(0.0,0.0,1.0));
#30389=DIRECTION('',(1.,0.,0.));
#30390=FACE_OUTER_BOUND($,#30391,.T.);
#30391=EDGE_LOOP($,(#30394, #30404, #30414, #30424));
#30394=ORIENTED_EDGE('',*,*,#30285,.T.);
#30405=EDGE_CURVE('',#30335,#30276,#30410,.T.);
#30410=LINE('',#30336,#30412);
#30412=VECTOR('',#30413,0.299999905845577);
#30413=DIRECTION('',(1.0,0.0,0.0));
#30404=ORIENTED_EDGE('',*,*,#30405,.F.);
#30414=ORIENTED_EDGE('',*,*,#30334,.T.);
#30425=EDGE_CURVE($,#30286,#30325,#30430,.T.);
#30430=CIRCLE($,#30431,0.149999954);
#30432=CARTESIAN_POINT('',(-2.25,3.25,0.051));
#30431=AXIS2_PLACEMENT_3D($,#30432,#30433,#30434);
#30433=DIRECTION('',(0.0,0.0,-1.0));
#30434=DIRECTION('',(-1.0,0.0,0.0));
#30424=ORIENTED_EDGE('',*,*,#30425,.F.);
#30435=STYLED_ITEM('color',(#34),#30436);
#30436=ADVANCED_FACE($,(#30442),#30437,.T.);
#30437=PLANE($,#30438);
#30438=AXIS2_PLACEMENT_3D($,#30439,#30440,#30441);
#30439=CARTESIAN_POINT('',(-2.4,3.25,0.0));
#30440=DIRECTION('',(0.0,0.0,-1.0));
#30441=DIRECTION('',(1.,0.,0.));
#30442=FACE_OUTER_BOUND($,#30443,.T.);
#30443=EDGE_LOOP($,(#30446, #30456, #30466, #30476));
#30446=ORIENTED_EDGE('',*,*,#30374,.T.);
#30456=ORIENTED_EDGE('',*,*,#30157,.T.);
#30466=ORIENTED_EDGE('',*,*,#30305,.T.);
#30477=EDGE_CURVE($,#30327,#30296,#30482,.T.);
#30482=CIRCLE($,#30483,0.149999954);
#30484=CARTESIAN_POINT('',(-2.25,3.25,0.0));
#30483=AXIS2_PLACEMENT_3D($,#30484,#30485,#30486);
#30485=DIRECTION('',(0.0,0.0,1.0));
#30486=DIRECTION('',(1.0,0.0,0.0));
#30476=ORIENTED_EDGE('',*,*,#30477,.F.);
#30487=STYLED_ITEM('color',(#34),#30488);
#30488=ADVANCED_FACE($,(#30494),#30489,.T.);
#30489=CYLINDRICAL_SURFACE($,#30490,0.149999954);
#30490=AXIS2_PLACEMENT_3D($,#30491,#30492,#30493);
#30491=CARTESIAN_POINT('',(-2.25,3.25,0.0));
#30492=DIRECTION('',(0.,0.,1.));
#30493=DIRECTION('',(0.,1.,0.));
#30494=FACE_OUTER_BOUND($,#30495,.T.);
#30495=EDGE_LOOP($,(#30518, #30496, #30528, #30507));
#30518=ORIENTED_EDGE('',*,*,#30324,.T.);
#30496=ORIENTED_EDGE('',*,*,#30477,.T.);
#30528=ORIENTED_EDGE('',*,*,#30295,.T.);
#30507=ORIENTED_EDGE('',*,*,#30425,.T.);
#30540=STYLED_ITEM('',(#34),#30541);
#30541=ADVANCED_FACE('',(#30547),#30542,.T.);
#30542=PLANE('',#30543);
#30543=AXIS2_PLACEMENT_3D('',#30544,#30545,#30546);
#30544=CARTESIAN_POINT('',(-2.1,3.55,0.0));
#30545=DIRECTION('',(0.0,1.0,0.0));
#30546=DIRECTION('',(0.,0.,1.));
#30547=FACE_OUTER_BOUND('',#30548,.T.);
#30548=EDGE_LOOP('',(#30549,#30559,#30569,#30579));
#30549=ORIENTED_EDGE('',*,*,#30177,.T.);
#30559=ORIENTED_EDGE('',*,*,#30344,.T.);
#30569=ORIENTED_EDGE('',*,*,#30405,.T.);
#30579=ORIENTED_EDGE('',*,*,#30275,.T.);
#31007=MANIFOLD_SOLID_BREP($,#31008);
#31008=CLOSED_SHELL('',(#31010,#31059,#31108,#31177,#31246,#31298,#31350,#31403));
#31009=STYLED_ITEM('',(#34),#31010);
#31010=ADVANCED_FACE('',(#31016),#31011,.T.);
#31011=PLANE('',#31012);
#31012=AXIS2_PLACEMENT_3D('',#31013,#31014,#31015);
#31013=CARTESIAN_POINT('',(-2.6,3.601,0.0));
#31014=DIRECTION('',(0.0,0.0,1.0));
#31015=DIRECTION('',(0.,1.,0.));
#31016=FACE_OUTER_BOUND('',#31017,.T.);
#31017=EDGE_LOOP('',(#31018,#31028,#31038,#31048));
#31021=CARTESIAN_POINT('',(-2.9,3.601,0.0));
#31020=VERTEX_POINT('',#31021);
#31023=CARTESIAN_POINT('',(-2.6,3.601,0.0));
#31022=VERTEX_POINT('',#31023);
#31019=EDGE_CURVE('',#31020,#31022,#31024,.T.);
#31024=LINE('',#31021,#31026);
#31026=VECTOR('',#31027,0.299999908);
#31027=DIRECTION('',(1.0,0.0,0.0));
#31018=ORIENTED_EDGE('',*,*,#31019,.F.);
#31031=CARTESIAN_POINT('',(-2.9,3.55,0.0));
#31030=VERTEX_POINT('',#31031);
#31029=EDGE_CURVE('',#31030,#31020,#31034,.T.);
#31034=LINE('',#31031,#31036);
#31036=VECTOR('',#31037,0.0507999991615086);
#31037=DIRECTION('',(0.0,1.0,0.0));
#31028=ORIENTED_EDGE('',*,*,#31029,.F.);
#31041=CARTESIAN_POINT('',(-2.6,3.55,0.0));
#31040=VERTEX_POINT('',#31041);
#31039=EDGE_CURVE('',#31040,#31030,#31044,.T.);
#31044=LINE('',#31041,#31046);
#31046=VECTOR('',#31047,0.299999905845577);
#31047=DIRECTION('',(-1.0,0.0,0.0));
#31038=ORIENTED_EDGE('',*,*,#31039,.F.);
#31049=EDGE_CURVE('',#31022,#31040,#31054,.T.);
#31054=LINE('',#31023,#31056);
#31056=VECTOR('',#31057,0.0507999991615095);
#31057=DIRECTION('',(0.0,-1.0,0.0));
#31048=ORIENTED_EDGE('',*,*,#31049,.F.);
#31058=STYLED_ITEM('',(#34),#31059);
#31059=ADVANCED_FACE('',(#31065),#31060,.T.);
#31060=PLANE('',#31061);
#31061=AXIS2_PLACEMENT_3D('',#31062,#31063,#31064);
#31062=CARTESIAN_POINT('',(-2.6,3.601,0.0));
#31063=DIRECTION('',(1.0,0.0,0.0));
#31064=DIRECTION('',(0.,0.,1.));
#31065=FACE_OUTER_BOUND('',#31066,.T.);
#31066=EDGE_LOOP('',(#31067,#31077,#31087,#31097));
#31067=ORIENTED_EDGE('',*,*,#31019,.F.);
#31077=ORIENTED_EDGE('',*,*,#31019,.T.);
#31087=ORIENTED_EDGE('',*,*,#31019,.T.);
#31097=ORIENTED_EDGE('',*,*,#31019,.T.);
#31107=STYLED_ITEM('',(#34),#31108);
#31108=ADVANCED_FACE('',(#31114),#31109,.T.);
#31109=PLANE('',#31110);
#31110=AXIS2_PLACEMENT_3D('',#31111,#31112,#31113);
#31111=CARTESIAN_POINT('',(-2.6,3.601,0.0));
#31112=DIRECTION('',(-1.0,0.0,0.0));
#31113=DIRECTION('',(0.,0.,1.));
#31114=FACE_OUTER_BOUND('',#31115,.T.);
#31115=EDGE_LOOP('',(#31116,#31126,#31136,#31146,#31156,#31166));
#31116=ORIENTED_EDGE('',*,*,#31019,.T.);
#31126=ORIENTED_EDGE('',*,*,#31049,.T.);
#31139=CARTESIAN_POINT('',(-2.6,3.55,0.051));
#31138=VERTEX_POINT('',#31139);
#31137=EDGE_CURVE('',#31138,#31040,#31142,.T.);
#31142=LINE('',#31139,#31144);
#31144=VECTOR('',#31145,0.0508);
#31145=DIRECTION('',(0.0,0.0,-1.0));
#31136=ORIENTED_EDGE('',*,*,#31137,.F.);
#31149=CARTESIAN_POINT('',(-2.6,3.25,0.051));
#31148=VERTEX_POINT('',#31149);
#31147=EDGE_CURVE('',#31148,#31138,#31152,.T.);
#31152=LINE('',#31149,#31154);
#31154=VECTOR('',#31155,0.300000921852187);
#31155=DIRECTION('',(0.0,1.0,0.0));
#31146=ORIENTED_EDGE('',*,*,#31147,.F.);
#31159=CARTESIAN_POINT('',(-2.6,3.25,0.0));
#31158=VERTEX_POINT('',#31159);
#31157=EDGE_CURVE('',#31158,#31148,#31162,.T.);
#31162=LINE('',#31159,#31164);
#31164=VECTOR('',#31165,0.0508);
#31165=DIRECTION('',(0.0,0.0,1.0));
#31156=ORIENTED_EDGE('',*,*,#31157,.F.);
#31167=EDGE_CURVE('',#31022,#31158,#31172,.T.);
#31172=LINE('',#31023,#31174);
#31174=VECTOR('',#31175,0.350800921013696);
#31175=DIRECTION('',(0.0,-1.0,0.0));
#31166=ORIENTED_EDGE('',*,*,#31167,.F.);
#31176=STYLED_ITEM('',(#34),#31177);
#31177=ADVANCED_FACE('',(#31183),#31178,.T.);
#31178=PLANE('',#31179);
#31179=AXIS2_PLACEMENT_3D('',#31180,#31181,#31182);
#31180=CARTESIAN_POINT('',(-2.9,3.25,0.0));
#31181=DIRECTION('',(-1.0,0.0,0.0));
#31182=DIRECTION('',(0.,0.,1.));
#31183=FACE_OUTER_BOUND('',#31184,.T.);
#31184=EDGE_LOOP('',(#31185,#31195,#31205,#31215,#31225,#31235));
#31188=CARTESIAN_POINT('',(-2.9,3.25,0.051));
#31187=VERTEX_POINT('',#31188);
#31190=CARTESIAN_POINT('',(-2.9,3.25,0.0));
#31189=VERTEX_POINT('',#31190);
#31186=EDGE_CURVE('',#31187,#31189,#31191,.T.);
#31191=LINE('',#31188,#31193);
#31193=VECTOR('',#31194,0.0508);
#31194=DIRECTION('',(0.0,0.0,-1.0));
#31185=ORIENTED_EDGE('',*,*,#31186,.F.);
#31198=CARTESIAN_POINT('',(-2.9,3.55,0.051));
#31197=VERTEX_POINT('',#31198);
#31196=EDGE_CURVE('',#31197,#31187,#31201,.T.);
#31201=LINE('',#31198,#31203);
#31203=VECTOR('',#31204,0.300000921852187);
#31204=DIRECTION('',(0.0,-1.0,0.0));
#31195=ORIENTED_EDGE('',*,*,#31196,.F.);
#31206=EDGE_CURVE('',#31030,#31197,#31211,.T.);
#31211=LINE('',#31031,#31213);
#31213=VECTOR('',#31214,0.0508);
#31214=DIRECTION('',(0.0,0.0,1.0));
#31205=ORIENTED_EDGE('',*,*,#31206,.F.);
#31215=ORIENTED_EDGE('',*,*,#31029,.T.);
#31225=ORIENTED_EDGE('',*,*,#31019,.T.);
#31236=EDGE_CURVE('',#31189,#31020,#31241,.T.);
#31241=LINE('',#31190,#31243);
#31243=VECTOR('',#31244,0.350800921013696);
#31244=DIRECTION('',(0.0,1.0,0.0));
#31235=ORIENTED_EDGE('',*,*,#31236,.F.);
#31245=STYLED_ITEM('color',(#34),#31246);
#31246=ADVANCED_FACE($,(#31252),#31247,.T.);
#31247=PLANE($,#31248);
#31248=AXIS2_PLACEMENT_3D($,#31249,#31250,#31251);
#31249=CARTESIAN_POINT('',(-2.6,3.55,0.051));
#31250=DIRECTION('',(0.0,0.0,1.0));
#31251=DIRECTION('',(1.,0.,0.));
#31252=FACE_OUTER_BOUND($,#31253,.T.);
#31253=EDGE_LOOP($,(#31256, #31266, #31276, #31286));
#31256=ORIENTED_EDGE('',*,*,#31147,.T.);
#31267=EDGE_CURVE('',#31197,#31138,#31272,.T.);
#31272=LINE('',#31198,#31274);
#31274=VECTOR('',#31275,0.299999905845577);
#31275=DIRECTION('',(1.0,0.0,0.0));
#31266=ORIENTED_EDGE('',*,*,#31267,.F.);
#31276=ORIENTED_EDGE('',*,*,#31196,.T.);
#31287=EDGE_CURVE($,#31148,#31187,#31292,.T.);
#31292=CIRCLE($,#31293,0.149999954);
#31294=CARTESIAN_POINT('',(-2.75,3.25,0.051));
#31293=AXIS2_PLACEMENT_3D($,#31294,#31295,#31296);
#31295=DIRECTION('',(0.0,0.0,-1.0));
#31296=DIRECTION('',(-1.0,0.0,0.0));
#31286=ORIENTED_EDGE('',*,*,#31287,.F.);
#31297=STYLED_ITEM('color',(#34),#31298);
#31298=ADVANCED_FACE($,(#31304),#31299,.T.);
#31299=PLANE($,#31300);
#31300=AXIS2_PLACEMENT_3D($,#31301,#31302,#31303);
#31301=CARTESIAN_POINT('',(-2.9,3.25,0.0));
#31302=DIRECTION('',(0.0,0.0,-1.0));
#31303=DIRECTION('',(1.,0.,0.));
#31304=FACE_OUTER_BOUND($,#31305,.T.);
#31305=EDGE_LOOP($,(#31308, #31318, #31328, #31338));
#31308=ORIENTED_EDGE('',*,*,#31236,.T.);
#31318=ORIENTED_EDGE('',*,*,#31019,.T.);
#31328=ORIENTED_EDGE('',*,*,#31167,.T.);
#31339=EDGE_CURVE($,#31189,#31158,#31344,.T.);
#31344=CIRCLE($,#31345,0.149999954);
#31346=CARTESIAN_POINT('',(-2.75,3.25,0.0));
#31345=AXIS2_PLACEMENT_3D($,#31346,#31347,#31348);
#31347=DIRECTION('',(0.0,0.0,1.0));
#31348=DIRECTION('',(1.0,0.0,0.0));
#31338=ORIENTED_EDGE('',*,*,#31339,.F.);
#31349=STYLED_ITEM('color',(#34),#31350);
#31350=ADVANCED_FACE($,(#31356),#31351,.T.);
#31351=CYLINDRICAL_SURFACE($,#31352,0.149999954);
#31352=AXIS2_PLACEMENT_3D($,#31353,#31354,#31355);
#31353=CARTESIAN_POINT('',(-2.75,3.25,0.0));
#31354=DIRECTION('',(0.,0.,1.));
#31355=DIRECTION('',(0.,1.,0.));
#31356=FACE_OUTER_BOUND($,#31357,.T.);
#31357=EDGE_LOOP($,(#31380, #31358, #31390, #31369));
#31380=ORIENTED_EDGE('',*,*,#31186,.T.);
#31358=ORIENTED_EDGE('',*,*,#31339,.T.);
#31390=ORIENTED_EDGE('',*,*,#31157,.T.);
#31369=ORIENTED_EDGE('',*,*,#31287,.T.);
#31402=STYLED_ITEM('',(#34),#31403);
#31403=ADVANCED_FACE('',(#31409),#31404,.T.);
#31404=PLANE('',#31405);
#31405=AXIS2_PLACEMENT_3D('',#31406,#31407,#31408);
#31406=CARTESIAN_POINT('',(-2.6,3.55,0.0));
#31407=DIRECTION('',(0.0,1.0,0.0));
#31408=DIRECTION('',(0.,0.,1.));
#31409=FACE_OUTER_BOUND('',#31410,.T.);
#31410=EDGE_LOOP('',(#31411,#31421,#31431,#31441));
#31411=ORIENTED_EDGE('',*,*,#31039,.T.);
#31421=ORIENTED_EDGE('',*,*,#31206,.T.);
#31431=ORIENTED_EDGE('',*,*,#31267,.T.);
#31441=ORIENTED_EDGE('',*,*,#31137,.T.);
#31869=MANIFOLD_SOLID_BREP($,#31870);
#31870=CLOSED_SHELL('',(#31872,#31921,#31970,#32039,#32108,#32160,#32212,#32265));
#31871=STYLED_ITEM('',(#34),#31872);
#31872=ADVANCED_FACE('',(#31878),#31873,.T.);
#31873=PLANE('',#31874);
#31874=AXIS2_PLACEMENT_3D('',#31875,#31876,#31877);
#31875=CARTESIAN_POINT('',(-2.9,-3.601,0.0));
#31876=DIRECTION('',(0.0,0.0,1.0));
#31877=DIRECTION('',(0.,1.,0.));
#31878=FACE_OUTER_BOUND('',#31879,.T.);
#31879=EDGE_LOOP('',(#31880,#31890,#31900,#31910));
#31883=CARTESIAN_POINT('',(-2.6,-3.601,0.0));
#31882=VERTEX_POINT('',#31883);
#31885=CARTESIAN_POINT('',(-2.9,-3.601,0.0));
#31884=VERTEX_POINT('',#31885);
#31881=EDGE_CURVE('',#31882,#31884,#31886,.T.);
#31886=LINE('',#31883,#31888);
#31888=VECTOR('',#31889,0.299999908);
#31889=DIRECTION('',(-1.0,0.0,0.0));
#31880=ORIENTED_EDGE('',*,*,#31881,.F.);
#31893=CARTESIAN_POINT('',(-2.6,-3.55,0.0));
#31892=VERTEX_POINT('',#31893);
#31891=EDGE_CURVE('',#31892,#31882,#31896,.T.);
#31896=LINE('',#31893,#31898);
#31898=VECTOR('',#31899,0.0507999991615081);
#31899=DIRECTION('',(0.0,-1.0,0.0));
#31890=ORIENTED_EDGE('',*,*,#31891,.F.);
#31903=CARTESIAN_POINT('',(-2.9,-3.55,0.0));
#31902=VERTEX_POINT('',#31903);
#31901=EDGE_CURVE('',#31902,#31892,#31906,.T.);
#31906=LINE('',#31903,#31908);
#31908=VECTOR('',#31909,0.299999905845576);
#31909=DIRECTION('',(1.0,0.0,0.0));
#31900=ORIENTED_EDGE('',*,*,#31901,.F.);
#31911=EDGE_CURVE('',#31884,#31902,#31916,.T.);
#31916=LINE('',#31885,#31918);
#31918=VECTOR('',#31919,0.0507999991615084);
#31919=DIRECTION('',(0.0,1.0,0.0));
#31910=ORIENTED_EDGE('',*,*,#31911,.F.);
#31920=STYLED_ITEM('',(#34),#31921);
#31921=ADVANCED_FACE('',(#31927),#31922,.T.);
#31922=PLANE('',#31923);
#31923=AXIS2_PLACEMENT_3D('',#31924,#31925,#31926);
#31924=CARTESIAN_POINT('',(-2.9,-3.601,0.0));
#31925=DIRECTION('',(1.0,0.0,0.0));
#31926=DIRECTION('',(0.,0.,1.));
#31927=FACE_OUTER_BOUND('',#31928,.T.);
#31928=EDGE_LOOP('',(#31929,#31939,#31949,#31959));
#31929=ORIENTED_EDGE('',*,*,#31881,.F.);
#31939=ORIENTED_EDGE('',*,*,#31881,.T.);
#31949=ORIENTED_EDGE('',*,*,#31881,.T.);
#31959=ORIENTED_EDGE('',*,*,#31881,.T.);
#31969=STYLED_ITEM('',(#34),#31970);
#31970=ADVANCED_FACE('',(#31976),#31971,.T.);
#31971=PLANE('',#31972);
#31972=AXIS2_PLACEMENT_3D('',#31973,#31974,#31975);
#31973=CARTESIAN_POINT('',(-2.9,-3.601,0.0));
#31974=DIRECTION('',(1.0,0.0,0.0));
#31975=DIRECTION('',(0.,0.,1.));
#31976=FACE_OUTER_BOUND('',#31977,.T.);
#31977=EDGE_LOOP('',(#31978,#31988,#31998,#32008,#32018,#32028));
#31978=ORIENTED_EDGE('',*,*,#31881,.T.);
#31988=ORIENTED_EDGE('',*,*,#31911,.T.);
#32001=CARTESIAN_POINT('',(-2.9,-3.55,0.051));
#32000=VERTEX_POINT('',#32001);
#31999=EDGE_CURVE('',#32000,#31902,#32004,.T.);
#32004=LINE('',#32001,#32006);
#32006=VECTOR('',#32007,0.0508);
#32007=DIRECTION('',(0.0,0.0,-1.0));
#31998=ORIENTED_EDGE('',*,*,#31999,.F.);
#32011=CARTESIAN_POINT('',(-2.9,-3.25,0.051));
#32010=VERTEX_POINT('',#32011);
#32009=EDGE_CURVE('',#32010,#32000,#32014,.T.);
#32014=LINE('',#32011,#32016);
#32016=VECTOR('',#32017,0.300000921852187);
#32017=DIRECTION('',(0.0,-1.0,0.0));
#32008=ORIENTED_EDGE('',*,*,#32009,.F.);
#32021=CARTESIAN_POINT('',(-2.9,-3.25,0.0));
#32020=VERTEX_POINT('',#32021);
#32019=EDGE_CURVE('',#32020,#32010,#32024,.T.);
#32024=LINE('',#32021,#32026);
#32026=VECTOR('',#32027,0.0508);
#32027=DIRECTION('',(0.0,0.0,1.0));
#32018=ORIENTED_EDGE('',*,*,#32019,.F.);
#32029=EDGE_CURVE('',#31884,#32020,#32034,.T.);
#32034=LINE('',#31885,#32036);
#32036=VECTOR('',#32037,0.350800921013696);
#32037=DIRECTION('',(0.0,1.0,0.0));
#32028=ORIENTED_EDGE('',*,*,#32029,.F.);
#32038=STYLED_ITEM('',(#34),#32039);
#32039=ADVANCED_FACE('',(#32045),#32040,.T.);
#32040=PLANE('',#32041);
#32041=AXIS2_PLACEMENT_3D('',#32042,#32043,#32044);
#32042=CARTESIAN_POINT('',(-2.6,-3.25,0.0));
#32043=DIRECTION('',(1.0,0.0,0.0));
#32044=DIRECTION('',(0.,0.,1.));
#32045=FACE_OUTER_BOUND('',#32046,.T.);
#32046=EDGE_LOOP('',(#32047,#32057,#32067,#32077,#32087,#32097));
#32050=CARTESIAN_POINT('',(-2.6,-3.25,0.051));
#32049=VERTEX_POINT('',#32050);
#32052=CARTESIAN_POINT('',(-2.6,-3.25,0.0));
#32051=VERTEX_POINT('',#32052);
#32048=EDGE_CURVE('',#32049,#32051,#32053,.T.);
#32053=LINE('',#32050,#32055);
#32055=VECTOR('',#32056,0.0508);
#32056=DIRECTION('',(0.0,0.0,-1.0));
#32047=ORIENTED_EDGE('',*,*,#32048,.F.);
#32060=CARTESIAN_POINT('',(-2.6,-3.55,0.051));
#32059=VERTEX_POINT('',#32060);
#32058=EDGE_CURVE('',#32059,#32049,#32063,.T.);
#32063=LINE('',#32060,#32065);
#32065=VECTOR('',#32066,0.300000921852187);
#32066=DIRECTION('',(0.0,1.0,0.0));
#32057=ORIENTED_EDGE('',*,*,#32058,.F.);
#32068=EDGE_CURVE('',#31892,#32059,#32073,.T.);
#32073=LINE('',#31893,#32075);
#32075=VECTOR('',#32076,0.0508);
#32076=DIRECTION('',(0.0,0.0,1.0));
#32067=ORIENTED_EDGE('',*,*,#32068,.F.);
#32077=ORIENTED_EDGE('',*,*,#31891,.T.);
#32087=ORIENTED_EDGE('',*,*,#31881,.T.);
#32098=EDGE_CURVE('',#32051,#31882,#32103,.T.);
#32103=LINE('',#32052,#32105);
#32105=VECTOR('',#32106,0.350800921013696);
#32106=DIRECTION('',(0.0,-1.0,0.0));
#32097=ORIENTED_EDGE('',*,*,#32098,.F.);
#32107=STYLED_ITEM('color',(#34),#32108);
#32108=ADVANCED_FACE($,(#32114),#32109,.T.);
#32109=PLANE($,#32110);
#32110=AXIS2_PLACEMENT_3D($,#32111,#32112,#32113);
#32111=CARTESIAN_POINT('',(-2.9,-3.55,0.051));
#32112=DIRECTION('',(0.0,0.0,1.0));
#32113=DIRECTION('',(1.,0.,0.));
#32114=FACE_OUTER_BOUND($,#32115,.T.);
#32115=EDGE_LOOP($,(#32118, #32128, #32138, #32148));
#32118=ORIENTED_EDGE('',*,*,#32009,.T.);
#32129=EDGE_CURVE('',#32059,#32000,#32134,.T.);
#32134=LINE('',#32060,#32136);
#32136=VECTOR('',#32137,0.299999905845576);
#32137=DIRECTION('',(-1.0,0.0,0.0));
#32128=ORIENTED_EDGE('',*,*,#32129,.F.);
#32138=ORIENTED_EDGE('',*,*,#32058,.T.);
#32149=EDGE_CURVE($,#32010,#32049,#32154,.T.);
#32154=CIRCLE($,#32155,0.149999954);
#32156=CARTESIAN_POINT('',(-2.75,-3.25,0.051));
#32155=AXIS2_PLACEMENT_3D($,#32156,#32157,#32158);
#32157=DIRECTION('',(0.0,0.0,-1.0));
#32158=DIRECTION('',(1.0,0.0,0.0));
#32148=ORIENTED_EDGE('',*,*,#32149,.F.);
#32159=STYLED_ITEM('color',(#34),#32160);
#32160=ADVANCED_FACE($,(#32166),#32161,.T.);
#32161=PLANE($,#32162);
#32162=AXIS2_PLACEMENT_3D($,#32163,#32164,#32165);
#32163=CARTESIAN_POINT('',(-2.6,-3.25,0.0));
#32164=DIRECTION('',(0.0,0.0,-1.0));
#32165=DIRECTION('',(1.,0.,0.));
#32166=FACE_OUTER_BOUND($,#32167,.T.);
#32167=EDGE_LOOP($,(#32170, #32180, #32190, #32200));
#32170=ORIENTED_EDGE('',*,*,#32098,.T.);
#32180=ORIENTED_EDGE('',*,*,#31881,.T.);
#32190=ORIENTED_EDGE('',*,*,#32029,.T.);
#32201=EDGE_CURVE($,#32051,#32020,#32206,.T.);
#32206=CIRCLE($,#32207,0.149999954);
#32208=CARTESIAN_POINT('',(-2.75,-3.25,0.0));
#32207=AXIS2_PLACEMENT_3D($,#32208,#32209,#32210);
#32209=DIRECTION('',(0.0,0.0,1.0));
#32210=DIRECTION('',(-1.0,0.0,0.0));
#32200=ORIENTED_EDGE('',*,*,#32201,.F.);
#32211=STYLED_ITEM('color',(#34),#32212);
#32212=ADVANCED_FACE($,(#32218),#32213,.T.);
#32213=CYLINDRICAL_SURFACE($,#32214,0.149999954);
#32214=AXIS2_PLACEMENT_3D($,#32215,#32216,#32217);
#32215=CARTESIAN_POINT('',(-2.75,-3.25,0.0));
#32216=DIRECTION('',(0.,0.,1.));
#32217=DIRECTION('',(0.,1.,0.));
#32218=FACE_OUTER_BOUND($,#32219,.T.);
#32219=EDGE_LOOP($,(#32242, #32220, #32252, #32231));
#32242=ORIENTED_EDGE('',*,*,#32048,.T.);
#32220=ORIENTED_EDGE('',*,*,#32201,.T.);
#32252=ORIENTED_EDGE('',*,*,#32019,.T.);
#32231=ORIENTED_EDGE('',*,*,#32149,.T.);
#32264=STYLED_ITEM('',(#34),#32265);
#32265=ADVANCED_FACE('',(#32271),#32266,.T.);
#32266=PLANE('',#32267);
#32267=AXIS2_PLACEMENT_3D('',#32268,#32269,#32270);
#32268=CARTESIAN_POINT('',(-2.9,-3.55,0.0));
#32269=DIRECTION('',(0.0,-1.0,0.0));
#32270=DIRECTION('',(0.,0.,1.));
#32271=FACE_OUTER_BOUND('',#32272,.T.);
#32272=EDGE_LOOP('',(#32273,#32283,#32293,#32303));
#32273=ORIENTED_EDGE('',*,*,#31901,.T.);
#32283=ORIENTED_EDGE('',*,*,#32068,.T.);
#32293=ORIENTED_EDGE('',*,*,#32129,.T.);
#32303=ORIENTED_EDGE('',*,*,#31999,.T.);
#32731=MANIFOLD_SOLID_BREP($,#32732);
#32732=CLOSED_SHELL('',(#32734,#32783,#32832,#32901,#32970,#33022,#33074,#33127));
#32733=STYLED_ITEM('',(#34),#32734);
#32734=ADVANCED_FACE('',(#32740),#32735,.T.);
#32735=PLANE('',#32736);
#32736=AXIS2_PLACEMENT_3D('',#32737,#32738,#32739);
#32737=CARTESIAN_POINT('',(-2.4,-3.601,0.0));
#32738=DIRECTION('',(0.0,0.0,1.0));
#32739=DIRECTION('',(0.,1.,0.));
#32740=FACE_OUTER_BOUND('',#32741,.T.);
#32741=EDGE_LOOP('',(#32742,#32752,#32762,#32772));
#32745=CARTESIAN_POINT('',(-2.1,-3.601,0.0));
#32744=VERTEX_POINT('',#32745);
#32747=CARTESIAN_POINT('',(-2.4,-3.601,0.0));
#32746=VERTEX_POINT('',#32747);
#32743=EDGE_CURVE('',#32744,#32746,#32748,.T.);
#32748=LINE('',#32745,#32750);
#32750=VECTOR('',#32751,0.299999908);
#32751=DIRECTION('',(-1.0,0.0,0.0));
#32742=ORIENTED_EDGE('',*,*,#32743,.F.);
#32755=CARTESIAN_POINT('',(-2.1,-3.55,0.0));
#32754=VERTEX_POINT('',#32755);
#32753=EDGE_CURVE('',#32754,#32744,#32758,.T.);
#32758=LINE('',#32755,#32760);
#32760=VECTOR('',#32761,0.0507999991615081);
#32761=DIRECTION('',(0.0,-1.0,0.0));
#32752=ORIENTED_EDGE('',*,*,#32753,.F.);
#32765=CARTESIAN_POINT('',(-2.4,-3.55,0.0));
#32764=VERTEX_POINT('',#32765);
#32763=EDGE_CURVE('',#32764,#32754,#32768,.T.);
#32768=LINE('',#32765,#32770);
#32770=VECTOR('',#32771,0.299999905845576);
#32771=DIRECTION('',(1.0,0.0,0.0));
#32762=ORIENTED_EDGE('',*,*,#32763,.F.);
#32773=EDGE_CURVE('',#32746,#32764,#32778,.T.);
#32778=LINE('',#32747,#32780);
#32780=VECTOR('',#32781,0.0507999991615084);
#32781=DIRECTION('',(0.0,1.0,0.0));
#32772=ORIENTED_EDGE('',*,*,#32773,.F.);
#32782=STYLED_ITEM('',(#34),#32783);
#32783=ADVANCED_FACE('',(#32789),#32784,.T.);
#32784=PLANE('',#32785);
#32785=AXIS2_PLACEMENT_3D('',#32786,#32787,#32788);
#32786=CARTESIAN_POINT('',(-2.4,-3.601,0.0));
#32787=DIRECTION('',(1.0,0.0,0.0));
#32788=DIRECTION('',(0.,0.,1.));
#32789=FACE_OUTER_BOUND('',#32790,.T.);
#32790=EDGE_LOOP('',(#32791,#32801,#32811,#32821));
#32791=ORIENTED_EDGE('',*,*,#32743,.F.);
#32801=ORIENTED_EDGE('',*,*,#32743,.T.);
#32811=ORIENTED_EDGE('',*,*,#32743,.T.);
#32821=ORIENTED_EDGE('',*,*,#32743,.T.);
#32831=STYLED_ITEM('',(#34),#32832);
#32832=ADVANCED_FACE('',(#32838),#32833,.T.);
#32833=PLANE('',#32834);
#32834=AXIS2_PLACEMENT_3D('',#32835,#32836,#32837);
#32835=CARTESIAN_POINT('',(-2.4,-3.601,0.0));
#32836=DIRECTION('',(1.0,0.0,0.0));
#32837=DIRECTION('',(0.,0.,1.));
#32838=FACE_OUTER_BOUND('',#32839,.T.);
#32839=EDGE_LOOP('',(#32840,#32850,#32860,#32870,#32880,#32890));
#32840=ORIENTED_EDGE('',*,*,#32743,.T.);
#32850=ORIENTED_EDGE('',*,*,#32773,.T.);
#32863=CARTESIAN_POINT('',(-2.4,-3.55,0.051));
#32862=VERTEX_POINT('',#32863);
#32861=EDGE_CURVE('',#32862,#32764,#32866,.T.);
#32866=LINE('',#32863,#32868);
#32868=VECTOR('',#32869,0.0508);
#32869=DIRECTION('',(0.0,0.0,-1.0));
#32860=ORIENTED_EDGE('',*,*,#32861,.F.);
#32873=CARTESIAN_POINT('',(-2.4,-3.25,0.051));
#32872=VERTEX_POINT('',#32873);
#32871=EDGE_CURVE('',#32872,#32862,#32876,.T.);
#32876=LINE('',#32873,#32878);
#32878=VECTOR('',#32879,0.300000921852187);
#32879=DIRECTION('',(0.0,-1.0,0.0));
#32870=ORIENTED_EDGE('',*,*,#32871,.F.);
#32883=CARTESIAN_POINT('',(-2.4,-3.25,0.0));
#32882=VERTEX_POINT('',#32883);
#32881=EDGE_CURVE('',#32882,#32872,#32886,.T.);
#32886=LINE('',#32883,#32888);
#32888=VECTOR('',#32889,0.0508);
#32889=DIRECTION('',(0.0,0.0,1.0));
#32880=ORIENTED_EDGE('',*,*,#32881,.F.);
#32891=EDGE_CURVE('',#32746,#32882,#32896,.T.);
#32896=LINE('',#32747,#32898);
#32898=VECTOR('',#32899,0.350800921013696);
#32899=DIRECTION('',(0.0,1.0,0.0));
#32890=ORIENTED_EDGE('',*,*,#32891,.F.);
#32900=STYLED_ITEM('',(#34),#32901);
#32901=ADVANCED_FACE('',(#32907),#32902,.T.);
#32902=PLANE('',#32903);
#32903=AXIS2_PLACEMENT_3D('',#32904,#32905,#32906);
#32904=CARTESIAN_POINT('',(-2.1,-3.25,0.0));
#32905=DIRECTION('',(1.0,0.0,0.0));
#32906=DIRECTION('',(0.,0.,1.));
#32907=FACE_OUTER_BOUND('',#32908,.T.);
#32908=EDGE_LOOP('',(#32909,#32919,#32929,#32939,#32949,#32959));
#32912=CARTESIAN_POINT('',(-2.1,-3.25,0.051));
#32911=VERTEX_POINT('',#32912);
#32914=CARTESIAN_POINT('',(-2.1,-3.25,0.0));
#32913=VERTEX_POINT('',#32914);
#32910=EDGE_CURVE('',#32911,#32913,#32915,.T.);
#32915=LINE('',#32912,#32917);
#32917=VECTOR('',#32918,0.0508);
#32918=DIRECTION('',(0.0,0.0,-1.0));
#32909=ORIENTED_EDGE('',*,*,#32910,.F.);
#32922=CARTESIAN_POINT('',(-2.1,-3.55,0.051));
#32921=VERTEX_POINT('',#32922);
#32920=EDGE_CURVE('',#32921,#32911,#32925,.T.);
#32925=LINE('',#32922,#32927);
#32927=VECTOR('',#32928,0.300000921852187);
#32928=DIRECTION('',(0.0,1.0,0.0));
#32919=ORIENTED_EDGE('',*,*,#32920,.F.);
#32930=EDGE_CURVE('',#32754,#32921,#32935,.T.);
#32935=LINE('',#32755,#32937);
#32937=VECTOR('',#32938,0.0508);
#32938=DIRECTION('',(0.0,0.0,1.0));
#32929=ORIENTED_EDGE('',*,*,#32930,.F.);
#32939=ORIENTED_EDGE('',*,*,#32753,.T.);
#32949=ORIENTED_EDGE('',*,*,#32743,.T.);
#32960=EDGE_CURVE('',#32913,#32744,#32965,.T.);
#32965=LINE('',#32914,#32967);
#32967=VECTOR('',#32968,0.350800921013696);
#32968=DIRECTION('',(0.0,-1.0,0.0));
#32959=ORIENTED_EDGE('',*,*,#32960,.F.);
#32969=STYLED_ITEM('color',(#34),#32970);
#32970=ADVANCED_FACE($,(#32976),#32971,.T.);
#32971=PLANE($,#32972);
#32972=AXIS2_PLACEMENT_3D($,#32973,#32974,#32975);
#32973=CARTESIAN_POINT('',(-2.4,-3.55,0.051));
#32974=DIRECTION('',(0.0,0.0,1.0));
#32975=DIRECTION('',(1.,0.,0.));
#32976=FACE_OUTER_BOUND($,#32977,.T.);
#32977=EDGE_LOOP($,(#32980, #32990, #33000, #33010));
#32980=ORIENTED_EDGE('',*,*,#32871,.T.);
#32991=EDGE_CURVE('',#32921,#32862,#32996,.T.);
#32996=LINE('',#32922,#32998);
#32998=VECTOR('',#32999,0.299999905845576);
#32999=DIRECTION('',(-1.0,0.0,0.0));
#32990=ORIENTED_EDGE('',*,*,#32991,.F.);
#33000=ORIENTED_EDGE('',*,*,#32920,.T.);
#33011=EDGE_CURVE($,#32872,#32911,#33016,.T.);
#33016=CIRCLE($,#33017,0.149999954);
#33018=CARTESIAN_POINT('',(-2.25,-3.25,0.051));
#33017=AXIS2_PLACEMENT_3D($,#33018,#33019,#33020);
#33019=DIRECTION('',(0.0,0.0,-1.0));
#33020=DIRECTION('',(1.0,0.0,0.0));
#33010=ORIENTED_EDGE('',*,*,#33011,.F.);
#33021=STYLED_ITEM('color',(#34),#33022);
#33022=ADVANCED_FACE($,(#33028),#33023,.T.);
#33023=PLANE($,#33024);
#33024=AXIS2_PLACEMENT_3D($,#33025,#33026,#33027);
#33025=CARTESIAN_POINT('',(-2.1,-3.25,0.0));
#33026=DIRECTION('',(0.0,0.0,-1.0));
#33027=DIRECTION('',(1.,0.,0.));
#33028=FACE_OUTER_BOUND($,#33029,.T.);
#33029=EDGE_LOOP($,(#33032, #33042, #33052, #33062));
#33032=ORIENTED_EDGE('',*,*,#32960,.T.);
#33042=ORIENTED_EDGE('',*,*,#32743,.T.);
#33052=ORIENTED_EDGE('',*,*,#32891,.T.);
#33063=EDGE_CURVE($,#32913,#32882,#33068,.T.);
#33068=CIRCLE($,#33069,0.149999954);
#33070=CARTESIAN_POINT('',(-2.25,-3.25,0.0));
#33069=AXIS2_PLACEMENT_3D($,#33070,#33071,#33072);
#33071=DIRECTION('',(0.0,0.0,1.0));
#33072=DIRECTION('',(-1.0,0.0,0.0));
#33062=ORIENTED_EDGE('',*,*,#33063,.F.);
#33073=STYLED_ITEM('color',(#34),#33074);
#33074=ADVANCED_FACE($,(#33080),#33075,.T.);
#33075=CYLINDRICAL_SURFACE($,#33076,0.149999954);
#33076=AXIS2_PLACEMENT_3D($,#33077,#33078,#33079);
#33077=CARTESIAN_POINT('',(-2.25,-3.25,0.0));
#33078=DIRECTION('',(0.,0.,1.));
#33079=DIRECTION('',(0.,1.,0.));
#33080=FACE_OUTER_BOUND($,#33081,.T.);
#33081=EDGE_LOOP($,(#33104, #33082, #33114, #33093));
#33104=ORIENTED_EDGE('',*,*,#32910,.T.);
#33082=ORIENTED_EDGE('',*,*,#33063,.T.);
#33114=ORIENTED_EDGE('',*,*,#32881,.T.);
#33093=ORIENTED_EDGE('',*,*,#33011,.T.);
#33126=STYLED_ITEM('',(#34),#33127);
#33127=ADVANCED_FACE('',(#33133),#33128,.T.);
#33128=PLANE('',#33129);
#33129=AXIS2_PLACEMENT_3D('',#33130,#33131,#33132);
#33130=CARTESIAN_POINT('',(-2.4,-3.55,0.0));
#33131=DIRECTION('',(0.0,-1.0,0.0));
#33132=DIRECTION('',(0.,0.,1.));
#33133=FACE_OUTER_BOUND('',#33134,.T.);
#33134=EDGE_LOOP('',(#33135,#33145,#33155,#33165));
#33135=ORIENTED_EDGE('',*,*,#32763,.T.);
#33145=ORIENTED_EDGE('',*,*,#32930,.T.);
#33155=ORIENTED_EDGE('',*,*,#32991,.T.);
#33165=ORIENTED_EDGE('',*,*,#32861,.T.);
#33593=MANIFOLD_SOLID_BREP($,#33594);
#33594=CLOSED_SHELL('',(#33596,#33645,#33694,#33763,#33832,#33884,#33936,#33989));
#33595=STYLED_ITEM('',(#34),#33596);
#33596=ADVANCED_FACE('',(#33602),#33597,.T.);
#33597=PLANE('',#33598);
#33598=AXIS2_PLACEMENT_3D('',#33599,#33600,#33601);
#33599=CARTESIAN_POINT('',(-1.9,-3.601,0.0));
#33600=DIRECTION('',(0.0,0.0,1.0));
#33601=DIRECTION('',(0.,1.,0.));
#33602=FACE_OUTER_BOUND('',#33603,.T.);
#33603=EDGE_LOOP('',(#33604,#33614,#33624,#33634));
#33607=CARTESIAN_POINT('',(-1.6,-3.601,0.0));
#33606=VERTEX_POINT('',#33607);
#33609=CARTESIAN_POINT('',(-1.9,-3.601,0.0));
#33608=VERTEX_POINT('',#33609);
#33605=EDGE_CURVE('',#33606,#33608,#33610,.T.);
#33610=LINE('',#33607,#33612);
#33612=VECTOR('',#33613,0.299999908);
#33613=DIRECTION('',(-1.0,0.0,0.0));
#33604=ORIENTED_EDGE('',*,*,#33605,.F.);
#33617=CARTESIAN_POINT('',(-1.6,-3.55,0.0));
#33616=VERTEX_POINT('',#33617);
#33615=EDGE_CURVE('',#33616,#33606,#33620,.T.);
#33620=LINE('',#33617,#33622);
#33622=VECTOR('',#33623,0.0507999991615081);
#33623=DIRECTION('',(0.0,-1.0,0.0));
#33614=ORIENTED_EDGE('',*,*,#33615,.F.);
#33627=CARTESIAN_POINT('',(-1.9,-3.55,0.0));
#33626=VERTEX_POINT('',#33627);
#33625=EDGE_CURVE('',#33626,#33616,#33630,.T.);
#33630=LINE('',#33627,#33632);
#33632=VECTOR('',#33633,0.299999905845576);
#33633=DIRECTION('',(1.0,0.0,0.0));
#33624=ORIENTED_EDGE('',*,*,#33625,.F.);
#33635=EDGE_CURVE('',#33608,#33626,#33640,.T.);
#33640=LINE('',#33609,#33642);
#33642=VECTOR('',#33643,0.0507999991615084);
#33643=DIRECTION('',(0.0,1.0,0.0));
#33634=ORIENTED_EDGE('',*,*,#33635,.F.);
#33644=STYLED_ITEM('',(#34),#33645);
#33645=ADVANCED_FACE('',(#33651),#33646,.T.);
#33646=PLANE('',#33647);
#33647=AXIS2_PLACEMENT_3D('',#33648,#33649,#33650);
#33648=CARTESIAN_POINT('',(-1.9,-3.601,0.0));
#33649=DIRECTION('',(1.0,0.0,0.0));
#33650=DIRECTION('',(0.,0.,1.));
#33651=FACE_OUTER_BOUND('',#33652,.T.);
#33652=EDGE_LOOP('',(#33653,#33663,#33673,#33683));
#33653=ORIENTED_EDGE('',*,*,#33605,.F.);
#33663=ORIENTED_EDGE('',*,*,#33605,.T.);
#33673=ORIENTED_EDGE('',*,*,#33605,.T.);
#33683=ORIENTED_EDGE('',*,*,#33605,.T.);
#33693=STYLED_ITEM('',(#34),#33694);
#33694=ADVANCED_FACE('',(#33700),#33695,.T.);
#33695=PLANE('',#33696);
#33696=AXIS2_PLACEMENT_3D('',#33697,#33698,#33699);
#33697=CARTESIAN_POINT('',(-1.9,-3.601,0.0));
#33698=DIRECTION('',(1.0,0.0,0.0));
#33699=DIRECTION('',(0.,0.,1.));
#33700=FACE_OUTER_BOUND('',#33701,.T.);
#33701=EDGE_LOOP('',(#33702,#33712,#33722,#33732,#33742,#33752));
#33702=ORIENTED_EDGE('',*,*,#33605,.T.);
#33712=ORIENTED_EDGE('',*,*,#33635,.T.);
#33725=CARTESIAN_POINT('',(-1.9,-3.55,0.051));
#33724=VERTEX_POINT('',#33725);
#33723=EDGE_CURVE('',#33724,#33626,#33728,.T.);
#33728=LINE('',#33725,#33730);
#33730=VECTOR('',#33731,0.0508);
#33731=DIRECTION('',(0.0,0.0,-1.0));
#33722=ORIENTED_EDGE('',*,*,#33723,.F.);
#33735=CARTESIAN_POINT('',(-1.9,-3.25,0.051));
#33734=VERTEX_POINT('',#33735);
#33733=EDGE_CURVE('',#33734,#33724,#33738,.T.);
#33738=LINE('',#33735,#33740);
#33740=VECTOR('',#33741,0.300000921852187);
#33741=DIRECTION('',(0.0,-1.0,0.0));
#33732=ORIENTED_EDGE('',*,*,#33733,.F.);
#33745=CARTESIAN_POINT('',(-1.9,-3.25,0.0));
#33744=VERTEX_POINT('',#33745);
#33743=EDGE_CURVE('',#33744,#33734,#33748,.T.);
#33748=LINE('',#33745,#33750);
#33750=VECTOR('',#33751,0.0508);
#33751=DIRECTION('',(0.0,0.0,1.0));
#33742=ORIENTED_EDGE('',*,*,#33743,.F.);
#33753=EDGE_CURVE('',#33608,#33744,#33758,.T.);
#33758=LINE('',#33609,#33760);
#33760=VECTOR('',#33761,0.350800921013696);
#33761=DIRECTION('',(0.0,1.0,0.0));
#33752=ORIENTED_EDGE('',*,*,#33753,.F.);
#33762=STYLED_ITEM('',(#34),#33763);
#33763=ADVANCED_FACE('',(#33769),#33764,.T.);
#33764=PLANE('',#33765);
#33765=AXIS2_PLACEMENT_3D('',#33766,#33767,#33768);
#33766=CARTESIAN_POINT('',(-1.6,-3.25,0.0));
#33767=DIRECTION('',(1.0,0.0,0.0));
#33768=DIRECTION('',(0.,0.,1.));
#33769=FACE_OUTER_BOUND('',#33770,.T.);
#33770=EDGE_LOOP('',(#33771,#33781,#33791,#33801,#33811,#33821));
#33774=CARTESIAN_POINT('',(-1.6,-3.25,0.051));
#33773=VERTEX_POINT('',#33774);
#33776=CARTESIAN_POINT('',(-1.6,-3.25,0.0));
#33775=VERTEX_POINT('',#33776);
#33772=EDGE_CURVE('',#33773,#33775,#33777,.T.);
#33777=LINE('',#33774,#33779);
#33779=VECTOR('',#33780,0.0508);
#33780=DIRECTION('',(0.0,0.0,-1.0));
#33771=ORIENTED_EDGE('',*,*,#33772,.F.);
#33784=CARTESIAN_POINT('',(-1.6,-3.55,0.051));
#33783=VERTEX_POINT('',#33784);
#33782=EDGE_CURVE('',#33783,#33773,#33787,.T.);
#33787=LINE('',#33784,#33789);
#33789=VECTOR('',#33790,0.300000921852187);
#33790=DIRECTION('',(0.0,1.0,0.0));
#33781=ORIENTED_EDGE('',*,*,#33782,.F.);
#33792=EDGE_CURVE('',#33616,#33783,#33797,.T.);
#33797=LINE('',#33617,#33799);
#33799=VECTOR('',#33800,0.0508);
#33800=DIRECTION('',(0.0,0.0,1.0));
#33791=ORIENTED_EDGE('',*,*,#33792,.F.);
#33801=ORIENTED_EDGE('',*,*,#33615,.T.);
#33811=ORIENTED_EDGE('',*,*,#33605,.T.);
#33822=EDGE_CURVE('',#33775,#33606,#33827,.T.);
#33827=LINE('',#33776,#33829);
#33829=VECTOR('',#33830,0.350800921013696);
#33830=DIRECTION('',(0.0,-1.0,0.0));
#33821=ORIENTED_EDGE('',*,*,#33822,.F.);
#33831=STYLED_ITEM('color',(#34),#33832);
#33832=ADVANCED_FACE($,(#33838),#33833,.T.);
#33833=PLANE($,#33834);
#33834=AXIS2_PLACEMENT_3D($,#33835,#33836,#33837);
#33835=CARTESIAN_POINT('',(-1.9,-3.55,0.051));
#33836=DIRECTION('',(0.0,0.0,1.0));
#33837=DIRECTION('',(1.,0.,0.));
#33838=FACE_OUTER_BOUND($,#33839,.T.);
#33839=EDGE_LOOP($,(#33842, #33852, #33862, #33872));
#33842=ORIENTED_EDGE('',*,*,#33733,.T.);
#33853=EDGE_CURVE('',#33783,#33724,#33858,.T.);
#33858=LINE('',#33784,#33860);
#33860=VECTOR('',#33861,0.299999905845576);
#33861=DIRECTION('',(-1.0,0.0,0.0));
#33852=ORIENTED_EDGE('',*,*,#33853,.F.);
#33862=ORIENTED_EDGE('',*,*,#33782,.T.);
#33873=EDGE_CURVE($,#33734,#33773,#33878,.T.);
#33878=CIRCLE($,#33879,0.149999954);
#33880=CARTESIAN_POINT('',(-1.75,-3.25,0.051));
#33879=AXIS2_PLACEMENT_3D($,#33880,#33881,#33882);
#33881=DIRECTION('',(0.0,0.0,-1.0));
#33882=DIRECTION('',(1.0,0.0,0.0));
#33872=ORIENTED_EDGE('',*,*,#33873,.F.);
#33883=STYLED_ITEM('color',(#34),#33884);
#33884=ADVANCED_FACE($,(#33890),#33885,.T.);
#33885=PLANE($,#33886);
#33886=AXIS2_PLACEMENT_3D($,#33887,#33888,#33889);
#33887=CARTESIAN_POINT('',(-1.6,-3.25,0.0));
#33888=DIRECTION('',(0.0,0.0,-1.0));
#33889=DIRECTION('',(1.,0.,0.));
#33890=FACE_OUTER_BOUND($,#33891,.T.);
#33891=EDGE_LOOP($,(#33894, #33904, #33914, #33924));
#33894=ORIENTED_EDGE('',*,*,#33822,.T.);
#33904=ORIENTED_EDGE('',*,*,#33605,.T.);
#33914=ORIENTED_EDGE('',*,*,#33753,.T.);
#33925=EDGE_CURVE($,#33775,#33744,#33930,.T.);
#33930=CIRCLE($,#33931,0.149999954);
#33932=CARTESIAN_POINT('',(-1.75,-3.25,0.0));
#33931=AXIS2_PLACEMENT_3D($,#33932,#33933,#33934);
#33933=DIRECTION('',(0.0,0.0,1.0));
#33934=DIRECTION('',(-1.0,0.0,0.0));
#33924=ORIENTED_EDGE('',*,*,#33925,.F.);
#33935=STYLED_ITEM('color',(#34),#33936);
#33936=ADVANCED_FACE($,(#33942),#33937,.T.);
#33937=CYLINDRICAL_SURFACE($,#33938,0.149999954);
#33938=AXIS2_PLACEMENT_3D($,#33939,#33940,#33941);
#33939=CARTESIAN_POINT('',(-1.75,-3.25,0.0));
#33940=DIRECTION('',(0.,0.,1.));
#33941=DIRECTION('',(0.,1.,0.));
#33942=FACE_OUTER_BOUND($,#33943,.T.);
#33943=EDGE_LOOP($,(#33966, #33944, #33976, #33955));
#33966=ORIENTED_EDGE('',*,*,#33772,.T.);
#33944=ORIENTED_EDGE('',*,*,#33925,.T.);
#33976=ORIENTED_EDGE('',*,*,#33743,.T.);
#33955=ORIENTED_EDGE('',*,*,#33873,.T.);
#33988=STYLED_ITEM('',(#34),#33989);
#33989=ADVANCED_FACE('',(#33995),#33990,.T.);
#33990=PLANE('',#33991);
#33991=AXIS2_PLACEMENT_3D('',#33992,#33993,#33994);
#33992=CARTESIAN_POINT('',(-1.9,-3.55,0.0));
#33993=DIRECTION('',(0.0,-1.0,0.0));
#33994=DIRECTION('',(0.,0.,1.));
#33995=FACE_OUTER_BOUND('',#33996,.T.);
#33996=EDGE_LOOP('',(#33997,#34007,#34017,#34027));
#33997=ORIENTED_EDGE('',*,*,#33625,.T.);
#34007=ORIENTED_EDGE('',*,*,#33792,.T.);
#34017=ORIENTED_EDGE('',*,*,#33853,.T.);
#34027=ORIENTED_EDGE('',*,*,#33723,.T.);
#34455=MANIFOLD_SOLID_BREP($,#34456);
#34456=CLOSED_SHELL('',(#34458,#34507,#34556,#34625,#34694,#34746,#34798,#34851));
#34457=STYLED_ITEM('',(#34),#34458);
#34458=ADVANCED_FACE('',(#34464),#34459,.T.);
#34459=PLANE('',#34460);
#34460=AXIS2_PLACEMENT_3D('',#34461,#34462,#34463);
#34461=CARTESIAN_POINT('',(-1.4,-3.601,0.0));
#34462=DIRECTION('',(0.0,0.0,1.0));
#34463=DIRECTION('',(0.,1.,0.));
#34464=FACE_OUTER_BOUND('',#34465,.T.);
#34465=EDGE_LOOP('',(#34466,#34476,#34486,#34496));
#34469=CARTESIAN_POINT('',(-1.1,-3.601,0.0));
#34468=VERTEX_POINT('',#34469);
#34471=CARTESIAN_POINT('',(-1.4,-3.601,0.0));
#34470=VERTEX_POINT('',#34471);
#34467=EDGE_CURVE('',#34468,#34470,#34472,.T.);
#34472=LINE('',#34469,#34474);
#34474=VECTOR('',#34475,0.299999908);
#34475=DIRECTION('',(-1.0,0.0,0.0));
#34466=ORIENTED_EDGE('',*,*,#34467,.F.);
#34479=CARTESIAN_POINT('',(-1.1,-3.55,0.0));
#34478=VERTEX_POINT('',#34479);
#34477=EDGE_CURVE('',#34478,#34468,#34482,.T.);
#34482=LINE('',#34479,#34484);
#34484=VECTOR('',#34485,0.0507999991615081);
#34485=DIRECTION('',(0.0,-1.0,0.0));
#34476=ORIENTED_EDGE('',*,*,#34477,.F.);
#34489=CARTESIAN_POINT('',(-1.4,-3.55,0.0));
#34488=VERTEX_POINT('',#34489);
#34487=EDGE_CURVE('',#34488,#34478,#34492,.T.);
#34492=LINE('',#34489,#34494);
#34494=VECTOR('',#34495,0.299999905845577);
#34495=DIRECTION('',(1.0,0.0,0.0));
#34486=ORIENTED_EDGE('',*,*,#34487,.F.);
#34497=EDGE_CURVE('',#34470,#34488,#34502,.T.);
#34502=LINE('',#34471,#34504);
#34504=VECTOR('',#34505,0.0507999991615084);
#34505=DIRECTION('',(0.0,1.0,0.0));
#34496=ORIENTED_EDGE('',*,*,#34497,.F.);
#34506=STYLED_ITEM('',(#34),#34507);
#34507=ADVANCED_FACE('',(#34513),#34508,.T.);
#34508=PLANE('',#34509);
#34509=AXIS2_PLACEMENT_3D('',#34510,#34511,#34512);
#34510=CARTESIAN_POINT('',(-1.4,-3.601,0.0));
#34511=DIRECTION('',(1.0,0.0,0.0));
#34512=DIRECTION('',(0.,0.,1.));
#34513=FACE_OUTER_BOUND('',#34514,.T.);
#34514=EDGE_LOOP('',(#34515,#34525,#34535,#34545));
#34515=ORIENTED_EDGE('',*,*,#34467,.F.);
#34525=ORIENTED_EDGE('',*,*,#34467,.T.);
#34535=ORIENTED_EDGE('',*,*,#34467,.T.);
#34545=ORIENTED_EDGE('',*,*,#34467,.T.);
#34555=STYLED_ITEM('',(#34),#34556);
#34556=ADVANCED_FACE('',(#34562),#34557,.T.);
#34557=PLANE('',#34558);
#34558=AXIS2_PLACEMENT_3D('',#34559,#34560,#34561);
#34559=CARTESIAN_POINT('',(-1.4,-3.601,0.0));
#34560=DIRECTION('',(1.0,0.0,0.0));
#34561=DIRECTION('',(0.,0.,1.));
#34562=FACE_OUTER_BOUND('',#34563,.T.);
#34563=EDGE_LOOP('',(#34564,#34574,#34584,#34594,#34604,#34614));
#34564=ORIENTED_EDGE('',*,*,#34467,.T.);
#34574=ORIENTED_EDGE('',*,*,#34497,.T.);
#34587=CARTESIAN_POINT('',(-1.4,-3.55,0.051));
#34586=VERTEX_POINT('',#34587);
#34585=EDGE_CURVE('',#34586,#34488,#34590,.T.);
#34590=LINE('',#34587,#34592);
#34592=VECTOR('',#34593,0.0508);
#34593=DIRECTION('',(0.0,0.0,-1.0));
#34584=ORIENTED_EDGE('',*,*,#34585,.F.);
#34597=CARTESIAN_POINT('',(-1.4,-3.25,0.051));
#34596=VERTEX_POINT('',#34597);
#34595=EDGE_CURVE('',#34596,#34586,#34600,.T.);
#34600=LINE('',#34597,#34602);
#34602=VECTOR('',#34603,0.300000921852187);
#34603=DIRECTION('',(0.0,-1.0,0.0));
#34594=ORIENTED_EDGE('',*,*,#34595,.F.);
#34607=CARTESIAN_POINT('',(-1.4,-3.25,0.0));
#34606=VERTEX_POINT('',#34607);
#34605=EDGE_CURVE('',#34606,#34596,#34610,.T.);
#34610=LINE('',#34607,#34612);
#34612=VECTOR('',#34613,0.0508);
#34613=DIRECTION('',(0.0,0.0,1.0));
#34604=ORIENTED_EDGE('',*,*,#34605,.F.);
#34615=EDGE_CURVE('',#34470,#34606,#34620,.T.);
#34620=LINE('',#34471,#34622);
#34622=VECTOR('',#34623,0.350800921013696);
#34623=DIRECTION('',(0.0,1.0,0.0));
#34614=ORIENTED_EDGE('',*,*,#34615,.F.);
#34624=STYLED_ITEM('',(#34),#34625);
#34625=ADVANCED_FACE('',(#34631),#34626,.T.);
#34626=PLANE('',#34627);
#34627=AXIS2_PLACEMENT_3D('',#34628,#34629,#34630);
#34628=CARTESIAN_POINT('',(-1.1,-3.25,0.0));
#34629=DIRECTION('',(1.0,0.0,0.0));
#34630=DIRECTION('',(0.,0.,1.));
#34631=FACE_OUTER_BOUND('',#34632,.T.);
#34632=EDGE_LOOP('',(#34633,#34643,#34653,#34663,#34673,#34683));
#34636=CARTESIAN_POINT('',(-1.1,-3.25,0.051));
#34635=VERTEX_POINT('',#34636);
#34638=CARTESIAN_POINT('',(-1.1,-3.25,0.0));
#34637=VERTEX_POINT('',#34638);
#34634=EDGE_CURVE('',#34635,#34637,#34639,.T.);
#34639=LINE('',#34636,#34641);
#34641=VECTOR('',#34642,0.0508);
#34642=DIRECTION('',(0.0,0.0,-1.0));
#34633=ORIENTED_EDGE('',*,*,#34634,.F.);
#34646=CARTESIAN_POINT('',(-1.1,-3.55,0.051));
#34645=VERTEX_POINT('',#34646);
#34644=EDGE_CURVE('',#34645,#34635,#34649,.T.);
#34649=LINE('',#34646,#34651);
#34651=VECTOR('',#34652,0.300000921852187);
#34652=DIRECTION('',(0.0,1.0,0.0));
#34643=ORIENTED_EDGE('',*,*,#34644,.F.);
#34654=EDGE_CURVE('',#34478,#34645,#34659,.T.);
#34659=LINE('',#34479,#34661);
#34661=VECTOR('',#34662,0.0508);
#34662=DIRECTION('',(0.0,0.0,1.0));
#34653=ORIENTED_EDGE('',*,*,#34654,.F.);
#34663=ORIENTED_EDGE('',*,*,#34477,.T.);
#34673=ORIENTED_EDGE('',*,*,#34467,.T.);
#34684=EDGE_CURVE('',#34637,#34468,#34689,.T.);
#34689=LINE('',#34638,#34691);
#34691=VECTOR('',#34692,0.350800921013696);
#34692=DIRECTION('',(0.0,-1.0,0.0));
#34683=ORIENTED_EDGE('',*,*,#34684,.F.);
#34693=STYLED_ITEM('color',(#34),#34694);
#34694=ADVANCED_FACE($,(#34700),#34695,.T.);
#34695=PLANE($,#34696);
#34696=AXIS2_PLACEMENT_3D($,#34697,#34698,#34699);
#34697=CARTESIAN_POINT('',(-1.4,-3.55,0.051));
#34698=DIRECTION('',(0.0,0.0,1.0));
#34699=DIRECTION('',(1.,0.,0.));
#34700=FACE_OUTER_BOUND($,#34701,.T.);
#34701=EDGE_LOOP($,(#34704, #34714, #34724, #34734));
#34704=ORIENTED_EDGE('',*,*,#34595,.T.);
#34715=EDGE_CURVE('',#34645,#34586,#34720,.T.);
#34720=LINE('',#34646,#34722);
#34722=VECTOR('',#34723,0.299999905845577);
#34723=DIRECTION('',(-1.0,0.0,0.0));
#34714=ORIENTED_EDGE('',*,*,#34715,.F.);
#34724=ORIENTED_EDGE('',*,*,#34644,.T.);
#34735=EDGE_CURVE($,#34596,#34635,#34740,.T.);
#34740=CIRCLE($,#34741,0.149999954);
#34742=CARTESIAN_POINT('',(-1.25,-3.25,0.051));
#34741=AXIS2_PLACEMENT_3D($,#34742,#34743,#34744);
#34743=DIRECTION('',(0.0,0.0,-1.0));
#34744=DIRECTION('',(1.0,0.0,0.0));
#34734=ORIENTED_EDGE('',*,*,#34735,.F.);
#34745=STYLED_ITEM('color',(#34),#34746);
#34746=ADVANCED_FACE($,(#34752),#34747,.T.);
#34747=PLANE($,#34748);
#34748=AXIS2_PLACEMENT_3D($,#34749,#34750,#34751);
#34749=CARTESIAN_POINT('',(-1.1,-3.25,0.0));
#34750=DIRECTION('',(0.0,0.0,-1.0));
#34751=DIRECTION('',(1.,0.,0.));
#34752=FACE_OUTER_BOUND($,#34753,.T.);
#34753=EDGE_LOOP($,(#34756, #34766, #34776, #34786));
#34756=ORIENTED_EDGE('',*,*,#34684,.T.);
#34766=ORIENTED_EDGE('',*,*,#34467,.T.);
#34776=ORIENTED_EDGE('',*,*,#34615,.T.);
#34787=EDGE_CURVE($,#34637,#34606,#34792,.T.);
#34792=CIRCLE($,#34793,0.149999954);
#34794=CARTESIAN_POINT('',(-1.25,-3.25,0.0));
#34793=AXIS2_PLACEMENT_3D($,#34794,#34795,#34796);
#34795=DIRECTION('',(0.0,0.0,1.0));
#34796=DIRECTION('',(-1.0,0.0,0.0));
#34786=ORIENTED_EDGE('',*,*,#34787,.F.);
#34797=STYLED_ITEM('color',(#34),#34798);
#34798=ADVANCED_FACE($,(#34804),#34799,.T.);
#34799=CYLINDRICAL_SURFACE($,#34800,0.149999954);
#34800=AXIS2_PLACEMENT_3D($,#34801,#34802,#34803);
#34801=CARTESIAN_POINT('',(-1.25,-3.25,0.0));
#34802=DIRECTION('',(0.,0.,1.));
#34803=DIRECTION('',(0.,1.,0.));
#34804=FACE_OUTER_BOUND($,#34805,.T.);
#34805=EDGE_LOOP($,(#34828, #34806, #34838, #34817));
#34828=ORIENTED_EDGE('',*,*,#34634,.T.);
#34806=ORIENTED_EDGE('',*,*,#34787,.T.);
#34838=ORIENTED_EDGE('',*,*,#34605,.T.);
#34817=ORIENTED_EDGE('',*,*,#34735,.T.);
#34850=STYLED_ITEM('',(#34),#34851);
#34851=ADVANCED_FACE('',(#34857),#34852,.T.);
#34852=PLANE('',#34853);
#34853=AXIS2_PLACEMENT_3D('',#34854,#34855,#34856);
#34854=CARTESIAN_POINT('',(-1.4,-3.55,0.0));
#34855=DIRECTION('',(0.0,-1.0,0.0));
#34856=DIRECTION('',(0.,0.,1.));
#34857=FACE_OUTER_BOUND('',#34858,.T.);
#34858=EDGE_LOOP('',(#34859,#34869,#34879,#34889));
#34859=ORIENTED_EDGE('',*,*,#34487,.T.);
#34869=ORIENTED_EDGE('',*,*,#34654,.T.);
#34879=ORIENTED_EDGE('',*,*,#34715,.T.);
#34889=ORIENTED_EDGE('',*,*,#34585,.T.);
#35317=MANIFOLD_SOLID_BREP($,#35318);
#35318=CLOSED_SHELL('',(#35320,#35369,#35418,#35487,#35556,#35608,#35660,#35713));
#35319=STYLED_ITEM('',(#34),#35320);
#35320=ADVANCED_FACE('',(#35326),#35321,.T.);
#35321=PLANE('',#35322);
#35322=AXIS2_PLACEMENT_3D('',#35323,#35324,#35325);
#35323=CARTESIAN_POINT('',(-0.9,-3.601,0.0));
#35324=DIRECTION('',(0.0,0.0,1.0));
#35325=DIRECTION('',(0.,1.,0.));
#35326=FACE_OUTER_BOUND('',#35327,.T.);
#35327=EDGE_LOOP('',(#35328,#35338,#35348,#35358));
#35331=CARTESIAN_POINT('',(-0.6,-3.601,0.0));
#35330=VERTEX_POINT('',#35331);
#35333=CARTESIAN_POINT('',(-0.9,-3.601,0.0));
#35332=VERTEX_POINT('',#35333);
#35329=EDGE_CURVE('',#35330,#35332,#35334,.T.);
#35334=LINE('',#35331,#35336);
#35336=VECTOR('',#35337,0.299999908);
#35337=DIRECTION('',(-1.0,0.0,0.0));
#35328=ORIENTED_EDGE('',*,*,#35329,.F.);
#35341=CARTESIAN_POINT('',(-0.6,-3.55,0.0));
#35340=VERTEX_POINT('',#35341);
#35339=EDGE_CURVE('',#35340,#35330,#35344,.T.);
#35344=LINE('',#35341,#35346);
#35346=VECTOR('',#35347,0.0507999991615081);
#35347=DIRECTION('',(0.0,-1.0,0.0));
#35338=ORIENTED_EDGE('',*,*,#35339,.F.);
#35351=CARTESIAN_POINT('',(-0.9,-3.55,0.0));
#35350=VERTEX_POINT('',#35351);
#35349=EDGE_CURVE('',#35350,#35340,#35354,.T.);
#35354=LINE('',#35351,#35356);
#35356=VECTOR('',#35357,0.299999905845577);
#35357=DIRECTION('',(1.0,0.0,0.0));
#35348=ORIENTED_EDGE('',*,*,#35349,.F.);
#35359=EDGE_CURVE('',#35332,#35350,#35364,.T.);
#35364=LINE('',#35333,#35366);
#35366=VECTOR('',#35367,0.0507999991615084);
#35367=DIRECTION('',(0.0,1.0,0.0));
#35358=ORIENTED_EDGE('',*,*,#35359,.F.);
#35368=STYLED_ITEM('',(#34),#35369);
#35369=ADVANCED_FACE('',(#35375),#35370,.T.);
#35370=PLANE('',#35371);
#35371=AXIS2_PLACEMENT_3D('',#35372,#35373,#35374);
#35372=CARTESIAN_POINT('',(-0.9,-3.601,0.0));
#35373=DIRECTION('',(1.0,0.0,0.0));
#35374=DIRECTION('',(0.,0.,1.));
#35375=FACE_OUTER_BOUND('',#35376,.T.);
#35376=EDGE_LOOP('',(#35377,#35387,#35397,#35407));
#35377=ORIENTED_EDGE('',*,*,#35329,.F.);
#35387=ORIENTED_EDGE('',*,*,#35329,.T.);
#35397=ORIENTED_EDGE('',*,*,#35329,.T.);
#35407=ORIENTED_EDGE('',*,*,#35329,.T.);
#35417=STYLED_ITEM('',(#34),#35418);
#35418=ADVANCED_FACE('',(#35424),#35419,.T.);
#35419=PLANE('',#35420);
#35420=AXIS2_PLACEMENT_3D('',#35421,#35422,#35423);
#35421=CARTESIAN_POINT('',(-0.9,-3.601,0.0));
#35422=DIRECTION('',(1.0,0.0,0.0));
#35423=DIRECTION('',(0.,0.,1.));
#35424=FACE_OUTER_BOUND('',#35425,.T.);
#35425=EDGE_LOOP('',(#35426,#35436,#35446,#35456,#35466,#35476));
#35426=ORIENTED_EDGE('',*,*,#35329,.T.);
#35436=ORIENTED_EDGE('',*,*,#35359,.T.);
#35449=CARTESIAN_POINT('',(-0.9,-3.55,0.051));
#35448=VERTEX_POINT('',#35449);
#35447=EDGE_CURVE('',#35448,#35350,#35452,.T.);
#35452=LINE('',#35449,#35454);
#35454=VECTOR('',#35455,0.0508);
#35455=DIRECTION('',(0.0,0.0,-1.0));
#35446=ORIENTED_EDGE('',*,*,#35447,.F.);
#35459=CARTESIAN_POINT('',(-0.9,-3.25,0.051));
#35458=VERTEX_POINT('',#35459);
#35457=EDGE_CURVE('',#35458,#35448,#35462,.T.);
#35462=LINE('',#35459,#35464);
#35464=VECTOR('',#35465,0.300000921852187);
#35465=DIRECTION('',(0.0,-1.0,0.0));
#35456=ORIENTED_EDGE('',*,*,#35457,.F.);
#35469=CARTESIAN_POINT('',(-0.9,-3.25,0.0));
#35468=VERTEX_POINT('',#35469);
#35467=EDGE_CURVE('',#35468,#35458,#35472,.T.);
#35472=LINE('',#35469,#35474);
#35474=VECTOR('',#35475,0.0508);
#35475=DIRECTION('',(0.0,0.0,1.0));
#35466=ORIENTED_EDGE('',*,*,#35467,.F.);
#35477=EDGE_CURVE('',#35332,#35468,#35482,.T.);
#35482=LINE('',#35333,#35484);
#35484=VECTOR('',#35485,0.350800921013696);
#35485=DIRECTION('',(0.0,1.0,0.0));
#35476=ORIENTED_EDGE('',*,*,#35477,.F.);
#35486=STYLED_ITEM('',(#34),#35487);
#35487=ADVANCED_FACE('',(#35493),#35488,.T.);
#35488=PLANE('',#35489);
#35489=AXIS2_PLACEMENT_3D('',#35490,#35491,#35492);
#35490=CARTESIAN_POINT('',(-0.6,-3.25,0.0));
#35491=DIRECTION('',(1.0,0.0,0.0));
#35492=DIRECTION('',(0.,0.,1.));
#35493=FACE_OUTER_BOUND('',#35494,.T.);
#35494=EDGE_LOOP('',(#35495,#35505,#35515,#35525,#35535,#35545));
#35498=CARTESIAN_POINT('',(-0.6,-3.25,0.051));
#35497=VERTEX_POINT('',#35498);
#35500=CARTESIAN_POINT('',(-0.6,-3.25,0.0));
#35499=VERTEX_POINT('',#35500);
#35496=EDGE_CURVE('',#35497,#35499,#35501,.T.);
#35501=LINE('',#35498,#35503);
#35503=VECTOR('',#35504,0.0508);
#35504=DIRECTION('',(0.0,0.0,-1.0));
#35495=ORIENTED_EDGE('',*,*,#35496,.F.);
#35508=CARTESIAN_POINT('',(-0.6,-3.55,0.051));
#35507=VERTEX_POINT('',#35508);
#35506=EDGE_CURVE('',#35507,#35497,#35511,.T.);
#35511=LINE('',#35508,#35513);
#35513=VECTOR('',#35514,0.300000921852187);
#35514=DIRECTION('',(0.0,1.0,0.0));
#35505=ORIENTED_EDGE('',*,*,#35506,.F.);
#35516=EDGE_CURVE('',#35340,#35507,#35521,.T.);
#35521=LINE('',#35341,#35523);
#35523=VECTOR('',#35524,0.0508);
#35524=DIRECTION('',(0.0,0.0,1.0));
#35515=ORIENTED_EDGE('',*,*,#35516,.F.);
#35525=ORIENTED_EDGE('',*,*,#35339,.T.);
#35535=ORIENTED_EDGE('',*,*,#35329,.T.);
#35546=EDGE_CURVE('',#35499,#35330,#35551,.T.);
#35551=LINE('',#35500,#35553);
#35553=VECTOR('',#35554,0.350800921013696);
#35554=DIRECTION('',(0.0,-1.0,0.0));
#35545=ORIENTED_EDGE('',*,*,#35546,.F.);
#35555=STYLED_ITEM('color',(#34),#35556);
#35556=ADVANCED_FACE($,(#35562),#35557,.T.);
#35557=PLANE($,#35558);
#35558=AXIS2_PLACEMENT_3D($,#35559,#35560,#35561);
#35559=CARTESIAN_POINT('',(-0.9,-3.55,0.051));
#35560=DIRECTION('',(0.0,0.0,1.0));
#35561=DIRECTION('',(1.,0.,0.));
#35562=FACE_OUTER_BOUND($,#35563,.T.);
#35563=EDGE_LOOP($,(#35566, #35576, #35586, #35596));
#35566=ORIENTED_EDGE('',*,*,#35457,.T.);
#35577=EDGE_CURVE('',#35507,#35448,#35582,.T.);
#35582=LINE('',#35508,#35584);
#35584=VECTOR('',#35585,0.299999905845577);
#35585=DIRECTION('',(-1.0,0.0,0.0));
#35576=ORIENTED_EDGE('',*,*,#35577,.F.);
#35586=ORIENTED_EDGE('',*,*,#35506,.T.);
#35597=EDGE_CURVE($,#35458,#35497,#35602,.T.);
#35602=CIRCLE($,#35603,0.149999954);
#35604=CARTESIAN_POINT('',(-0.75,-3.25,0.051));
#35603=AXIS2_PLACEMENT_3D($,#35604,#35605,#35606);
#35605=DIRECTION('',(0.0,0.0,-1.0));
#35606=DIRECTION('',(1.0,0.0,0.0));
#35596=ORIENTED_EDGE('',*,*,#35597,.F.);
#35607=STYLED_ITEM('color',(#34),#35608);
#35608=ADVANCED_FACE($,(#35614),#35609,.T.);
#35609=PLANE($,#35610);
#35610=AXIS2_PLACEMENT_3D($,#35611,#35612,#35613);
#35611=CARTESIAN_POINT('',(-0.6,-3.25,0.0));
#35612=DIRECTION('',(0.0,0.0,-1.0));
#35613=DIRECTION('',(1.,0.,0.));
#35614=FACE_OUTER_BOUND($,#35615,.T.);
#35615=EDGE_LOOP($,(#35618, #35628, #35638, #35648));
#35618=ORIENTED_EDGE('',*,*,#35546,.T.);
#35628=ORIENTED_EDGE('',*,*,#35329,.T.);
#35638=ORIENTED_EDGE('',*,*,#35477,.T.);
#35649=EDGE_CURVE($,#35499,#35468,#35654,.T.);
#35654=CIRCLE($,#35655,0.149999954);
#35656=CARTESIAN_POINT('',(-0.75,-3.25,0.0));
#35655=AXIS2_PLACEMENT_3D($,#35656,#35657,#35658);
#35657=DIRECTION('',(0.0,0.0,1.0));
#35658=DIRECTION('',(-1.0,0.0,0.0));
#35648=ORIENTED_EDGE('',*,*,#35649,.F.);
#35659=STYLED_ITEM('color',(#34),#35660);
#35660=ADVANCED_FACE($,(#35666),#35661,.T.);
#35661=CYLINDRICAL_SURFACE($,#35662,0.149999954);
#35662=AXIS2_PLACEMENT_3D($,#35663,#35664,#35665);
#35663=CARTESIAN_POINT('',(-0.75,-3.25,0.0));
#35664=DIRECTION('',(0.,0.,1.));
#35665=DIRECTION('',(0.,1.,0.));
#35666=FACE_OUTER_BOUND($,#35667,.T.);
#35667=EDGE_LOOP($,(#35690, #35668, #35700, #35679));
#35690=ORIENTED_EDGE('',*,*,#35496,.T.);
#35668=ORIENTED_EDGE('',*,*,#35649,.T.);
#35700=ORIENTED_EDGE('',*,*,#35467,.T.);
#35679=ORIENTED_EDGE('',*,*,#35597,.T.);
#35712=STYLED_ITEM('',(#34),#35713);
#35713=ADVANCED_FACE('',(#35719),#35714,.T.);
#35714=PLANE('',#35715);
#35715=AXIS2_PLACEMENT_3D('',#35716,#35717,#35718);
#35716=CARTESIAN_POINT('',(-0.9,-3.55,0.0));
#35717=DIRECTION('',(0.0,-1.0,0.0));
#35718=DIRECTION('',(0.,0.,1.));
#35719=FACE_OUTER_BOUND('',#35720,.T.);
#35720=EDGE_LOOP('',(#35721,#35731,#35741,#35751));
#35721=ORIENTED_EDGE('',*,*,#35349,.T.);
#35731=ORIENTED_EDGE('',*,*,#35516,.T.);
#35741=ORIENTED_EDGE('',*,*,#35577,.T.);
#35751=ORIENTED_EDGE('',*,*,#35447,.T.);
#36179=MANIFOLD_SOLID_BREP($,#36180);
#36180=CLOSED_SHELL('',(#36182,#36231,#36280,#36349,#36418,#36470,#36522,#36575));
#36181=STYLED_ITEM('',(#34),#36182);
#36182=ADVANCED_FACE('',(#36188),#36183,.T.);
#36183=PLANE('',#36184);
#36184=AXIS2_PLACEMENT_3D('',#36185,#36186,#36187);
#36185=CARTESIAN_POINT('',(-0.4,-3.601,0.0));
#36186=DIRECTION('',(0.0,0.0,1.0));
#36187=DIRECTION('',(0.,1.,0.));
#36188=FACE_OUTER_BOUND('',#36189,.T.);
#36189=EDGE_LOOP('',(#36190,#36200,#36210,#36220));
#36193=CARTESIAN_POINT('',(-0.1,-3.601,0.0));
#36192=VERTEX_POINT('',#36193);
#36195=CARTESIAN_POINT('',(-0.4,-3.601,0.0));
#36194=VERTEX_POINT('',#36195);
#36191=EDGE_CURVE('',#36192,#36194,#36196,.T.);
#36196=LINE('',#36193,#36198);
#36198=VECTOR('',#36199,0.299999908);
#36199=DIRECTION('',(-1.0,0.0,0.0));
#36190=ORIENTED_EDGE('',*,*,#36191,.F.);
#36203=CARTESIAN_POINT('',(-0.1,-3.55,0.0));
#36202=VERTEX_POINT('',#36203);
#36201=EDGE_CURVE('',#36202,#36192,#36206,.T.);
#36206=LINE('',#36203,#36208);
#36208=VECTOR('',#36209,0.0507999991615081);
#36209=DIRECTION('',(0.0,-1.0,0.0));
#36200=ORIENTED_EDGE('',*,*,#36201,.F.);
#36213=CARTESIAN_POINT('',(-0.4,-3.55,0.0));
#36212=VERTEX_POINT('',#36213);
#36211=EDGE_CURVE('',#36212,#36202,#36216,.T.);
#36216=LINE('',#36213,#36218);
#36218=VECTOR('',#36219,0.299999905845577);
#36219=DIRECTION('',(1.0,0.0,0.0));
#36210=ORIENTED_EDGE('',*,*,#36211,.F.);
#36221=EDGE_CURVE('',#36194,#36212,#36226,.T.);
#36226=LINE('',#36195,#36228);
#36228=VECTOR('',#36229,0.0507999991615084);
#36229=DIRECTION('',(0.0,1.0,0.0));
#36220=ORIENTED_EDGE('',*,*,#36221,.F.);
#36230=STYLED_ITEM('',(#34),#36231);
#36231=ADVANCED_FACE('',(#36237),#36232,.T.);
#36232=PLANE('',#36233);
#36233=AXIS2_PLACEMENT_3D('',#36234,#36235,#36236);
#36234=CARTESIAN_POINT('',(-0.4,-3.601,0.0));
#36235=DIRECTION('',(1.0,0.0,0.0));
#36236=DIRECTION('',(0.,0.,1.));
#36237=FACE_OUTER_BOUND('',#36238,.T.);
#36238=EDGE_LOOP('',(#36239,#36249,#36259,#36269));
#36239=ORIENTED_EDGE('',*,*,#36191,.F.);
#36249=ORIENTED_EDGE('',*,*,#36191,.T.);
#36259=ORIENTED_EDGE('',*,*,#36191,.T.);
#36269=ORIENTED_EDGE('',*,*,#36191,.T.);
#36279=STYLED_ITEM('',(#34),#36280);
#36280=ADVANCED_FACE('',(#36286),#36281,.T.);
#36281=PLANE('',#36282);
#36282=AXIS2_PLACEMENT_3D('',#36283,#36284,#36285);
#36283=CARTESIAN_POINT('',(-0.4,-3.601,0.0));
#36284=DIRECTION('',(1.0,0.0,0.0));
#36285=DIRECTION('',(0.,0.,1.));
#36286=FACE_OUTER_BOUND('',#36287,.T.);
#36287=EDGE_LOOP('',(#36288,#36298,#36308,#36318,#36328,#36338));
#36288=ORIENTED_EDGE('',*,*,#36191,.T.);
#36298=ORIENTED_EDGE('',*,*,#36221,.T.);
#36311=CARTESIAN_POINT('',(-0.4,-3.55,0.051));
#36310=VERTEX_POINT('',#36311);
#36309=EDGE_CURVE('',#36310,#36212,#36314,.T.);
#36314=LINE('',#36311,#36316);
#36316=VECTOR('',#36317,0.0508);
#36317=DIRECTION('',(0.0,0.0,-1.0));
#36308=ORIENTED_EDGE('',*,*,#36309,.F.);
#36321=CARTESIAN_POINT('',(-0.4,-3.25,0.051));
#36320=VERTEX_POINT('',#36321);
#36319=EDGE_CURVE('',#36320,#36310,#36324,.T.);
#36324=LINE('',#36321,#36326);
#36326=VECTOR('',#36327,0.300000921852187);
#36327=DIRECTION('',(0.0,-1.0,0.0));
#36318=ORIENTED_EDGE('',*,*,#36319,.F.);
#36331=CARTESIAN_POINT('',(-0.4,-3.25,0.0));
#36330=VERTEX_POINT('',#36331);
#36329=EDGE_CURVE('',#36330,#36320,#36334,.T.);
#36334=LINE('',#36331,#36336);
#36336=VECTOR('',#36337,0.0508);
#36337=DIRECTION('',(0.0,0.0,1.0));
#36328=ORIENTED_EDGE('',*,*,#36329,.F.);
#36339=EDGE_CURVE('',#36194,#36330,#36344,.T.);
#36344=LINE('',#36195,#36346);
#36346=VECTOR('',#36347,0.350800921013696);
#36347=DIRECTION('',(0.0,1.0,0.0));
#36338=ORIENTED_EDGE('',*,*,#36339,.F.);
#36348=STYLED_ITEM('',(#34),#36349);
#36349=ADVANCED_FACE('',(#36355),#36350,.T.);
#36350=PLANE('',#36351);
#36351=AXIS2_PLACEMENT_3D('',#36352,#36353,#36354);
#36352=CARTESIAN_POINT('',(-0.1,-3.25,0.0));
#36353=DIRECTION('',(1.0,0.0,0.0));
#36354=DIRECTION('',(0.,0.,1.));
#36355=FACE_OUTER_BOUND('',#36356,.T.);
#36356=EDGE_LOOP('',(#36357,#36367,#36377,#36387,#36397,#36407));
#36360=CARTESIAN_POINT('',(-0.1,-3.25,0.051));
#36359=VERTEX_POINT('',#36360);
#36362=CARTESIAN_POINT('',(-0.1,-3.25,0.0));
#36361=VERTEX_POINT('',#36362);
#36358=EDGE_CURVE('',#36359,#36361,#36363,.T.);
#36363=LINE('',#36360,#36365);
#36365=VECTOR('',#36366,0.0508);
#36366=DIRECTION('',(0.0,0.0,-1.0));
#36357=ORIENTED_EDGE('',*,*,#36358,.F.);
#36370=CARTESIAN_POINT('',(-0.1,-3.55,0.051));
#36369=VERTEX_POINT('',#36370);
#36368=EDGE_CURVE('',#36369,#36359,#36373,.T.);
#36373=LINE('',#36370,#36375);
#36375=VECTOR('',#36376,0.300000921852187);
#36376=DIRECTION('',(0.0,1.0,0.0));
#36367=ORIENTED_EDGE('',*,*,#36368,.F.);
#36378=EDGE_CURVE('',#36202,#36369,#36383,.T.);
#36383=LINE('',#36203,#36385);
#36385=VECTOR('',#36386,0.0508);
#36386=DIRECTION('',(0.0,0.0,1.0));
#36377=ORIENTED_EDGE('',*,*,#36378,.F.);
#36387=ORIENTED_EDGE('',*,*,#36201,.T.);
#36397=ORIENTED_EDGE('',*,*,#36191,.T.);
#36408=EDGE_CURVE('',#36361,#36192,#36413,.T.);
#36413=LINE('',#36362,#36415);
#36415=VECTOR('',#36416,0.350800921013696);
#36416=DIRECTION('',(0.0,-1.0,0.0));
#36407=ORIENTED_EDGE('',*,*,#36408,.F.);
#36417=STYLED_ITEM('color',(#34),#36418);
#36418=ADVANCED_FACE($,(#36424),#36419,.T.);
#36419=PLANE($,#36420);
#36420=AXIS2_PLACEMENT_3D($,#36421,#36422,#36423);
#36421=CARTESIAN_POINT('',(-0.4,-3.55,0.051));
#36422=DIRECTION('',(0.0,0.0,1.0));
#36423=DIRECTION('',(1.,0.,0.));
#36424=FACE_OUTER_BOUND($,#36425,.T.);
#36425=EDGE_LOOP($,(#36428, #36438, #36448, #36458));
#36428=ORIENTED_EDGE('',*,*,#36319,.T.);
#36439=EDGE_CURVE('',#36369,#36310,#36444,.T.);
#36444=LINE('',#36370,#36446);
#36446=VECTOR('',#36447,0.299999905845577);
#36447=DIRECTION('',(-1.0,0.0,0.0));
#36438=ORIENTED_EDGE('',*,*,#36439,.F.);
#36448=ORIENTED_EDGE('',*,*,#36368,.T.);
#36459=EDGE_CURVE($,#36320,#36359,#36464,.T.);
#36464=CIRCLE($,#36465,0.149999954);
#36466=CARTESIAN_POINT('',(-0.25,-3.25,0.051));
#36465=AXIS2_PLACEMENT_3D($,#36466,#36467,#36468);
#36467=DIRECTION('',(0.0,0.0,-1.0));
#36468=DIRECTION('',(1.0,0.0,0.0));
#36458=ORIENTED_EDGE('',*,*,#36459,.F.);
#36469=STYLED_ITEM('color',(#34),#36470);
#36470=ADVANCED_FACE($,(#36476),#36471,.T.);
#36471=PLANE($,#36472);
#36472=AXIS2_PLACEMENT_3D($,#36473,#36474,#36475);
#36473=CARTESIAN_POINT('',(-0.1,-3.25,0.0));
#36474=DIRECTION('',(0.0,0.0,-1.0));
#36475=DIRECTION('',(1.,0.,0.));
#36476=FACE_OUTER_BOUND($,#36477,.T.);
#36477=EDGE_LOOP($,(#36480, #36490, #36500, #36510));
#36480=ORIENTED_EDGE('',*,*,#36408,.T.);
#36490=ORIENTED_EDGE('',*,*,#36191,.T.);
#36500=ORIENTED_EDGE('',*,*,#36339,.T.);
#36511=EDGE_CURVE($,#36361,#36330,#36516,.T.);
#36516=CIRCLE($,#36517,0.149999954);
#36518=CARTESIAN_POINT('',(-0.25,-3.25,0.0));
#36517=AXIS2_PLACEMENT_3D($,#36518,#36519,#36520);
#36519=DIRECTION('',(0.0,0.0,1.0));
#36520=DIRECTION('',(-1.0,0.0,0.0));
#36510=ORIENTED_EDGE('',*,*,#36511,.F.);
#36521=STYLED_ITEM('color',(#34),#36522);
#36522=ADVANCED_FACE($,(#36528),#36523,.T.);
#36523=CYLINDRICAL_SURFACE($,#36524,0.149999954);
#36524=AXIS2_PLACEMENT_3D($,#36525,#36526,#36527);
#36525=CARTESIAN_POINT('',(-0.25,-3.25,0.0));
#36526=DIRECTION('',(0.,0.,1.));
#36527=DIRECTION('',(0.,1.,0.));
#36528=FACE_OUTER_BOUND($,#36529,.T.);
#36529=EDGE_LOOP($,(#36552, #36530, #36562, #36541));
#36552=ORIENTED_EDGE('',*,*,#36358,.T.);
#36530=ORIENTED_EDGE('',*,*,#36511,.T.);
#36562=ORIENTED_EDGE('',*,*,#36329,.T.);
#36541=ORIENTED_EDGE('',*,*,#36459,.T.);
#36574=STYLED_ITEM('',(#34),#36575);
#36575=ADVANCED_FACE('',(#36581),#36576,.T.);
#36576=PLANE('',#36577);
#36577=AXIS2_PLACEMENT_3D('',#36578,#36579,#36580);
#36578=CARTESIAN_POINT('',(-0.4,-3.55,0.0));
#36579=DIRECTION('',(0.0,-1.0,0.0));
#36580=DIRECTION('',(0.,0.,1.));
#36581=FACE_OUTER_BOUND('',#36582,.T.);
#36582=EDGE_LOOP('',(#36583,#36593,#36603,#36613));
#36583=ORIENTED_EDGE('',*,*,#36211,.T.);
#36593=ORIENTED_EDGE('',*,*,#36378,.T.);
#36603=ORIENTED_EDGE('',*,*,#36439,.T.);
#36613=ORIENTED_EDGE('',*,*,#36309,.T.);
#37041=MANIFOLD_SOLID_BREP($,#37042);
#37042=CLOSED_SHELL('',(#37044,#37093,#37142,#37211,#37280,#37332,#37384,#37437));
#37043=STYLED_ITEM('',(#34),#37044);
#37044=ADVANCED_FACE('',(#37050),#37045,.T.);
#37045=PLANE('',#37046);
#37046=AXIS2_PLACEMENT_3D('',#37047,#37048,#37049);
#37047=CARTESIAN_POINT('',(0.1,-3.601,0.0));
#37048=DIRECTION('',(0.0,0.0,1.0));
#37049=DIRECTION('',(0.,1.,0.));
#37050=FACE_OUTER_BOUND('',#37051,.T.);
#37051=EDGE_LOOP('',(#37052,#37062,#37072,#37082));
#37055=CARTESIAN_POINT('',(0.4,-3.601,0.0));
#37054=VERTEX_POINT('',#37055);
#37057=CARTESIAN_POINT('',(0.1,-3.601,0.0));
#37056=VERTEX_POINT('',#37057);
#37053=EDGE_CURVE('',#37054,#37056,#37058,.T.);
#37058=LINE('',#37055,#37060);
#37060=VECTOR('',#37061,0.299999908);
#37061=DIRECTION('',(-1.0,0.0,0.0));
#37052=ORIENTED_EDGE('',*,*,#37053,.F.);
#37065=CARTESIAN_POINT('',(0.4,-3.55,0.0));
#37064=VERTEX_POINT('',#37065);
#37063=EDGE_CURVE('',#37064,#37054,#37068,.T.);
#37068=LINE('',#37065,#37070);
#37070=VECTOR('',#37071,0.0507999991615081);
#37071=DIRECTION('',(0.0,-1.0,0.0));
#37062=ORIENTED_EDGE('',*,*,#37063,.F.);
#37075=CARTESIAN_POINT('',(0.1,-3.55,0.0));
#37074=VERTEX_POINT('',#37075);
#37073=EDGE_CURVE('',#37074,#37064,#37078,.T.);
#37078=LINE('',#37075,#37080);
#37080=VECTOR('',#37081,0.299999905845577);
#37081=DIRECTION('',(1.0,0.0,0.0));
#37072=ORIENTED_EDGE('',*,*,#37073,.F.);
#37083=EDGE_CURVE('',#37056,#37074,#37088,.T.);
#37088=LINE('',#37057,#37090);
#37090=VECTOR('',#37091,0.0507999991615084);
#37091=DIRECTION('',(0.0,1.0,0.0));
#37082=ORIENTED_EDGE('',*,*,#37083,.F.);
#37092=STYLED_ITEM('',(#34),#37093);
#37093=ADVANCED_FACE('',(#37099),#37094,.T.);
#37094=PLANE('',#37095);
#37095=AXIS2_PLACEMENT_3D('',#37096,#37097,#37098);
#37096=CARTESIAN_POINT('',(0.1,-3.601,0.0));
#37097=DIRECTION('',(1.0,0.0,0.0));
#37098=DIRECTION('',(0.,0.,1.));
#37099=FACE_OUTER_BOUND('',#37100,.T.);
#37100=EDGE_LOOP('',(#37101,#37111,#37121,#37131));
#37101=ORIENTED_EDGE('',*,*,#37053,.F.);
#37111=ORIENTED_EDGE('',*,*,#37053,.T.);
#37121=ORIENTED_EDGE('',*,*,#37053,.T.);
#37131=ORIENTED_EDGE('',*,*,#37053,.T.);
#37141=STYLED_ITEM('',(#34),#37142);
#37142=ADVANCED_FACE('',(#37148),#37143,.T.);
#37143=PLANE('',#37144);
#37144=AXIS2_PLACEMENT_3D('',#37145,#37146,#37147);
#37145=CARTESIAN_POINT('',(0.1,-3.601,0.0));
#37146=DIRECTION('',(1.0,0.0,0.0));
#37147=DIRECTION('',(0.,0.,1.));
#37148=FACE_OUTER_BOUND('',#37149,.T.);
#37149=EDGE_LOOP('',(#37150,#37160,#37170,#37180,#37190,#37200));
#37150=ORIENTED_EDGE('',*,*,#37053,.T.);
#37160=ORIENTED_EDGE('',*,*,#37083,.T.);
#37173=CARTESIAN_POINT('',(0.1,-3.55,0.051));
#37172=VERTEX_POINT('',#37173);
#37171=EDGE_CURVE('',#37172,#37074,#37176,.T.);
#37176=LINE('',#37173,#37178);
#37178=VECTOR('',#37179,0.0508);
#37179=DIRECTION('',(0.0,0.0,-1.0));
#37170=ORIENTED_EDGE('',*,*,#37171,.F.);
#37183=CARTESIAN_POINT('',(0.1,-3.25,0.051));
#37182=VERTEX_POINT('',#37183);
#37181=EDGE_CURVE('',#37182,#37172,#37186,.T.);
#37186=LINE('',#37183,#37188);
#37188=VECTOR('',#37189,0.300000921852187);
#37189=DIRECTION('',(0.0,-1.0,0.0));
#37180=ORIENTED_EDGE('',*,*,#37181,.F.);
#37193=CARTESIAN_POINT('',(0.1,-3.25,0.0));
#37192=VERTEX_POINT('',#37193);
#37191=EDGE_CURVE('',#37192,#37182,#37196,.T.);
#37196=LINE('',#37193,#37198);
#37198=VECTOR('',#37199,0.0508);
#37199=DIRECTION('',(0.0,0.0,1.0));
#37190=ORIENTED_EDGE('',*,*,#37191,.F.);
#37201=EDGE_CURVE('',#37056,#37192,#37206,.T.);
#37206=LINE('',#37057,#37208);
#37208=VECTOR('',#37209,0.350800921013696);
#37209=DIRECTION('',(0.0,1.0,0.0));
#37200=ORIENTED_EDGE('',*,*,#37201,.F.);
#37210=STYLED_ITEM('',(#34),#37211);
#37211=ADVANCED_FACE('',(#37217),#37212,.T.);
#37212=PLANE('',#37213);
#37213=AXIS2_PLACEMENT_3D('',#37214,#37215,#37216);
#37214=CARTESIAN_POINT('',(0.4,-3.25,0.0));
#37215=DIRECTION('',(1.0,0.0,0.0));
#37216=DIRECTION('',(0.,0.,1.));
#37217=FACE_OUTER_BOUND('',#37218,.T.);
#37218=EDGE_LOOP('',(#37219,#37229,#37239,#37249,#37259,#37269));
#37222=CARTESIAN_POINT('',(0.4,-3.25,0.051));
#37221=VERTEX_POINT('',#37222);
#37224=CARTESIAN_POINT('',(0.4,-3.25,0.0));
#37223=VERTEX_POINT('',#37224);
#37220=EDGE_CURVE('',#37221,#37223,#37225,.T.);
#37225=LINE('',#37222,#37227);
#37227=VECTOR('',#37228,0.0508);
#37228=DIRECTION('',(0.0,0.0,-1.0));
#37219=ORIENTED_EDGE('',*,*,#37220,.F.);
#37232=CARTESIAN_POINT('',(0.4,-3.55,0.051));
#37231=VERTEX_POINT('',#37232);
#37230=EDGE_CURVE('',#37231,#37221,#37235,.T.);
#37235=LINE('',#37232,#37237);
#37237=VECTOR('',#37238,0.300000921852187);
#37238=DIRECTION('',(0.0,1.0,0.0));
#37229=ORIENTED_EDGE('',*,*,#37230,.F.);
#37240=EDGE_CURVE('',#37064,#37231,#37245,.T.);
#37245=LINE('',#37065,#37247);
#37247=VECTOR('',#37248,0.0508);
#37248=DIRECTION('',(0.0,0.0,1.0));
#37239=ORIENTED_EDGE('',*,*,#37240,.F.);
#37249=ORIENTED_EDGE('',*,*,#37063,.T.);
#37259=ORIENTED_EDGE('',*,*,#37053,.T.);
#37270=EDGE_CURVE('',#37223,#37054,#37275,.T.);
#37275=LINE('',#37224,#37277);
#37277=VECTOR('',#37278,0.350800921013696);
#37278=DIRECTION('',(0.0,-1.0,0.0));
#37269=ORIENTED_EDGE('',*,*,#37270,.F.);
#37279=STYLED_ITEM('color',(#34),#37280);
#37280=ADVANCED_FACE($,(#37286),#37281,.T.);
#37281=PLANE($,#37282);
#37282=AXIS2_PLACEMENT_3D($,#37283,#37284,#37285);
#37283=CARTESIAN_POINT('',(0.1,-3.55,0.051));
#37284=DIRECTION('',(0.0,0.0,1.0));
#37285=DIRECTION('',(1.,0.,0.));
#37286=FACE_OUTER_BOUND($,#37287,.T.);
#37287=EDGE_LOOP($,(#37290, #37300, #37310, #37320));
#37290=ORIENTED_EDGE('',*,*,#37181,.T.);
#37301=EDGE_CURVE('',#37231,#37172,#37306,.T.);
#37306=LINE('',#37232,#37308);
#37308=VECTOR('',#37309,0.299999905845577);
#37309=DIRECTION('',(-1.0,0.0,0.0));
#37300=ORIENTED_EDGE('',*,*,#37301,.F.);
#37310=ORIENTED_EDGE('',*,*,#37230,.T.);
#37321=EDGE_CURVE($,#37182,#37221,#37326,.T.);
#37326=CIRCLE($,#37327,0.149999954);
#37328=CARTESIAN_POINT('',(0.25,-3.25,0.051));
#37327=AXIS2_PLACEMENT_3D($,#37328,#37329,#37330);
#37329=DIRECTION('',(0.0,0.0,-1.0));
#37330=DIRECTION('',(1.0,0.0,0.0));
#37320=ORIENTED_EDGE('',*,*,#37321,.F.);
#37331=STYLED_ITEM('color',(#34),#37332);
#37332=ADVANCED_FACE($,(#37338),#37333,.T.);
#37333=PLANE($,#37334);
#37334=AXIS2_PLACEMENT_3D($,#37335,#37336,#37337);
#37335=CARTESIAN_POINT('',(0.4,-3.25,0.0));
#37336=DIRECTION('',(0.0,0.0,-1.0));
#37337=DIRECTION('',(1.,0.,0.));
#37338=FACE_OUTER_BOUND($,#37339,.T.);
#37339=EDGE_LOOP($,(#37342, #37352, #37362, #37372));
#37342=ORIENTED_EDGE('',*,*,#37270,.T.);
#37352=ORIENTED_EDGE('',*,*,#37053,.T.);
#37362=ORIENTED_EDGE('',*,*,#37201,.T.);
#37373=EDGE_CURVE($,#37223,#37192,#37378,.T.);
#37378=CIRCLE($,#37379,0.149999954);
#37380=CARTESIAN_POINT('',(0.25,-3.25,0.0));
#37379=AXIS2_PLACEMENT_3D($,#37380,#37381,#37382);
#37381=DIRECTION('',(0.0,0.0,1.0));
#37382=DIRECTION('',(-1.0,0.0,0.0));
#37372=ORIENTED_EDGE('',*,*,#37373,.F.);
#37383=STYLED_ITEM('color',(#34),#37384);
#37384=ADVANCED_FACE($,(#37390),#37385,.T.);
#37385=CYLINDRICAL_SURFACE($,#37386,0.149999954);
#37386=AXIS2_PLACEMENT_3D($,#37387,#37388,#37389);
#37387=CARTESIAN_POINT('',(0.25,-3.25,0.0));
#37388=DIRECTION('',(0.,0.,1.));
#37389=DIRECTION('',(0.,1.,0.));
#37390=FACE_OUTER_BOUND($,#37391,.T.);
#37391=EDGE_LOOP($,(#37414, #37392, #37424, #37403));
#37414=ORIENTED_EDGE('',*,*,#37220,.T.);
#37392=ORIENTED_EDGE('',*,*,#37373,.T.);
#37424=ORIENTED_EDGE('',*,*,#37191,.T.);
#37403=ORIENTED_EDGE('',*,*,#37321,.T.);
#37436=STYLED_ITEM('',(#34),#37437);
#37437=ADVANCED_FACE('',(#37443),#37438,.T.);
#37438=PLANE('',#37439);
#37439=AXIS2_PLACEMENT_3D('',#37440,#37441,#37442);
#37440=CARTESIAN_POINT('',(0.1,-3.55,0.0));
#37441=DIRECTION('',(0.0,-1.0,0.0));
#37442=DIRECTION('',(0.,0.,1.));
#37443=FACE_OUTER_BOUND('',#37444,.T.);
#37444=EDGE_LOOP('',(#37445,#37455,#37465,#37475));
#37445=ORIENTED_EDGE('',*,*,#37073,.T.);
#37455=ORIENTED_EDGE('',*,*,#37240,.T.);
#37465=ORIENTED_EDGE('',*,*,#37301,.T.);
#37475=ORIENTED_EDGE('',*,*,#37171,.T.);
#37903=MANIFOLD_SOLID_BREP($,#37904);
#37904=CLOSED_SHELL('',(#37906,#37955,#38004,#38073,#38142,#38194,#38246,#38299));
#37905=STYLED_ITEM('',(#34),#37906);
#37906=ADVANCED_FACE('',(#37912),#37907,.T.);
#37907=PLANE('',#37908);
#37908=AXIS2_PLACEMENT_3D('',#37909,#37910,#37911);
#37909=CARTESIAN_POINT('',(0.6,-3.601,0.0));
#37910=DIRECTION('',(0.0,0.0,1.0));
#37911=DIRECTION('',(0.,1.,0.));
#37912=FACE_OUTER_BOUND('',#37913,.T.);
#37913=EDGE_LOOP('',(#37914,#37924,#37934,#37944));
#37917=CARTESIAN_POINT('',(0.9,-3.601,0.0));
#37916=VERTEX_POINT('',#37917);
#37919=CARTESIAN_POINT('',(0.6,-3.601,0.0));
#37918=VERTEX_POINT('',#37919);
#37915=EDGE_CURVE('',#37916,#37918,#37920,.T.);
#37920=LINE('',#37917,#37922);
#37922=VECTOR('',#37923,0.299999908);
#37923=DIRECTION('',(-1.0,0.0,0.0));
#37914=ORIENTED_EDGE('',*,*,#37915,.F.);
#37927=CARTESIAN_POINT('',(0.9,-3.55,0.0));
#37926=VERTEX_POINT('',#37927);
#37925=EDGE_CURVE('',#37926,#37916,#37930,.T.);
#37930=LINE('',#37927,#37932);
#37932=VECTOR('',#37933,0.0507999991615081);
#37933=DIRECTION('',(0.0,-1.0,0.0));
#37924=ORIENTED_EDGE('',*,*,#37925,.F.);
#37937=CARTESIAN_POINT('',(0.6,-3.55,0.0));
#37936=VERTEX_POINT('',#37937);
#37935=EDGE_CURVE('',#37936,#37926,#37940,.T.);
#37940=LINE('',#37937,#37942);
#37942=VECTOR('',#37943,0.299999905845577);
#37943=DIRECTION('',(1.0,0.0,0.0));
#37934=ORIENTED_EDGE('',*,*,#37935,.F.);
#37945=EDGE_CURVE('',#37918,#37936,#37950,.T.);
#37950=LINE('',#37919,#37952);
#37952=VECTOR('',#37953,0.0507999991615084);
#37953=DIRECTION('',(0.0,1.0,0.0));
#37944=ORIENTED_EDGE('',*,*,#37945,.F.);
#37954=STYLED_ITEM('',(#34),#37955);
#37955=ADVANCED_FACE('',(#37961),#37956,.T.);
#37956=PLANE('',#37957);
#37957=AXIS2_PLACEMENT_3D('',#37958,#37959,#37960);
#37958=CARTESIAN_POINT('',(0.6,-3.601,0.0));
#37959=DIRECTION('',(1.0,0.0,0.0));
#37960=DIRECTION('',(0.,0.,1.));
#37961=FACE_OUTER_BOUND('',#37962,.T.);
#37962=EDGE_LOOP('',(#37963,#37973,#37983,#37993));
#37963=ORIENTED_EDGE('',*,*,#37915,.F.);
#37973=ORIENTED_EDGE('',*,*,#37915,.T.);
#37983=ORIENTED_EDGE('',*,*,#37915,.T.);
#37993=ORIENTED_EDGE('',*,*,#37915,.T.);
#38003=STYLED_ITEM('',(#34),#38004);
#38004=ADVANCED_FACE('',(#38010),#38005,.T.);
#38005=PLANE('',#38006);
#38006=AXIS2_PLACEMENT_3D('',#38007,#38008,#38009);
#38007=CARTESIAN_POINT('',(0.6,-3.601,0.0));
#38008=DIRECTION('',(1.0,0.0,0.0));
#38009=DIRECTION('',(0.,0.,1.));
#38010=FACE_OUTER_BOUND('',#38011,.T.);
#38011=EDGE_LOOP('',(#38012,#38022,#38032,#38042,#38052,#38062));
#38012=ORIENTED_EDGE('',*,*,#37915,.T.);
#38022=ORIENTED_EDGE('',*,*,#37945,.T.);
#38035=CARTESIAN_POINT('',(0.6,-3.55,0.051));
#38034=VERTEX_POINT('',#38035);
#38033=EDGE_CURVE('',#38034,#37936,#38038,.T.);
#38038=LINE('',#38035,#38040);
#38040=VECTOR('',#38041,0.0508);
#38041=DIRECTION('',(0.0,0.0,-1.0));
#38032=ORIENTED_EDGE('',*,*,#38033,.F.);
#38045=CARTESIAN_POINT('',(0.6,-3.25,0.051));
#38044=VERTEX_POINT('',#38045);
#38043=EDGE_CURVE('',#38044,#38034,#38048,.T.);
#38048=LINE('',#38045,#38050);
#38050=VECTOR('',#38051,0.300000921852187);
#38051=DIRECTION('',(0.0,-1.0,0.0));
#38042=ORIENTED_EDGE('',*,*,#38043,.F.);
#38055=CARTESIAN_POINT('',(0.6,-3.25,0.0));
#38054=VERTEX_POINT('',#38055);
#38053=EDGE_CURVE('',#38054,#38044,#38058,.T.);
#38058=LINE('',#38055,#38060);
#38060=VECTOR('',#38061,0.0508);
#38061=DIRECTION('',(0.0,0.0,1.0));
#38052=ORIENTED_EDGE('',*,*,#38053,.F.);
#38063=EDGE_CURVE('',#37918,#38054,#38068,.T.);
#38068=LINE('',#37919,#38070);
#38070=VECTOR('',#38071,0.350800921013696);
#38071=DIRECTION('',(0.0,1.0,0.0));
#38062=ORIENTED_EDGE('',*,*,#38063,.F.);
#38072=STYLED_ITEM('',(#34),#38073);
#38073=ADVANCED_FACE('',(#38079),#38074,.T.);
#38074=PLANE('',#38075);
#38075=AXIS2_PLACEMENT_3D('',#38076,#38077,#38078);
#38076=CARTESIAN_POINT('',(0.9,-3.25,0.0));
#38077=DIRECTION('',(1.0,0.0,0.0));
#38078=DIRECTION('',(0.,0.,1.));
#38079=FACE_OUTER_BOUND('',#38080,.T.);
#38080=EDGE_LOOP('',(#38081,#38091,#38101,#38111,#38121,#38131));
#38084=CARTESIAN_POINT('',(0.9,-3.25,0.051));
#38083=VERTEX_POINT('',#38084);
#38086=CARTESIAN_POINT('',(0.9,-3.25,0.0));
#38085=VERTEX_POINT('',#38086);
#38082=EDGE_CURVE('',#38083,#38085,#38087,.T.);
#38087=LINE('',#38084,#38089);
#38089=VECTOR('',#38090,0.0508);
#38090=DIRECTION('',(0.0,0.0,-1.0));
#38081=ORIENTED_EDGE('',*,*,#38082,.F.);
#38094=CARTESIAN_POINT('',(0.9,-3.55,0.051));
#38093=VERTEX_POINT('',#38094);
#38092=EDGE_CURVE('',#38093,#38083,#38097,.T.);
#38097=LINE('',#38094,#38099);
#38099=VECTOR('',#38100,0.300000921852187);
#38100=DIRECTION('',(0.0,1.0,0.0));
#38091=ORIENTED_EDGE('',*,*,#38092,.F.);
#38102=EDGE_CURVE('',#37926,#38093,#38107,.T.);
#38107=LINE('',#37927,#38109);
#38109=VECTOR('',#38110,0.0508);
#38110=DIRECTION('',(0.0,0.0,1.0));
#38101=ORIENTED_EDGE('',*,*,#38102,.F.);
#38111=ORIENTED_EDGE('',*,*,#37925,.T.);
#38121=ORIENTED_EDGE('',*,*,#37915,.T.);
#38132=EDGE_CURVE('',#38085,#37916,#38137,.T.);
#38137=LINE('',#38086,#38139);
#38139=VECTOR('',#38140,0.350800921013696);
#38140=DIRECTION('',(0.0,-1.0,0.0));
#38131=ORIENTED_EDGE('',*,*,#38132,.F.);
#38141=STYLED_ITEM('color',(#34),#38142);
#38142=ADVANCED_FACE($,(#38148),#38143,.T.);
#38143=PLANE($,#38144);
#38144=AXIS2_PLACEMENT_3D($,#38145,#38146,#38147);
#38145=CARTESIAN_POINT('',(0.6,-3.55,0.051));
#38146=DIRECTION('',(0.0,0.0,1.0));
#38147=DIRECTION('',(1.,0.,0.));
#38148=FACE_OUTER_BOUND($,#38149,.T.);
#38149=EDGE_LOOP($,(#38152, #38162, #38172, #38182));
#38152=ORIENTED_EDGE('',*,*,#38043,.T.);
#38163=EDGE_CURVE('',#38093,#38034,#38168,.T.);
#38168=LINE('',#38094,#38170);
#38170=VECTOR('',#38171,0.299999905845577);
#38171=DIRECTION('',(-1.0,0.0,0.0));
#38162=ORIENTED_EDGE('',*,*,#38163,.F.);
#38172=ORIENTED_EDGE('',*,*,#38092,.T.);
#38183=EDGE_CURVE($,#38044,#38083,#38188,.T.);
#38188=CIRCLE($,#38189,0.149999954);
#38190=CARTESIAN_POINT('',(0.75,-3.25,0.051));
#38189=AXIS2_PLACEMENT_3D($,#38190,#38191,#38192);
#38191=DIRECTION('',(0.0,0.0,-1.0));
#38192=DIRECTION('',(1.0,0.0,0.0));
#38182=ORIENTED_EDGE('',*,*,#38183,.F.);
#38193=STYLED_ITEM('color',(#34),#38194);
#38194=ADVANCED_FACE($,(#38200),#38195,.T.);
#38195=PLANE($,#38196);
#38196=AXIS2_PLACEMENT_3D($,#38197,#38198,#38199);
#38197=CARTESIAN_POINT('',(0.9,-3.25,0.0));
#38198=DIRECTION('',(0.0,0.0,-1.0));
#38199=DIRECTION('',(1.,0.,0.));
#38200=FACE_OUTER_BOUND($,#38201,.T.);
#38201=EDGE_LOOP($,(#38204, #38214, #38224, #38234));
#38204=ORIENTED_EDGE('',*,*,#38132,.T.);
#38214=ORIENTED_EDGE('',*,*,#37915,.T.);
#38224=ORIENTED_EDGE('',*,*,#38063,.T.);
#38235=EDGE_CURVE($,#38085,#38054,#38240,.T.);
#38240=CIRCLE($,#38241,0.149999954);
#38242=CARTESIAN_POINT('',(0.75,-3.25,0.0));
#38241=AXIS2_PLACEMENT_3D($,#38242,#38243,#38244);
#38243=DIRECTION('',(0.0,0.0,1.0));
#38244=DIRECTION('',(-1.0,0.0,0.0));
#38234=ORIENTED_EDGE('',*,*,#38235,.F.);
#38245=STYLED_ITEM('color',(#34),#38246);
#38246=ADVANCED_FACE($,(#38252),#38247,.T.);
#38247=CYLINDRICAL_SURFACE($,#38248,0.149999954);
#38248=AXIS2_PLACEMENT_3D($,#38249,#38250,#38251);
#38249=CARTESIAN_POINT('',(0.75,-3.25,0.0));
#38250=DIRECTION('',(0.,0.,1.));
#38251=DIRECTION('',(0.,1.,0.));
#38252=FACE_OUTER_BOUND($,#38253,.T.);
#38253=EDGE_LOOP($,(#38276, #38254, #38286, #38265));
#38276=ORIENTED_EDGE('',*,*,#38082,.T.);
#38254=ORIENTED_EDGE('',*,*,#38235,.T.);
#38286=ORIENTED_EDGE('',*,*,#38053,.T.);
#38265=ORIENTED_EDGE('',*,*,#38183,.T.);
#38298=STYLED_ITEM('',(#34),#38299);
#38299=ADVANCED_FACE('',(#38305),#38300,.T.);
#38300=PLANE('',#38301);
#38301=AXIS2_PLACEMENT_3D('',#38302,#38303,#38304);
#38302=CARTESIAN_POINT('',(0.6,-3.55,0.0));
#38303=DIRECTION('',(0.0,-1.0,0.0));
#38304=DIRECTION('',(0.,0.,1.));
#38305=FACE_OUTER_BOUND('',#38306,.T.);
#38306=EDGE_LOOP('',(#38307,#38317,#38327,#38337));
#38307=ORIENTED_EDGE('',*,*,#37935,.T.);
#38317=ORIENTED_EDGE('',*,*,#38102,.T.);
#38327=ORIENTED_EDGE('',*,*,#38163,.T.);
#38337=ORIENTED_EDGE('',*,*,#38033,.T.);
#38765=MANIFOLD_SOLID_BREP($,#38766);
#38766=CLOSED_SHELL('',(#38768,#38817,#38866,#38935,#39004,#39056,#39108,#39161));
#38767=STYLED_ITEM('',(#34),#38768);
#38768=ADVANCED_FACE('',(#38774),#38769,.T.);
#38769=PLANE('',#38770);
#38770=AXIS2_PLACEMENT_3D('',#38771,#38772,#38773);
#38771=CARTESIAN_POINT('',(1.1,-3.601,0.0));
#38772=DIRECTION('',(0.0,0.0,1.0));
#38773=DIRECTION('',(0.,1.,0.));
#38774=FACE_OUTER_BOUND('',#38775,.T.);
#38775=EDGE_LOOP('',(#38776,#38786,#38796,#38806));
#38779=CARTESIAN_POINT('',(1.4,-3.601,0.0));
#38778=VERTEX_POINT('',#38779);
#38781=CARTESIAN_POINT('',(1.1,-3.601,0.0));
#38780=VERTEX_POINT('',#38781);
#38777=EDGE_CURVE('',#38778,#38780,#38782,.T.);
#38782=LINE('',#38779,#38784);
#38784=VECTOR('',#38785,0.299999908);
#38785=DIRECTION('',(-1.0,0.0,0.0));
#38776=ORIENTED_EDGE('',*,*,#38777,.F.);
#38789=CARTESIAN_POINT('',(1.4,-3.55,0.0));
#38788=VERTEX_POINT('',#38789);
#38787=EDGE_CURVE('',#38788,#38778,#38792,.T.);
#38792=LINE('',#38789,#38794);
#38794=VECTOR('',#38795,0.0507999991615081);
#38795=DIRECTION('',(0.0,-1.0,0.0));
#38786=ORIENTED_EDGE('',*,*,#38787,.F.);
#38799=CARTESIAN_POINT('',(1.1,-3.55,0.0));
#38798=VERTEX_POINT('',#38799);
#38797=EDGE_CURVE('',#38798,#38788,#38802,.T.);
#38802=LINE('',#38799,#38804);
#38804=VECTOR('',#38805,0.299999905845577);
#38805=DIRECTION('',(1.0,0.0,0.0));
#38796=ORIENTED_EDGE('',*,*,#38797,.F.);
#38807=EDGE_CURVE('',#38780,#38798,#38812,.T.);
#38812=LINE('',#38781,#38814);
#38814=VECTOR('',#38815,0.0507999991615084);
#38815=DIRECTION('',(0.0,1.0,0.0));
#38806=ORIENTED_EDGE('',*,*,#38807,.F.);
#38816=STYLED_ITEM('',(#34),#38817);
#38817=ADVANCED_FACE('',(#38823),#38818,.T.);
#38818=PLANE('',#38819);
#38819=AXIS2_PLACEMENT_3D('',#38820,#38821,#38822);
#38820=CARTESIAN_POINT('',(1.1,-3.601,0.0));
#38821=DIRECTION('',(1.0,0.0,0.0));
#38822=DIRECTION('',(0.,0.,1.));
#38823=FACE_OUTER_BOUND('',#38824,.T.);
#38824=EDGE_LOOP('',(#38825,#38835,#38845,#38855));
#38825=ORIENTED_EDGE('',*,*,#38777,.F.);
#38835=ORIENTED_EDGE('',*,*,#38777,.T.);
#38845=ORIENTED_EDGE('',*,*,#38777,.T.);
#38855=ORIENTED_EDGE('',*,*,#38777,.T.);
#38865=STYLED_ITEM('',(#34),#38866);
#38866=ADVANCED_FACE('',(#38872),#38867,.T.);
#38867=PLANE('',#38868);
#38868=AXIS2_PLACEMENT_3D('',#38869,#38870,#38871);
#38869=CARTESIAN_POINT('',(1.1,-3.601,0.0));
#38870=DIRECTION('',(1.0,0.0,0.0));
#38871=DIRECTION('',(0.,0.,1.));
#38872=FACE_OUTER_BOUND('',#38873,.T.);
#38873=EDGE_LOOP('',(#38874,#38884,#38894,#38904,#38914,#38924));
#38874=ORIENTED_EDGE('',*,*,#38777,.T.);
#38884=ORIENTED_EDGE('',*,*,#38807,.T.);
#38897=CARTESIAN_POINT('',(1.1,-3.55,0.051));
#38896=VERTEX_POINT('',#38897);
#38895=EDGE_CURVE('',#38896,#38798,#38900,.T.);
#38900=LINE('',#38897,#38902);
#38902=VECTOR('',#38903,0.0508);
#38903=DIRECTION('',(0.0,0.0,-1.0));
#38894=ORIENTED_EDGE('',*,*,#38895,.F.);
#38907=CARTESIAN_POINT('',(1.1,-3.25,0.051));
#38906=VERTEX_POINT('',#38907);
#38905=EDGE_CURVE('',#38906,#38896,#38910,.T.);
#38910=LINE('',#38907,#38912);
#38912=VECTOR('',#38913,0.300000921852187);
#38913=DIRECTION('',(0.0,-1.0,0.0));
#38904=ORIENTED_EDGE('',*,*,#38905,.F.);
#38917=CARTESIAN_POINT('',(1.1,-3.25,0.0));
#38916=VERTEX_POINT('',#38917);
#38915=EDGE_CURVE('',#38916,#38906,#38920,.T.);
#38920=LINE('',#38917,#38922);
#38922=VECTOR('',#38923,0.0508);
#38923=DIRECTION('',(0.0,0.0,1.0));
#38914=ORIENTED_EDGE('',*,*,#38915,.F.);
#38925=EDGE_CURVE('',#38780,#38916,#38930,.T.);
#38930=LINE('',#38781,#38932);
#38932=VECTOR('',#38933,0.350800921013696);
#38933=DIRECTION('',(0.0,1.0,0.0));
#38924=ORIENTED_EDGE('',*,*,#38925,.F.);
#38934=STYLED_ITEM('',(#34),#38935);
#38935=ADVANCED_FACE('',(#38941),#38936,.T.);
#38936=PLANE('',#38937);
#38937=AXIS2_PLACEMENT_3D('',#38938,#38939,#38940);
#38938=CARTESIAN_POINT('',(1.4,-3.25,0.0));
#38939=DIRECTION('',(1.0,0.0,0.0));
#38940=DIRECTION('',(0.,0.,1.));
#38941=FACE_OUTER_BOUND('',#38942,.T.);
#38942=EDGE_LOOP('',(#38943,#38953,#38963,#38973,#38983,#38993));
#38946=CARTESIAN_POINT('',(1.4,-3.25,0.051));
#38945=VERTEX_POINT('',#38946);
#38948=CARTESIAN_POINT('',(1.4,-3.25,0.0));
#38947=VERTEX_POINT('',#38948);
#38944=EDGE_CURVE('',#38945,#38947,#38949,.T.);
#38949=LINE('',#38946,#38951);
#38951=VECTOR('',#38952,0.0508);
#38952=DIRECTION('',(0.0,0.0,-1.0));
#38943=ORIENTED_EDGE('',*,*,#38944,.F.);
#38956=CARTESIAN_POINT('',(1.4,-3.55,0.051));
#38955=VERTEX_POINT('',#38956);
#38954=EDGE_CURVE('',#38955,#38945,#38959,.T.);
#38959=LINE('',#38956,#38961);
#38961=VECTOR('',#38962,0.300000921852187);
#38962=DIRECTION('',(0.0,1.0,0.0));
#38953=ORIENTED_EDGE('',*,*,#38954,.F.);
#38964=EDGE_CURVE('',#38788,#38955,#38969,.T.);
#38969=LINE('',#38789,#38971);
#38971=VECTOR('',#38972,0.0508);
#38972=DIRECTION('',(0.0,0.0,1.0));
#38963=ORIENTED_EDGE('',*,*,#38964,.F.);
#38973=ORIENTED_EDGE('',*,*,#38787,.T.);
#38983=ORIENTED_EDGE('',*,*,#38777,.T.);
#38994=EDGE_CURVE('',#38947,#38778,#38999,.T.);
#38999=LINE('',#38948,#39001);
#39001=VECTOR('',#39002,0.350800921013696);
#39002=DIRECTION('',(0.0,-1.0,0.0));
#38993=ORIENTED_EDGE('',*,*,#38994,.F.);
#39003=STYLED_ITEM('color',(#34),#39004);
#39004=ADVANCED_FACE($,(#39010),#39005,.T.);
#39005=PLANE($,#39006);
#39006=AXIS2_PLACEMENT_3D($,#39007,#39008,#39009);
#39007=CARTESIAN_POINT('',(1.1,-3.55,0.051));
#39008=DIRECTION('',(0.0,0.0,1.0));
#39009=DIRECTION('',(1.,0.,0.));
#39010=FACE_OUTER_BOUND($,#39011,.T.);
#39011=EDGE_LOOP($,(#39014, #39024, #39034, #39044));
#39014=ORIENTED_EDGE('',*,*,#38905,.T.);
#39025=EDGE_CURVE('',#38955,#38896,#39030,.T.);
#39030=LINE('',#38956,#39032);
#39032=VECTOR('',#39033,0.299999905845577);
#39033=DIRECTION('',(-1.0,0.0,0.0));
#39024=ORIENTED_EDGE('',*,*,#39025,.F.);
#39034=ORIENTED_EDGE('',*,*,#38954,.T.);
#39045=EDGE_CURVE($,#38906,#38945,#39050,.T.);
#39050=CIRCLE($,#39051,0.149999954);
#39052=CARTESIAN_POINT('',(1.25,-3.25,0.051));
#39051=AXIS2_PLACEMENT_3D($,#39052,#39053,#39054);
#39053=DIRECTION('',(0.0,0.0,-1.0));
#39054=DIRECTION('',(1.0,0.0,0.0));
#39044=ORIENTED_EDGE('',*,*,#39045,.F.);
#39055=STYLED_ITEM('color',(#34),#39056);
#39056=ADVANCED_FACE($,(#39062),#39057,.T.);
#39057=PLANE($,#39058);
#39058=AXIS2_PLACEMENT_3D($,#39059,#39060,#39061);
#39059=CARTESIAN_POINT('',(1.4,-3.25,0.0));
#39060=DIRECTION('',(0.0,0.0,-1.0));
#39061=DIRECTION('',(1.,0.,0.));
#39062=FACE_OUTER_BOUND($,#39063,.T.);
#39063=EDGE_LOOP($,(#39066, #39076, #39086, #39096));
#39066=ORIENTED_EDGE('',*,*,#38994,.T.);
#39076=ORIENTED_EDGE('',*,*,#38777,.T.);
#39086=ORIENTED_EDGE('',*,*,#38925,.T.);
#39097=EDGE_CURVE($,#38947,#38916,#39102,.T.);
#39102=CIRCLE($,#39103,0.149999954);
#39104=CARTESIAN_POINT('',(1.25,-3.25,0.0));
#39103=AXIS2_PLACEMENT_3D($,#39104,#39105,#39106);
#39105=DIRECTION('',(0.0,0.0,1.0));
#39106=DIRECTION('',(-1.0,0.0,0.0));
#39096=ORIENTED_EDGE('',*,*,#39097,.F.);
#39107=STYLED_ITEM('color',(#34),#39108);
#39108=ADVANCED_FACE($,(#39114),#39109,.T.);
#39109=CYLINDRICAL_SURFACE($,#39110,0.149999954);
#39110=AXIS2_PLACEMENT_3D($,#39111,#39112,#39113);
#39111=CARTESIAN_POINT('',(1.25,-3.25,0.0));
#39112=DIRECTION('',(0.,0.,1.));
#39113=DIRECTION('',(0.,1.,0.));
#39114=FACE_OUTER_BOUND($,#39115,.T.);
#39115=EDGE_LOOP($,(#39138, #39116, #39148, #39127));
#39138=ORIENTED_EDGE('',*,*,#38944,.T.);
#39116=ORIENTED_EDGE('',*,*,#39097,.T.);
#39148=ORIENTED_EDGE('',*,*,#38915,.T.);
#39127=ORIENTED_EDGE('',*,*,#39045,.T.);
#39160=STYLED_ITEM('',(#34),#39161);
#39161=ADVANCED_FACE('',(#39167),#39162,.T.);
#39162=PLANE('',#39163);
#39163=AXIS2_PLACEMENT_3D('',#39164,#39165,#39166);
#39164=CARTESIAN_POINT('',(1.1,-3.55,0.0));
#39165=DIRECTION('',(0.0,-1.0,0.0));
#39166=DIRECTION('',(0.,0.,1.));
#39167=FACE_OUTER_BOUND('',#39168,.T.);
#39168=EDGE_LOOP('',(#39169,#39179,#39189,#39199));
#39169=ORIENTED_EDGE('',*,*,#38797,.T.);
#39179=ORIENTED_EDGE('',*,*,#38964,.T.);
#39189=ORIENTED_EDGE('',*,*,#39025,.T.);
#39199=ORIENTED_EDGE('',*,*,#38895,.T.);
#39627=MANIFOLD_SOLID_BREP($,#39628);
#39628=CLOSED_SHELL('',(#39630,#39679,#39728,#39797,#39866,#39918,#39970,#40023));
#39629=STYLED_ITEM('',(#34),#39630);
#39630=ADVANCED_FACE('',(#39636),#39631,.T.);
#39631=PLANE('',#39632);
#39632=AXIS2_PLACEMENT_3D('',#39633,#39634,#39635);
#39633=CARTESIAN_POINT('',(1.6,-3.601,0.0));
#39634=DIRECTION('',(0.0,0.0,1.0));
#39635=DIRECTION('',(0.,1.,0.));
#39636=FACE_OUTER_BOUND('',#39637,.T.);
#39637=EDGE_LOOP('',(#39638,#39648,#39658,#39668));
#39641=CARTESIAN_POINT('',(1.9,-3.601,0.0));
#39640=VERTEX_POINT('',#39641);
#39643=CARTESIAN_POINT('',(1.6,-3.601,0.0));
#39642=VERTEX_POINT('',#39643);
#39639=EDGE_CURVE('',#39640,#39642,#39644,.T.);
#39644=LINE('',#39641,#39646);
#39646=VECTOR('',#39647,0.299999908);
#39647=DIRECTION('',(-1.0,0.0,0.0));
#39638=ORIENTED_EDGE('',*,*,#39639,.F.);
#39651=CARTESIAN_POINT('',(1.9,-3.55,0.0));
#39650=VERTEX_POINT('',#39651);
#39649=EDGE_CURVE('',#39650,#39640,#39654,.T.);
#39654=LINE('',#39651,#39656);
#39656=VECTOR('',#39657,0.0507999991615081);
#39657=DIRECTION('',(0.0,-1.0,0.0));
#39648=ORIENTED_EDGE('',*,*,#39649,.F.);
#39661=CARTESIAN_POINT('',(1.6,-3.55,0.0));
#39660=VERTEX_POINT('',#39661);
#39659=EDGE_CURVE('',#39660,#39650,#39664,.T.);
#39664=LINE('',#39661,#39666);
#39666=VECTOR('',#39667,0.299999905845577);
#39667=DIRECTION('',(1.0,0.0,0.0));
#39658=ORIENTED_EDGE('',*,*,#39659,.F.);
#39669=EDGE_CURVE('',#39642,#39660,#39674,.T.);
#39674=LINE('',#39643,#39676);
#39676=VECTOR('',#39677,0.0507999991615084);
#39677=DIRECTION('',(0.0,1.0,0.0));
#39668=ORIENTED_EDGE('',*,*,#39669,.F.);
#39678=STYLED_ITEM('',(#34),#39679);
#39679=ADVANCED_FACE('',(#39685),#39680,.T.);
#39680=PLANE('',#39681);
#39681=AXIS2_PLACEMENT_3D('',#39682,#39683,#39684);
#39682=CARTESIAN_POINT('',(1.6,-3.601,0.0));
#39683=DIRECTION('',(1.0,0.0,0.0));
#39684=DIRECTION('',(0.,0.,1.));
#39685=FACE_OUTER_BOUND('',#39686,.T.);
#39686=EDGE_LOOP('',(#39687,#39697,#39707,#39717));
#39687=ORIENTED_EDGE('',*,*,#39639,.F.);
#39697=ORIENTED_EDGE('',*,*,#39639,.T.);
#39707=ORIENTED_EDGE('',*,*,#39639,.T.);
#39717=ORIENTED_EDGE('',*,*,#39639,.T.);
#39727=STYLED_ITEM('',(#34),#39728);
#39728=ADVANCED_FACE('',(#39734),#39729,.T.);
#39729=PLANE('',#39730);
#39730=AXIS2_PLACEMENT_3D('',#39731,#39732,#39733);
#39731=CARTESIAN_POINT('',(1.6,-3.601,0.0));
#39732=DIRECTION('',(1.0,0.0,0.0));
#39733=DIRECTION('',(0.,0.,1.));
#39734=FACE_OUTER_BOUND('',#39735,.T.);
#39735=EDGE_LOOP('',(#39736,#39746,#39756,#39766,#39776,#39786));
#39736=ORIENTED_EDGE('',*,*,#39639,.T.);
#39746=ORIENTED_EDGE('',*,*,#39669,.T.);
#39759=CARTESIAN_POINT('',(1.6,-3.55,0.051));
#39758=VERTEX_POINT('',#39759);
#39757=EDGE_CURVE('',#39758,#39660,#39762,.T.);
#39762=LINE('',#39759,#39764);
#39764=VECTOR('',#39765,0.0508);
#39765=DIRECTION('',(0.0,0.0,-1.0));
#39756=ORIENTED_EDGE('',*,*,#39757,.F.);
#39769=CARTESIAN_POINT('',(1.6,-3.25,0.051));
#39768=VERTEX_POINT('',#39769);
#39767=EDGE_CURVE('',#39768,#39758,#39772,.T.);
#39772=LINE('',#39769,#39774);
#39774=VECTOR('',#39775,0.300000921852187);
#39775=DIRECTION('',(0.0,-1.0,0.0));
#39766=ORIENTED_EDGE('',*,*,#39767,.F.);
#39779=CARTESIAN_POINT('',(1.6,-3.25,0.0));
#39778=VERTEX_POINT('',#39779);
#39777=EDGE_CURVE('',#39778,#39768,#39782,.T.);
#39782=LINE('',#39779,#39784);
#39784=VECTOR('',#39785,0.0508);
#39785=DIRECTION('',(0.0,0.0,1.0));
#39776=ORIENTED_EDGE('',*,*,#39777,.F.);
#39787=EDGE_CURVE('',#39642,#39778,#39792,.T.);
#39792=LINE('',#39643,#39794);
#39794=VECTOR('',#39795,0.350800921013696);
#39795=DIRECTION('',(0.0,1.0,0.0));
#39786=ORIENTED_EDGE('',*,*,#39787,.F.);
#39796=STYLED_ITEM('',(#34),#39797);
#39797=ADVANCED_FACE('',(#39803),#39798,.T.);
#39798=PLANE('',#39799);
#39799=AXIS2_PLACEMENT_3D('',#39800,#39801,#39802);
#39800=CARTESIAN_POINT('',(1.9,-3.25,0.0));
#39801=DIRECTION('',(1.0,0.0,0.0));
#39802=DIRECTION('',(0.,0.,1.));
#39803=FACE_OUTER_BOUND('',#39804,.T.);
#39804=EDGE_LOOP('',(#39805,#39815,#39825,#39835,#39845,#39855));
#39808=CARTESIAN_POINT('',(1.9,-3.25,0.051));
#39807=VERTEX_POINT('',#39808);
#39810=CARTESIAN_POINT('',(1.9,-3.25,0.0));
#39809=VERTEX_POINT('',#39810);
#39806=EDGE_CURVE('',#39807,#39809,#39811,.T.);
#39811=LINE('',#39808,#39813);
#39813=VECTOR('',#39814,0.0508);
#39814=DIRECTION('',(0.0,0.0,-1.0));
#39805=ORIENTED_EDGE('',*,*,#39806,.F.);
#39818=CARTESIAN_POINT('',(1.9,-3.55,0.051));
#39817=VERTEX_POINT('',#39818);
#39816=EDGE_CURVE('',#39817,#39807,#39821,.T.);
#39821=LINE('',#39818,#39823);
#39823=VECTOR('',#39824,0.300000921852187);
#39824=DIRECTION('',(0.0,1.0,0.0));
#39815=ORIENTED_EDGE('',*,*,#39816,.F.);
#39826=EDGE_CURVE('',#39650,#39817,#39831,.T.);
#39831=LINE('',#39651,#39833);
#39833=VECTOR('',#39834,0.0508);
#39834=DIRECTION('',(0.0,0.0,1.0));
#39825=ORIENTED_EDGE('',*,*,#39826,.F.);
#39835=ORIENTED_EDGE('',*,*,#39649,.T.);
#39845=ORIENTED_EDGE('',*,*,#39639,.T.);
#39856=EDGE_CURVE('',#39809,#39640,#39861,.T.);
#39861=LINE('',#39810,#39863);
#39863=VECTOR('',#39864,0.350800921013696);
#39864=DIRECTION('',(0.0,-1.0,0.0));
#39855=ORIENTED_EDGE('',*,*,#39856,.F.);
#39865=STYLED_ITEM('color',(#34),#39866);
#39866=ADVANCED_FACE($,(#39872),#39867,.T.);
#39867=PLANE($,#39868);
#39868=AXIS2_PLACEMENT_3D($,#39869,#39870,#39871);
#39869=CARTESIAN_POINT('',(1.6,-3.55,0.051));
#39870=DIRECTION('',(0.0,0.0,1.0));
#39871=DIRECTION('',(1.,0.,0.));
#39872=FACE_OUTER_BOUND($,#39873,.T.);
#39873=EDGE_LOOP($,(#39876, #39886, #39896, #39906));
#39876=ORIENTED_EDGE('',*,*,#39767,.T.);
#39887=EDGE_CURVE('',#39817,#39758,#39892,.T.);
#39892=LINE('',#39818,#39894);
#39894=VECTOR('',#39895,0.299999905845577);
#39895=DIRECTION('',(-1.0,0.0,0.0));
#39886=ORIENTED_EDGE('',*,*,#39887,.F.);
#39896=ORIENTED_EDGE('',*,*,#39816,.T.);
#39907=EDGE_CURVE($,#39768,#39807,#39912,.T.);
#39912=CIRCLE($,#39913,0.149999954);
#39914=CARTESIAN_POINT('',(1.75,-3.25,0.051));
#39913=AXIS2_PLACEMENT_3D($,#39914,#39915,#39916);
#39915=DIRECTION('',(0.0,0.0,-1.0));
#39916=DIRECTION('',(1.0,0.0,0.0));
#39906=ORIENTED_EDGE('',*,*,#39907,.F.);
#39917=STYLED_ITEM('color',(#34),#39918);
#39918=ADVANCED_FACE($,(#39924),#39919,.T.);
#39919=PLANE($,#39920);
#39920=AXIS2_PLACEMENT_3D($,#39921,#39922,#39923);
#39921=CARTESIAN_POINT('',(1.9,-3.25,0.0));
#39922=DIRECTION('',(0.0,0.0,-1.0));
#39923=DIRECTION('',(1.,0.,0.));
#39924=FACE_OUTER_BOUND($,#39925,.T.);
#39925=EDGE_LOOP($,(#39928, #39938, #39948, #39958));
#39928=ORIENTED_EDGE('',*,*,#39856,.T.);
#39938=ORIENTED_EDGE('',*,*,#39639,.T.);
#39948=ORIENTED_EDGE('',*,*,#39787,.T.);
#39959=EDGE_CURVE($,#39809,#39778,#39964,.T.);
#39964=CIRCLE($,#39965,0.149999954);
#39966=CARTESIAN_POINT('',(1.75,-3.25,0.0));
#39965=AXIS2_PLACEMENT_3D($,#39966,#39967,#39968);
#39967=DIRECTION('',(0.0,0.0,1.0));
#39968=DIRECTION('',(-1.0,0.0,0.0));
#39958=ORIENTED_EDGE('',*,*,#39959,.F.);
#39969=STYLED_ITEM('color',(#34),#39970);
#39970=ADVANCED_FACE($,(#39976),#39971,.T.);
#39971=CYLINDRICAL_SURFACE($,#39972,0.149999954);
#39972=AXIS2_PLACEMENT_3D($,#39973,#39974,#39975);
#39973=CARTESIAN_POINT('',(1.75,-3.25,0.0));
#39974=DIRECTION('',(0.,0.,1.));
#39975=DIRECTION('',(0.,1.,0.));
#39976=FACE_OUTER_BOUND($,#39977,.T.);
#39977=EDGE_LOOP($,(#40000, #39978, #40010, #39989));
#40000=ORIENTED_EDGE('',*,*,#39806,.T.);
#39978=ORIENTED_EDGE('',*,*,#39959,.T.);
#40010=ORIENTED_EDGE('',*,*,#39777,.T.);
#39989=ORIENTED_EDGE('',*,*,#39907,.T.);
#40022=STYLED_ITEM('',(#34),#40023);
#40023=ADVANCED_FACE('',(#40029),#40024,.T.);
#40024=PLANE('',#40025);
#40025=AXIS2_PLACEMENT_3D('',#40026,#40027,#40028);
#40026=CARTESIAN_POINT('',(1.6,-3.55,0.0));
#40027=DIRECTION('',(0.0,-1.0,0.0));
#40028=DIRECTION('',(0.,0.,1.));
#40029=FACE_OUTER_BOUND('',#40030,.T.);
#40030=EDGE_LOOP('',(#40031,#40041,#40051,#40061));
#40031=ORIENTED_EDGE('',*,*,#39659,.T.);
#40041=ORIENTED_EDGE('',*,*,#39826,.T.);
#40051=ORIENTED_EDGE('',*,*,#39887,.T.);
#40061=ORIENTED_EDGE('',*,*,#39757,.T.);
#40489=MANIFOLD_SOLID_BREP($,#40490);
#40490=CLOSED_SHELL('',(#40492,#40541,#40590,#40659,#40728,#40780,#40832,#40885));
#40491=STYLED_ITEM('',(#34),#40492);
#40492=ADVANCED_FACE('',(#40498),#40493,.T.);
#40493=PLANE('',#40494);
#40494=AXIS2_PLACEMENT_3D('',#40495,#40496,#40497);
#40495=CARTESIAN_POINT('',(2.1,-3.601,0.0));
#40496=DIRECTION('',(0.0,0.0,1.0));
#40497=DIRECTION('',(0.,1.,0.));
#40498=FACE_OUTER_BOUND('',#40499,.T.);
#40499=EDGE_LOOP('',(#40500,#40510,#40520,#40530));
#40503=CARTESIAN_POINT('',(2.4,-3.601,0.0));
#40502=VERTEX_POINT('',#40503);
#40505=CARTESIAN_POINT('',(2.1,-3.601,0.0));
#40504=VERTEX_POINT('',#40505);
#40501=EDGE_CURVE('',#40502,#40504,#40506,.T.);
#40506=LINE('',#40503,#40508);
#40508=VECTOR('',#40509,0.299999908);
#40509=DIRECTION('',(-1.0,0.0,0.0));
#40500=ORIENTED_EDGE('',*,*,#40501,.F.);
#40513=CARTESIAN_POINT('',(2.4,-3.55,0.0));
#40512=VERTEX_POINT('',#40513);
#40511=EDGE_CURVE('',#40512,#40502,#40516,.T.);
#40516=LINE('',#40513,#40518);
#40518=VECTOR('',#40519,0.0507999991615081);
#40519=DIRECTION('',(0.0,-1.0,0.0));
#40510=ORIENTED_EDGE('',*,*,#40511,.F.);
#40523=CARTESIAN_POINT('',(2.1,-3.55,0.0));
#40522=VERTEX_POINT('',#40523);
#40521=EDGE_CURVE('',#40522,#40512,#40526,.T.);
#40526=LINE('',#40523,#40528);
#40528=VECTOR('',#40529,0.299999905845576);
#40529=DIRECTION('',(1.0,0.0,0.0));
#40520=ORIENTED_EDGE('',*,*,#40521,.F.);
#40531=EDGE_CURVE('',#40504,#40522,#40536,.T.);
#40536=LINE('',#40505,#40538);
#40538=VECTOR('',#40539,0.0507999991615084);
#40539=DIRECTION('',(0.0,1.0,0.0));
#40530=ORIENTED_EDGE('',*,*,#40531,.F.);
#40540=STYLED_ITEM('',(#34),#40541);
#40541=ADVANCED_FACE('',(#40547),#40542,.T.);
#40542=PLANE('',#40543);
#40543=AXIS2_PLACEMENT_3D('',#40544,#40545,#40546);
#40544=CARTESIAN_POINT('',(2.1,-3.601,0.0));
#40545=DIRECTION('',(1.0,0.0,0.0));
#40546=DIRECTION('',(0.,0.,1.));
#40547=FACE_OUTER_BOUND('',#40548,.T.);
#40548=EDGE_LOOP('',(#40549,#40559,#40569,#40579));
#40549=ORIENTED_EDGE('',*,*,#40501,.F.);
#40559=ORIENTED_EDGE('',*,*,#40501,.T.);
#40569=ORIENTED_EDGE('',*,*,#40501,.T.);
#40579=ORIENTED_EDGE('',*,*,#40501,.T.);
#40589=STYLED_ITEM('',(#34),#40590);
#40590=ADVANCED_FACE('',(#40596),#40591,.T.);
#40591=PLANE('',#40592);
#40592=AXIS2_PLACEMENT_3D('',#40593,#40594,#40595);
#40593=CARTESIAN_POINT('',(2.1,-3.601,0.0));
#40594=DIRECTION('',(1.0,0.0,0.0));
#40595=DIRECTION('',(0.,0.,1.));
#40596=FACE_OUTER_BOUND('',#40597,.T.);
#40597=EDGE_LOOP('',(#40598,#40608,#40618,#40628,#40638,#40648));
#40598=ORIENTED_EDGE('',*,*,#40501,.T.);
#40608=ORIENTED_EDGE('',*,*,#40531,.T.);
#40621=CARTESIAN_POINT('',(2.1,-3.55,0.051));
#40620=VERTEX_POINT('',#40621);
#40619=EDGE_CURVE('',#40620,#40522,#40624,.T.);
#40624=LINE('',#40621,#40626);
#40626=VECTOR('',#40627,0.0508);
#40627=DIRECTION('',(0.0,0.0,-1.0));
#40618=ORIENTED_EDGE('',*,*,#40619,.F.);
#40631=CARTESIAN_POINT('',(2.1,-3.25,0.051));
#40630=VERTEX_POINT('',#40631);
#40629=EDGE_CURVE('',#40630,#40620,#40634,.T.);
#40634=LINE('',#40631,#40636);
#40636=VECTOR('',#40637,0.300000921852187);
#40637=DIRECTION('',(0.0,-1.0,0.0));
#40628=ORIENTED_EDGE('',*,*,#40629,.F.);
#40641=CARTESIAN_POINT('',(2.1,-3.25,0.0));
#40640=VERTEX_POINT('',#40641);
#40639=EDGE_CURVE('',#40640,#40630,#40644,.T.);
#40644=LINE('',#40641,#40646);
#40646=VECTOR('',#40647,0.0508);
#40647=DIRECTION('',(0.0,0.0,1.0));
#40638=ORIENTED_EDGE('',*,*,#40639,.F.);
#40649=EDGE_CURVE('',#40504,#40640,#40654,.T.);
#40654=LINE('',#40505,#40656);
#40656=VECTOR('',#40657,0.350800921013696);
#40657=DIRECTION('',(0.0,1.0,0.0));
#40648=ORIENTED_EDGE('',*,*,#40649,.F.);
#40658=STYLED_ITEM('',(#34),#40659);
#40659=ADVANCED_FACE('',(#40665),#40660,.T.);
#40660=PLANE('',#40661);
#40661=AXIS2_PLACEMENT_3D('',#40662,#40663,#40664);
#40662=CARTESIAN_POINT('',(2.4,-3.25,0.0));
#40663=DIRECTION('',(1.0,0.0,0.0));
#40664=DIRECTION('',(0.,0.,1.));
#40665=FACE_OUTER_BOUND('',#40666,.T.);
#40666=EDGE_LOOP('',(#40667,#40677,#40687,#40697,#40707,#40717));
#40670=CARTESIAN_POINT('',(2.4,-3.25,0.051));
#40669=VERTEX_POINT('',#40670);
#40672=CARTESIAN_POINT('',(2.4,-3.25,0.0));
#40671=VERTEX_POINT('',#40672);
#40668=EDGE_CURVE('',#40669,#40671,#40673,.T.);
#40673=LINE('',#40670,#40675);
#40675=VECTOR('',#40676,0.0508);
#40676=DIRECTION('',(0.0,0.0,-1.0));
#40667=ORIENTED_EDGE('',*,*,#40668,.F.);
#40680=CARTESIAN_POINT('',(2.4,-3.55,0.051));
#40679=VERTEX_POINT('',#40680);
#40678=EDGE_CURVE('',#40679,#40669,#40683,.T.);
#40683=LINE('',#40680,#40685);
#40685=VECTOR('',#40686,0.300000921852187);
#40686=DIRECTION('',(0.0,1.0,0.0));
#40677=ORIENTED_EDGE('',*,*,#40678,.F.);
#40688=EDGE_CURVE('',#40512,#40679,#40693,.T.);
#40693=LINE('',#40513,#40695);
#40695=VECTOR('',#40696,0.0508);
#40696=DIRECTION('',(0.0,0.0,1.0));
#40687=ORIENTED_EDGE('',*,*,#40688,.F.);
#40697=ORIENTED_EDGE('',*,*,#40511,.T.);
#40707=ORIENTED_EDGE('',*,*,#40501,.T.);
#40718=EDGE_CURVE('',#40671,#40502,#40723,.T.);
#40723=LINE('',#40672,#40725);
#40725=VECTOR('',#40726,0.350800921013696);
#40726=DIRECTION('',(0.0,-1.0,0.0));
#40717=ORIENTED_EDGE('',*,*,#40718,.F.);
#40727=STYLED_ITEM('color',(#34),#40728);
#40728=ADVANCED_FACE($,(#40734),#40729,.T.);
#40729=PLANE($,#40730);
#40730=AXIS2_PLACEMENT_3D($,#40731,#40732,#40733);
#40731=CARTESIAN_POINT('',(2.1,-3.55,0.051));
#40732=DIRECTION('',(0.0,0.0,1.0));
#40733=DIRECTION('',(1.,0.,0.));
#40734=FACE_OUTER_BOUND($,#40735,.T.);
#40735=EDGE_LOOP($,(#40738, #40748, #40758, #40768));
#40738=ORIENTED_EDGE('',*,*,#40629,.T.);
#40749=EDGE_CURVE('',#40679,#40620,#40754,.T.);
#40754=LINE('',#40680,#40756);
#40756=VECTOR('',#40757,0.299999905845576);
#40757=DIRECTION('',(-1.0,0.0,0.0));
#40748=ORIENTED_EDGE('',*,*,#40749,.F.);
#40758=ORIENTED_EDGE('',*,*,#40678,.T.);
#40769=EDGE_CURVE($,#40630,#40669,#40774,.T.);
#40774=CIRCLE($,#40775,0.149999954);
#40776=CARTESIAN_POINT('',(2.25,-3.25,0.051));
#40775=AXIS2_PLACEMENT_3D($,#40776,#40777,#40778);
#40777=DIRECTION('',(0.0,0.0,-1.0));
#40778=DIRECTION('',(1.0,0.0,0.0));
#40768=ORIENTED_EDGE('',*,*,#40769,.F.);
#40779=STYLED_ITEM('color',(#34),#40780);
#40780=ADVANCED_FACE($,(#40786),#40781,.T.);
#40781=PLANE($,#40782);
#40782=AXIS2_PLACEMENT_3D($,#40783,#40784,#40785);
#40783=CARTESIAN_POINT('',(2.4,-3.25,0.0));
#40784=DIRECTION('',(0.0,0.0,-1.0));
#40785=DIRECTION('',(1.,0.,0.));
#40786=FACE_OUTER_BOUND($,#40787,.T.);
#40787=EDGE_LOOP($,(#40790, #40800, #40810, #40820));
#40790=ORIENTED_EDGE('',*,*,#40718,.T.);
#40800=ORIENTED_EDGE('',*,*,#40501,.T.);
#40810=ORIENTED_EDGE('',*,*,#40649,.T.);
#40821=EDGE_CURVE($,#40671,#40640,#40826,.T.);
#40826=CIRCLE($,#40827,0.149999954);
#40828=CARTESIAN_POINT('',(2.25,-3.25,0.0));
#40827=AXIS2_PLACEMENT_3D($,#40828,#40829,#40830);
#40829=DIRECTION('',(0.0,0.0,1.0));
#40830=DIRECTION('',(-1.0,0.0,0.0));
#40820=ORIENTED_EDGE('',*,*,#40821,.F.);
#40831=STYLED_ITEM('color',(#34),#40832);
#40832=ADVANCED_FACE($,(#40838),#40833,.T.);
#40833=CYLINDRICAL_SURFACE($,#40834,0.149999954);
#40834=AXIS2_PLACEMENT_3D($,#40835,#40836,#40837);
#40835=CARTESIAN_POINT('',(2.25,-3.25,0.0));
#40836=DIRECTION('',(0.,0.,1.));
#40837=DIRECTION('',(0.,1.,0.));
#40838=FACE_OUTER_BOUND($,#40839,.T.);
#40839=EDGE_LOOP($,(#40862, #40840, #40872, #40851));
#40862=ORIENTED_EDGE('',*,*,#40668,.T.);
#40840=ORIENTED_EDGE('',*,*,#40821,.T.);
#40872=ORIENTED_EDGE('',*,*,#40639,.T.);
#40851=ORIENTED_EDGE('',*,*,#40769,.T.);
#40884=STYLED_ITEM('',(#34),#40885);
#40885=ADVANCED_FACE('',(#40891),#40886,.T.);
#40886=PLANE('',#40887);
#40887=AXIS2_PLACEMENT_3D('',#40888,#40889,#40890);
#40888=CARTESIAN_POINT('',(2.1,-3.55,0.0));
#40889=DIRECTION('',(0.0,-1.0,0.0));
#40890=DIRECTION('',(0.,0.,1.));
#40891=FACE_OUTER_BOUND('',#40892,.T.);
#40892=EDGE_LOOP('',(#40893,#40903,#40913,#40923));
#40893=ORIENTED_EDGE('',*,*,#40521,.T.);
#40903=ORIENTED_EDGE('',*,*,#40688,.T.);
#40913=ORIENTED_EDGE('',*,*,#40749,.T.);
#40923=ORIENTED_EDGE('',*,*,#40619,.T.);
#41351=MANIFOLD_SOLID_BREP($,#41352);
#41352=CLOSED_SHELL('',(#41354,#41403,#41452,#41521,#41590,#41642,#41694,#41747));
#41353=STYLED_ITEM('',(#34),#41354);
#41354=ADVANCED_FACE('',(#41360),#41355,.T.);
#41355=PLANE('',#41356);
#41356=AXIS2_PLACEMENT_3D('',#41357,#41358,#41359);
#41357=CARTESIAN_POINT('',(2.6,-3.601,0.0));
#41358=DIRECTION('',(0.0,0.0,1.0));
#41359=DIRECTION('',(0.,1.,0.));
#41360=FACE_OUTER_BOUND('',#41361,.T.);
#41361=EDGE_LOOP('',(#41362,#41372,#41382,#41392));
#41365=CARTESIAN_POINT('',(2.9,-3.601,0.0));
#41364=VERTEX_POINT('',#41365);
#41367=CARTESIAN_POINT('',(2.6,-3.601,0.0));
#41366=VERTEX_POINT('',#41367);
#41363=EDGE_CURVE('',#41364,#41366,#41368,.T.);
#41368=LINE('',#41365,#41370);
#41370=VECTOR('',#41371,0.299999908);
#41371=DIRECTION('',(-1.0,0.0,0.0));
#41362=ORIENTED_EDGE('',*,*,#41363,.F.);
#41375=CARTESIAN_POINT('',(2.9,-3.55,0.0));
#41374=VERTEX_POINT('',#41375);
#41373=EDGE_CURVE('',#41374,#41364,#41378,.T.);
#41378=LINE('',#41375,#41380);
#41380=VECTOR('',#41381,0.0507999991615081);
#41381=DIRECTION('',(0.0,-1.0,0.0));
#41372=ORIENTED_EDGE('',*,*,#41373,.F.);
#41385=CARTESIAN_POINT('',(2.6,-3.55,0.0));
#41384=VERTEX_POINT('',#41385);
#41383=EDGE_CURVE('',#41384,#41374,#41388,.T.);
#41388=LINE('',#41385,#41390);
#41390=VECTOR('',#41391,0.299999905845576);
#41391=DIRECTION('',(1.0,0.0,0.0));
#41382=ORIENTED_EDGE('',*,*,#41383,.F.);
#41393=EDGE_CURVE('',#41366,#41384,#41398,.T.);
#41398=LINE('',#41367,#41400);
#41400=VECTOR('',#41401,0.0507999991615084);
#41401=DIRECTION('',(0.0,1.0,0.0));
#41392=ORIENTED_EDGE('',*,*,#41393,.F.);
#41402=STYLED_ITEM('',(#34),#41403);
#41403=ADVANCED_FACE('',(#41409),#41404,.T.);
#41404=PLANE('',#41405);
#41405=AXIS2_PLACEMENT_3D('',#41406,#41407,#41408);
#41406=CARTESIAN_POINT('',(2.6,-3.601,0.0));
#41407=DIRECTION('',(1.0,0.0,0.0));
#41408=DIRECTION('',(0.,0.,1.));
#41409=FACE_OUTER_BOUND('',#41410,.T.);
#41410=EDGE_LOOP('',(#41411,#41421,#41431,#41441));
#41411=ORIENTED_EDGE('',*,*,#41363,.F.);
#41421=ORIENTED_EDGE('',*,*,#41363,.T.);
#41431=ORIENTED_EDGE('',*,*,#41363,.T.);
#41441=ORIENTED_EDGE('',*,*,#41363,.T.);
#41451=STYLED_ITEM('',(#34),#41452);
#41452=ADVANCED_FACE('',(#41458),#41453,.T.);
#41453=PLANE('',#41454);
#41454=AXIS2_PLACEMENT_3D('',#41455,#41456,#41457);
#41455=CARTESIAN_POINT('',(2.6,-3.601,0.0));
#41456=DIRECTION('',(1.0,0.0,0.0));
#41457=DIRECTION('',(0.,0.,1.));
#41458=FACE_OUTER_BOUND('',#41459,.T.);
#41459=EDGE_LOOP('',(#41460,#41470,#41480,#41490,#41500,#41510));
#41460=ORIENTED_EDGE('',*,*,#41363,.T.);
#41470=ORIENTED_EDGE('',*,*,#41393,.T.);
#41483=CARTESIAN_POINT('',(2.6,-3.55,0.051));
#41482=VERTEX_POINT('',#41483);
#41481=EDGE_CURVE('',#41482,#41384,#41486,.T.);
#41486=LINE('',#41483,#41488);
#41488=VECTOR('',#41489,0.0508);
#41489=DIRECTION('',(0.0,0.0,-1.0));
#41480=ORIENTED_EDGE('',*,*,#41481,.F.);
#41493=CARTESIAN_POINT('',(2.6,-3.25,0.051));
#41492=VERTEX_POINT('',#41493);
#41491=EDGE_CURVE('',#41492,#41482,#41496,.T.);
#41496=LINE('',#41493,#41498);
#41498=VECTOR('',#41499,0.300000921852187);
#41499=DIRECTION('',(0.0,-1.0,0.0));
#41490=ORIENTED_EDGE('',*,*,#41491,.F.);
#41503=CARTESIAN_POINT('',(2.6,-3.25,0.0));
#41502=VERTEX_POINT('',#41503);
#41501=EDGE_CURVE('',#41502,#41492,#41506,.T.);
#41506=LINE('',#41503,#41508);
#41508=VECTOR('',#41509,0.0508);
#41509=DIRECTION('',(0.0,0.0,1.0));
#41500=ORIENTED_EDGE('',*,*,#41501,.F.);
#41511=EDGE_CURVE('',#41366,#41502,#41516,.T.);
#41516=LINE('',#41367,#41518);
#41518=VECTOR('',#41519,0.350800921013696);
#41519=DIRECTION('',(0.0,1.0,0.0));
#41510=ORIENTED_EDGE('',*,*,#41511,.F.);
#41520=STYLED_ITEM('',(#34),#41521);
#41521=ADVANCED_FACE('',(#41527),#41522,.T.);
#41522=PLANE('',#41523);
#41523=AXIS2_PLACEMENT_3D('',#41524,#41525,#41526);
#41524=CARTESIAN_POINT('',(2.9,-3.25,0.0));
#41525=DIRECTION('',(1.0,0.0,0.0));
#41526=DIRECTION('',(0.,0.,1.));
#41527=FACE_OUTER_BOUND('',#41528,.T.);
#41528=EDGE_LOOP('',(#41529,#41539,#41549,#41559,#41569,#41579));
#41532=CARTESIAN_POINT('',(2.9,-3.25,0.051));
#41531=VERTEX_POINT('',#41532);
#41534=CARTESIAN_POINT('',(2.9,-3.25,0.0));
#41533=VERTEX_POINT('',#41534);
#41530=EDGE_CURVE('',#41531,#41533,#41535,.T.);
#41535=LINE('',#41532,#41537);
#41537=VECTOR('',#41538,0.0508);
#41538=DIRECTION('',(0.0,0.0,-1.0));
#41529=ORIENTED_EDGE('',*,*,#41530,.F.);
#41542=CARTESIAN_POINT('',(2.9,-3.55,0.051));
#41541=VERTEX_POINT('',#41542);
#41540=EDGE_CURVE('',#41541,#41531,#41545,.T.);
#41545=LINE('',#41542,#41547);
#41547=VECTOR('',#41548,0.300000921852187);
#41548=DIRECTION('',(0.0,1.0,0.0));
#41539=ORIENTED_EDGE('',*,*,#41540,.F.);
#41550=EDGE_CURVE('',#41374,#41541,#41555,.T.);
#41555=LINE('',#41375,#41557);
#41557=VECTOR('',#41558,0.0508);
#41558=DIRECTION('',(0.0,0.0,1.0));
#41549=ORIENTED_EDGE('',*,*,#41550,.F.);
#41559=ORIENTED_EDGE('',*,*,#41373,.T.);
#41569=ORIENTED_EDGE('',*,*,#41363,.T.);
#41580=EDGE_CURVE('',#41533,#41364,#41585,.T.);
#41585=LINE('',#41534,#41587);
#41587=VECTOR('',#41588,0.350800921013696);
#41588=DIRECTION('',(0.0,-1.0,0.0));
#41579=ORIENTED_EDGE('',*,*,#41580,.F.);
#41589=STYLED_ITEM('color',(#34),#41590);
#41590=ADVANCED_FACE($,(#41596),#41591,.T.);
#41591=PLANE($,#41592);
#41592=AXIS2_PLACEMENT_3D($,#41593,#41594,#41595);
#41593=CARTESIAN_POINT('',(2.6,-3.55,0.051));
#41594=DIRECTION('',(0.0,0.0,1.0));
#41595=DIRECTION('',(1.,0.,0.));
#41596=FACE_OUTER_BOUND($,#41597,.T.);
#41597=EDGE_LOOP($,(#41600, #41610, #41620, #41630));
#41600=ORIENTED_EDGE('',*,*,#41491,.T.);
#41611=EDGE_CURVE('',#41541,#41482,#41616,.T.);
#41616=LINE('',#41542,#41618);
#41618=VECTOR('',#41619,0.299999905845576);
#41619=DIRECTION('',(-1.0,0.0,0.0));
#41610=ORIENTED_EDGE('',*,*,#41611,.F.);
#41620=ORIENTED_EDGE('',*,*,#41540,.T.);
#41631=EDGE_CURVE($,#41492,#41531,#41636,.T.);
#41636=CIRCLE($,#41637,0.149999954);
#41638=CARTESIAN_POINT('',(2.75,-3.25,0.051));
#41637=AXIS2_PLACEMENT_3D($,#41638,#41639,#41640);
#41639=DIRECTION('',(0.0,0.0,-1.0));
#41640=DIRECTION('',(1.0,0.0,0.0));
#41630=ORIENTED_EDGE('',*,*,#41631,.F.);
#41641=STYLED_ITEM('color',(#34),#41642);
#41642=ADVANCED_FACE($,(#41648),#41643,.T.);
#41643=PLANE($,#41644);
#41644=AXIS2_PLACEMENT_3D($,#41645,#41646,#41647);
#41645=CARTESIAN_POINT('',(2.9,-3.25,0.0));
#41646=DIRECTION('',(0.0,0.0,-1.0));
#41647=DIRECTION('',(1.,0.,0.));
#41648=FACE_OUTER_BOUND($,#41649,.T.);
#41649=EDGE_LOOP($,(#41652, #41662, #41672, #41682));
#41652=ORIENTED_EDGE('',*,*,#41580,.T.);
#41662=ORIENTED_EDGE('',*,*,#41363,.T.);
#41672=ORIENTED_EDGE('',*,*,#41511,.T.);
#41683=EDGE_CURVE($,#41533,#41502,#41688,.T.);
#41688=CIRCLE($,#41689,0.149999954);
#41690=CARTESIAN_POINT('',(2.75,-3.25,0.0));
#41689=AXIS2_PLACEMENT_3D($,#41690,#41691,#41692);
#41691=DIRECTION('',(0.0,0.0,1.0));
#41692=DIRECTION('',(-1.0,0.0,0.0));
#41682=ORIENTED_EDGE('',*,*,#41683,.F.);
#41693=STYLED_ITEM('color',(#34),#41694);
#41694=ADVANCED_FACE($,(#41700),#41695,.T.);
#41695=CYLINDRICAL_SURFACE($,#41696,0.149999954);
#41696=AXIS2_PLACEMENT_3D($,#41697,#41698,#41699);
#41697=CARTESIAN_POINT('',(2.75,-3.25,0.0));
#41698=DIRECTION('',(0.,0.,1.));
#41699=DIRECTION('',(0.,1.,0.));
#41700=FACE_OUTER_BOUND($,#41701,.T.);
#41701=EDGE_LOOP($,(#41724, #41702, #41734, #41713));
#41724=ORIENTED_EDGE('',*,*,#41530,.T.);
#41702=ORIENTED_EDGE('',*,*,#41683,.T.);
#41734=ORIENTED_EDGE('',*,*,#41501,.T.);
#41713=ORIENTED_EDGE('',*,*,#41631,.T.);
#41746=STYLED_ITEM('',(#34),#41747);
#41747=ADVANCED_FACE('',(#41753),#41748,.T.);
#41748=PLANE('',#41749);
#41749=AXIS2_PLACEMENT_3D('',#41750,#41751,#41752);
#41750=CARTESIAN_POINT('',(2.6,-3.55,0.0));
#41751=DIRECTION('',(0.0,-1.0,0.0));
#41752=DIRECTION('',(0.,0.,1.));
#41753=FACE_OUTER_BOUND('',#41754,.T.);
#41754=EDGE_LOOP('',(#41755,#41765,#41775,#41785));
#41755=ORIENTED_EDGE('',*,*,#41383,.T.);
#41765=ORIENTED_EDGE('',*,*,#41550,.T.);
#41775=ORIENTED_EDGE('',*,*,#41611,.T.);
#41785=ORIENTED_EDGE('',*,*,#41481,.T.);
ENDSEC;
END-ISO-10303-21;
